ProductName,ProductID,Quantity,Tax,Sets,Paper Type,Sides Printed,PriceExpress,Production Days Express,PriceStandard,Production Days Standard,PriceSaver,Production Days Saver,PriceSameday,Production Days Sameday,Price Just Print,Price File Check,Price File Check with Proofing,Price File Assist,Artwork Tax,Size,Flat Width (mm),Flat Height (mm),Finished Width (mm),Finished Height (mm),productionDataJSON,updatedAt,Preflight,Express Sku,Standard Sku,Saver Sku,Same Day Sku
Comp slips,PRD-9N6IUQGM,250,0.2,2,100gsm Premium Smooth White Paper,Double Sided,22.55,3,20.5,4,18.45,6,N/A,N/A,0,5,13,30,0.2,1/3 A4 (DL),210,99,210,99,"{""Sets"":""2"",""Paper Type"":""100gsm Premium Smooth White Paper"",""Sides Printed"":""Double Sided""}",09/02/2022,Available,COM-607-571-555-512-EXPRESS,COM-607-571-555-512-STANDARD,COM-607-571-555-512-SAVER,N/A
Comp slips,PRD-9N6IUQGM,500,0.2,2,100gsm Premium Smooth White Paper,Double Sided,26.92,3,24.47,4,22.02,6,N/A,N/A,0,5,13,30,0.2,1/3 A4 (DL),210,99,210,99,"{""Sets"":""2"",""Paper Type"":""100gsm Premium Smooth White Paper"",""Sides Printed"":""Double Sided""}",09/02/2022,Available,COM-607-571-555-512-EXPRESS,COM-607-571-555-512-STANDARD,COM-607-571-555-512-SAVER,N/A
Comp slips,PRD-9N6IUQGM,1000,0.2,2,100gsm Premium Smooth White Paper,Double Sided,32.21,3,29.28,4,26.35,6,N/A,N/A,0,5,13,30,0.2,1/3 A4 (DL),210,99,210,99,"{""Sets"":""2"",""Paper Type"":""100gsm Premium Smooth White Paper"",""Sides Printed"":""Double Sided""}",09/02/2022,Available,COM-607-571-555-512-EXPRESS,COM-607-571-555-512-STANDARD,COM-607-571-555-512-SAVER,N/A
Comp slips,PRD-9N6IUQGM,2000,0.2,2,100gsm Premium Smooth White Paper,Double Sided,34.65,3,31.5,4,28.35,6,N/A,N/A,0,5,13,30,0.2,1/3 A4 (DL),210,99,210,99,"{""Sets"":""2"",""Paper Type"":""100gsm Premium Smooth White Paper"",""Sides Printed"":""Double Sided""}",09/02/2022,Available,COM-607-571-555-512-EXPRESS,COM-607-571-555-512-STANDARD,COM-607-571-555-512-SAVER,N/A
Comp slips,PRD-9N6IUQGM,2500,0.2,2,100gsm Premium Smooth White Paper,Double Sided,35.75,3,32.5,4,29.25,6,N/A,N/A,0,5,13,30,0.2,1/3 A4 (DL),210,99,210,99,"{""Sets"":""2"",""Paper Type"":""100gsm Premium Smooth White Paper"",""Sides Printed"":""Double Sided""}",09/02/2022,Available,COM-607-571-555-512-EXPRESS,COM-607-571-555-512-STANDARD,COM-607-571-555-512-SAVER,N/A
Comp slips,PRD-9N6IUQGM,5000,0.2,2,100gsm Premium Smooth White Paper,Double Sided,47.19,3,42.9,4,38.61,6,N/A,N/A,0,5,13,30,0.2,1/3 A4 (DL),210,99,210,99,"{""Sets"":""2"",""Paper Type"":""100gsm Premium Smooth White Paper"",""Sides Printed"":""Double Sided""}",09/02/2022,Available,COM-607-571-555-512-EXPRESS,COM-607-571-555-512-STANDARD,COM-607-571-555-512-SAVER,N/A
Comp slips,PRD-9N6IUQGM,7500,0.2,2,100gsm Premium Smooth White Paper,Double Sided,75.14,3,68.31,4,61.48,6,N/A,N/A,0,5,13,30,0.2,1/3 A4 (DL),210,99,210,99,"{""Sets"":""2"",""Paper Type"":""100gsm Premium Smooth White Paper"",""Sides Printed"":""Double Sided""}",09/02/2022,Available,COM-607-571-555-512-EXPRESS,COM-607-571-555-512-STANDARD,COM-607-571-555-512-SAVER,N/A
Comp slips,PRD-9N6IUQGM,10000,0.2,2,100gsm Premium Smooth White Paper,Double Sided,87.12,3,79.2,4,71.28,6,N/A,N/A,0,5,13,30,0.2,1/3 A4 (DL),210,99,210,99,"{""Sets"":""2"",""Paper Type"":""100gsm Premium Smooth White Paper"",""Sides Printed"":""Double Sided""}",09/02/2022,Available,COM-607-571-555-512-EXPRESS,COM-607-571-555-512-STANDARD,COM-607-571-555-512-SAVER,N/A
Comp slips,PRD-9N6IUQGM,12500,0.2,2,100gsm Premium Smooth White Paper,Double Sided,117.98,3,107.25,4,96.52,6,N/A,N/A,0,5,13,30,0.2,1/3 A4 (DL),210,99,210,99,"{""Sets"":""2"",""Paper Type"":""100gsm Premium Smooth White Paper"",""Sides Printed"":""Double Sided""}",09/02/2022,Available,COM-607-571-555-512-EXPRESS,COM-607-571-555-512-STANDARD,COM-607-571-555-512-SAVER,N/A
Comp slips,PRD-9N6IUQGM,15000,0.2,2,100gsm Premium Smooth White Paper,Double Sided,123.77,3,112.52,4,101.27,6,N/A,N/A,0,5,13,30,0.2,1/3 A4 (DL),210,99,210,99,"{""Sets"":""2"",""Paper Type"":""100gsm Premium Smooth White Paper"",""Sides Printed"":""Double Sided""}",09/02/2022,Available,COM-607-571-555-512-EXPRESS,COM-607-571-555-512-STANDARD,COM-607-571-555-512-SAVER,N/A
Comp slips,PRD-9N6IUQGM,20000,0.2,2,100gsm Premium Smooth White Paper,Double Sided,158.51,3,144.1,4,129.69,6,N/A,N/A,0,5,13,30,0.2,1/3 A4 (DL),210,99,210,99,"{""Sets"":""2"",""Paper Type"":""100gsm Premium Smooth White Paper"",""Sides Printed"":""Double Sided""}",09/02/2022,Available,COM-607-571-555-512-EXPRESS,COM-607-571-555-512-STANDARD,COM-607-571-555-512-SAVER,N/A
Comp slips,PRD-9N6IUQGM,25000,0.2,2,100gsm Premium Smooth White Paper,Double Sided,204.08,3,185.53,4,166.98,6,N/A,N/A,0,5,13,30,0.2,1/3 A4 (DL),210,99,210,99,"{""Sets"":""2"",""Paper Type"":""100gsm Premium Smooth White Paper"",""Sides Printed"":""Double Sided""}",09/02/2022,Available,COM-607-571-555-512-EXPRESS,COM-607-571-555-512-STANDARD,COM-607-571-555-512-SAVER,N/A
Comp slips,PRD-9N6IUQGM,30000,0.2,2,100gsm Premium Smooth White Paper,Double Sided,221.61,3,201.46,4,181.31,6,N/A,N/A,0,5,13,30,0.2,1/3 A4 (DL),210,99,210,99,"{""Sets"":""2"",""Paper Type"":""100gsm Premium Smooth White Paper"",""Sides Printed"":""Double Sided""}",09/02/2022,Available,COM-607-571-555-512-EXPRESS,COM-607-571-555-512-STANDARD,COM-607-571-555-512-SAVER,N/A
Comp slips,PRD-9N6IUQGM,35000,0.2,2,100gsm Premium Smooth White Paper,Double Sided,260.81,3,237.1,4,213.39,6,N/A,N/A,0,5,13,30,0.2,1/3 A4 (DL),210,99,210,99,"{""Sets"":""2"",""Paper Type"":""100gsm Premium Smooth White Paper"",""Sides Printed"":""Double Sided""}",09/02/2022,Available,COM-607-571-555-512-EXPRESS,COM-607-571-555-512-STANDARD,COM-607-571-555-512-SAVER,N/A
Comp slips,PRD-9N6IUQGM,40000,0.2,2,100gsm Premium Smooth White Paper,Double Sided,290.55,3,264.14,4,237.73,6,N/A,N/A,0,5,13,30,0.2,1/3 A4 (DL),210,99,210,99,"{""Sets"":""2"",""Paper Type"":""100gsm Premium Smooth White Paper"",""Sides Printed"":""Double Sided""}",09/02/2022,Available,COM-607-571-555-512-EXPRESS,COM-607-571-555-512-STANDARD,COM-607-571-555-512-SAVER,N/A
Comp slips,PRD-9N6IUQGM,45000,0.2,2,100gsm Premium Smooth White Paper,Double Sided,329.76,3,299.78,4,269.8,6,N/A,N/A,0,5,13,30,0.2,1/3 A4 (DL),210,99,210,99,"{""Sets"":""2"",""Paper Type"":""100gsm Premium Smooth White Paper"",""Sides Printed"":""Double Sided""}",09/02/2022,Available,COM-607-571-555-512-EXPRESS,COM-607-571-555-512-STANDARD,COM-607-571-555-512-SAVER,N/A
Comp slips,PRD-9N6IUQGM,50000,0.2,2,100gsm Premium Smooth White Paper,Double Sided,343.04,3,311.85,4,280.66,6,N/A,N/A,0,5,13,30,0.2,1/3 A4 (DL),210,99,210,99,"{""Sets"":""2"",""Paper Type"":""100gsm Premium Smooth White Paper"",""Sides Printed"":""Double Sided""}",09/02/2022,Available,COM-607-571-555-512-EXPRESS,COM-607-571-555-512-STANDARD,COM-607-571-555-512-SAVER,N/A
Comp slips,PRD-9N6IUQGM,55000,0.2,2,100gsm Premium Smooth White Paper,Double Sided,445.5,4,405,5,364.5,7,N/A,N/A,0,5,13,30,0.2,1/3 A4 (DL),210,99,210,99,"{""Sets"":""2"",""Paper Type"":""100gsm Premium Smooth White Paper"",""Sides Printed"":""Double Sided""}",09/02/2022,Available,COM-607-571-555-512-EXPRESS,COM-607-571-555-512-STANDARD,COM-607-571-555-512-SAVER,N/A
Comp slips,PRD-9N6IUQGM,60000,0.2,2,100gsm Premium Smooth White Paper,Double Sided,465.7,4,423.36,5,381.02,7,N/A,N/A,0,5,13,30,0.2,1/3 A4 (DL),210,99,210,99,"{""Sets"":""2"",""Paper Type"":""100gsm Premium Smooth White Paper"",""Sides Printed"":""Double Sided""}",09/02/2022,Available,COM-607-571-555-512-EXPRESS,COM-607-571-555-512-STANDARD,COM-607-571-555-512-SAVER,N/A
Comp slips,PRD-9N6IUQGM,65000,0.2,2,100gsm Premium Smooth White Paper,Double Sided,506.68,4,460.62,5,414.56,7,N/A,N/A,0,5,13,30,0.2,1/3 A4 (DL),210,99,210,99,"{""Sets"":""2"",""Paper Type"":""100gsm Premium Smooth White Paper"",""Sides Printed"":""Double Sided""}",09/02/2022,Available,COM-607-571-555-512-EXPRESS,COM-607-571-555-512-STANDARD,COM-607-571-555-512-SAVER,N/A
Comp slips,PRD-9N6IUQGM,70000,0.2,2,100gsm Premium Smooth White Paper,Double Sided,547.67,4,497.88,5,448.09,7,N/A,N/A,0,5,13,30,0.2,1/3 A4 (DL),210,99,210,99,"{""Sets"":""2"",""Paper Type"":""100gsm Premium Smooth White Paper"",""Sides Printed"":""Double Sided""}",09/02/2022,Available,COM-607-571-555-512-EXPRESS,COM-607-571-555-512-STANDARD,COM-607-571-555-512-SAVER,N/A
Comp slips,PRD-9N6IUQGM,75000,0.2,2,100gsm Premium Smooth White Paper,Double Sided,553.61,4,503.28,5,452.95,7,N/A,N/A,0,5,13,30,0.2,1/3 A4 (DL),210,99,210,99,"{""Sets"":""2"",""Paper Type"":""100gsm Premium Smooth White Paper"",""Sides Printed"":""Double Sided""}",09/02/2022,Available,COM-607-571-555-512-EXPRESS,COM-607-571-555-512-STANDARD,COM-607-571-555-512-SAVER,N/A
Comp slips,PRD-9N6IUQGM,80000,0.2,2,100gsm Premium Smooth White Paper,Double Sided,595.19,4,541.08,5,486.97,7,N/A,N/A,0,5,13,30,0.2,1/3 A4 (DL),210,99,210,99,"{""Sets"":""2"",""Paper Type"":""100gsm Premium Smooth White Paper"",""Sides Printed"":""Double Sided""}",09/02/2022,Available,COM-607-571-555-512-EXPRESS,COM-607-571-555-512-STANDARD,COM-607-571-555-512-SAVER,N/A
Comp slips,PRD-9N6IUQGM,85000,0.2,2,100gsm Premium Smooth White Paper,Double Sided,636.77,4,578.88,5,520.99,7,N/A,N/A,0,5,13,30,0.2,1/3 A4 (DL),210,99,210,99,"{""Sets"":""2"",""Paper Type"":""100gsm Premium Smooth White Paper"",""Sides Printed"":""Double Sided""}",09/02/2022,Available,COM-607-571-555-512-EXPRESS,COM-607-571-555-512-STANDARD,COM-607-571-555-512-SAVER,N/A
Comp slips,PRD-9N6IUQGM,90000,0.2,2,100gsm Premium Smooth White Paper,Double Sided,642.71,4,584.28,5,525.85,7,N/A,N/A,0,5,13,30,0.2,1/3 A4 (DL),210,99,210,99,"{""Sets"":""2"",""Paper Type"":""100gsm Premium Smooth White Paper"",""Sides Printed"":""Double Sided""}",09/02/2022,Available,COM-607-571-555-512-EXPRESS,COM-607-571-555-512-STANDARD,COM-607-571-555-512-SAVER,N/A
Comp slips,PRD-9N6IUQGM,95000,0.2,2,100gsm Premium Smooth White Paper,Double Sided,677.75,4,616.14,5,554.53,7,N/A,N/A,0,5,13,30,0.2,1/3 A4 (DL),210,99,210,99,"{""Sets"":""2"",""Paper Type"":""100gsm Premium Smooth White Paper"",""Sides Printed"":""Double Sided""}",09/02/2022,Available,COM-607-571-555-512-EXPRESS,COM-607-571-555-512-STANDARD,COM-607-571-555-512-SAVER,N/A
Comp slips,PRD-9N6IUQGM,100000,0.2,2,100gsm Premium Smooth White Paper,Double Sided,718.74,4,653.4,5,588.06,7,N/A,N/A,0,5,13,30,0.2,1/3 A4 (DL),210,99,210,99,"{""Sets"":""2"",""Paper Type"":""100gsm Premium Smooth White Paper"",""Sides Printed"":""Double Sided""}",09/02/2022,Available,COM-607-571-555-512-EXPRESS,COM-607-571-555-512-STANDARD,COM-607-571-555-512-SAVER,N/A
Comp slips,PRD-9N6IUQGM,250,0.2,2,100gsm Premium Smooth White Paper,Single Sided,18.79,1,17.08,2,15.37,4,N/A,N/A,0,5,13,30,0.2,1/3 A4 (DL),210,99,210,99,"{""Sets"":""2"",""Paper Type"":""100gsm Premium Smooth White Paper"",""Sides Printed"":""Single Sided""}",09/02/2022,Available,COM-567-565-518-503-EXPRESS,COM-567-565-518-503-STANDARD,COM-567-565-518-503-SAVER,N/A
Comp slips,PRD-9N6IUQGM,500,0.2,2,100gsm Premium Smooth White Paper,Single Sided,22.43,1,20.39,2,18.35,4,N/A,N/A,0,5,13,30,0.2,1/3 A4 (DL),210,99,210,99,"{""Sets"":""2"",""Paper Type"":""100gsm Premium Smooth White Paper"",""Sides Printed"":""Single Sided""}",09/02/2022,Available,COM-567-565-518-503-EXPRESS,COM-567-565-518-503-STANDARD,COM-567-565-518-503-SAVER,N/A
Comp slips,PRD-9N6IUQGM,1000,0.2,2,100gsm Premium Smooth White Paper,Single Sided,24.95,1,22.68,2,20.41,4,N/A,N/A,0,5,13,30,0.2,1/3 A4 (DL),210,99,210,99,"{""Sets"":""2"",""Paper Type"":""100gsm Premium Smooth White Paper"",""Sides Printed"":""Single Sided""}",09/02/2022,Available,COM-567-565-518-503-EXPRESS,COM-567-565-518-503-STANDARD,COM-567-565-518-503-SAVER,N/A
Comp slips,PRD-9N6IUQGM,2000,0.2,2,100gsm Premium Smooth White Paper,Single Sided,27.72,1,25.2,2,22.68,4,N/A,N/A,0,5,13,30,0.2,1/3 A4 (DL),210,99,210,99,"{""Sets"":""2"",""Paper Type"":""100gsm Premium Smooth White Paper"",""Sides Printed"":""Single Sided""}",09/02/2022,Available,COM-567-565-518-503-EXPRESS,COM-567-565-518-503-STANDARD,COM-567-565-518-503-SAVER,N/A
Comp slips,PRD-9N6IUQGM,2500,0.2,2,100gsm Premium Smooth White Paper,Single Sided,28.6,1,26,2,23.4,4,N/A,N/A,0,5,13,30,0.2,1/3 A4 (DL),210,99,210,99,"{""Sets"":""2"",""Paper Type"":""100gsm Premium Smooth White Paper"",""Sides Printed"":""Single Sided""}",09/02/2022,Available,COM-567-565-518-503-EXPRESS,COM-567-565-518-503-STANDARD,COM-567-565-518-503-SAVER,N/A
Comp slips,PRD-9N6IUQGM,5000,0.2,2,100gsm Premium Smooth White Paper,Single Sided,42.9,1,39,2,35.1,4,N/A,N/A,0,5,13,30,0.2,1/3 A4 (DL),210,99,210,99,"{""Sets"":""2"",""Paper Type"":""100gsm Premium Smooth White Paper"",""Sides Printed"":""Single Sided""}",09/02/2022,Available,COM-567-565-518-503-EXPRESS,COM-567-565-518-503-STANDARD,COM-567-565-518-503-SAVER,N/A
Comp slips,PRD-9N6IUQGM,7500,0.2,2,100gsm Premium Smooth White Paper,Single Sided,68.31,1,62.1,2,55.89,4,N/A,N/A,0,5,13,30,0.2,1/3 A4 (DL),210,99,210,99,"{""Sets"":""2"",""Paper Type"":""100gsm Premium Smooth White Paper"",""Sides Printed"":""Single Sided""}",09/02/2022,Available,COM-567-565-518-503-EXPRESS,COM-567-565-518-503-STANDARD,COM-567-565-518-503-SAVER,N/A
Comp slips,PRD-9N6IUQGM,10000,0.2,2,100gsm Premium Smooth White Paper,Single Sided,79.2,1,72,2,64.8,4,N/A,N/A,0,5,13,30,0.2,1/3 A4 (DL),210,99,210,99,"{""Sets"":""2"",""Paper Type"":""100gsm Premium Smooth White Paper"",""Sides Printed"":""Single Sided""}",09/02/2022,Available,COM-567-565-518-503-EXPRESS,COM-567-565-518-503-STANDARD,COM-567-565-518-503-SAVER,N/A
Comp slips,PRD-9N6IUQGM,12500,0.2,2,100gsm Premium Smooth White Paper,Single Sided,107.25,1,97.5,2,87.75,4,N/A,N/A,0,5,13,30,0.2,1/3 A4 (DL),210,99,210,99,"{""Sets"":""2"",""Paper Type"":""100gsm Premium Smooth White Paper"",""Sides Printed"":""Single Sided""}",09/02/2022,Available,COM-567-565-518-503-EXPRESS,COM-567-565-518-503-STANDARD,COM-567-565-518-503-SAVER,N/A
Comp slips,PRD-9N6IUQGM,15000,0.2,2,100gsm Premium Smooth White Paper,Single Sided,112.52,1,102.29,2,92.06,4,N/A,N/A,0,5,13,30,0.2,1/3 A4 (DL),210,99,210,99,"{""Sets"":""2"",""Paper Type"":""100gsm Premium Smooth White Paper"",""Sides Printed"":""Single Sided""}",09/02/2022,Available,COM-567-565-518-503-EXPRESS,COM-567-565-518-503-STANDARD,COM-567-565-518-503-SAVER,N/A
Comp slips,PRD-9N6IUQGM,20000,0.2,2,100gsm Premium Smooth White Paper,Single Sided,144.1,1,131,2,117.9,4,N/A,N/A,0,5,13,30,0.2,1/3 A4 (DL),210,99,210,99,"{""Sets"":""2"",""Paper Type"":""100gsm Premium Smooth White Paper"",""Sides Printed"":""Single Sided""}",09/02/2022,Available,COM-567-565-518-503-EXPRESS,COM-567-565-518-503-STANDARD,COM-567-565-518-503-SAVER,N/A
Comp slips,PRD-9N6IUQGM,25000,0.2,2,100gsm Premium Smooth White Paper,Single Sided,185.53,1,168.66,2,151.79,4,N/A,N/A,0,5,13,30,0.2,1/3 A4 (DL),210,99,210,99,"{""Sets"":""2"",""Paper Type"":""100gsm Premium Smooth White Paper"",""Sides Printed"":""Single Sided""}",09/02/2022,Available,COM-567-565-518-503-EXPRESS,COM-567-565-518-503-STANDARD,COM-567-565-518-503-SAVER,N/A
Comp slips,PRD-9N6IUQGM,30000,0.2,2,100gsm Premium Smooth White Paper,Single Sided,201.45,1,183.14,2,164.83,4,N/A,N/A,0,5,13,30,0.2,1/3 A4 (DL),210,99,210,99,"{""Sets"":""2"",""Paper Type"":""100gsm Premium Smooth White Paper"",""Sides Printed"":""Single Sided""}",09/02/2022,Available,COM-567-565-518-503-EXPRESS,COM-567-565-518-503-STANDARD,COM-567-565-518-503-SAVER,N/A
Comp slips,PRD-9N6IUQGM,35000,0.2,2,100gsm Premium Smooth White Paper,Single Sided,237.09,1,215.54,2,193.99,4,N/A,N/A,0,5,13,30,0.2,1/3 A4 (DL),210,99,210,99,"{""Sets"":""2"",""Paper Type"":""100gsm Premium Smooth White Paper"",""Sides Printed"":""Single Sided""}",09/02/2022,Available,COM-567-565-518-503-EXPRESS,COM-567-565-518-503-STANDARD,COM-567-565-518-503-SAVER,N/A
Comp slips,PRD-9N6IUQGM,40000,0.2,2,100gsm Premium Smooth White Paper,Single Sided,264.14,1,240.13,2,216.12,4,N/A,N/A,0,5,13,30,0.2,1/3 A4 (DL),210,99,210,99,"{""Sets"":""2"",""Paper Type"":""100gsm Premium Smooth White Paper"",""Sides Printed"":""Single Sided""}",09/02/2022,Available,COM-567-565-518-503-EXPRESS,COM-567-565-518-503-STANDARD,COM-567-565-518-503-SAVER,N/A
Comp slips,PRD-9N6IUQGM,45000,0.2,2,100gsm Premium Smooth White Paper,Single Sided,299.78,1,272.53,2,245.28,4,N/A,N/A,0,5,13,30,0.2,1/3 A4 (DL),210,99,210,99,"{""Sets"":""2"",""Paper Type"":""100gsm Premium Smooth White Paper"",""Sides Printed"":""Single Sided""}",09/02/2022,Available,COM-567-565-518-503-EXPRESS,COM-567-565-518-503-STANDARD,COM-567-565-518-503-SAVER,N/A
Comp slips,PRD-9N6IUQGM,50000,0.2,2,100gsm Premium Smooth White Paper,Single Sided,311.85,1,283.5,2,255.15,4,N/A,N/A,0,5,13,30,0.2,1/3 A4 (DL),210,99,210,99,"{""Sets"":""2"",""Paper Type"":""100gsm Premium Smooth White Paper"",""Sides Printed"":""Single Sided""}",09/02/2022,Available,COM-567-565-518-503-EXPRESS,COM-567-565-518-503-STANDARD,COM-567-565-518-503-SAVER,N/A
Comp slips,PRD-9N6IUQGM,55000,0.2,2,100gsm Premium Smooth White Paper,Single Sided,366.41,2,333.1,3,299.79,5,N/A,N/A,0,5,13,30,0.2,1/3 A4 (DL),210,99,210,99,"{""Sets"":""2"",""Paper Type"":""100gsm Premium Smooth White Paper"",""Sides Printed"":""Single Sided""}",09/02/2022,Available,COM-567-565-518-503-EXPRESS,COM-567-565-518-503-STANDARD,COM-567-565-518-503-SAVER,N/A
Comp slips,PRD-9N6IUQGM,60000,0.2,2,100gsm Premium Smooth White Paper,Single Sided,371.03,2,337.3,3,303.57,5,N/A,N/A,0,5,13,30,0.2,1/3 A4 (DL),210,99,210,99,"{""Sets"":""2"",""Paper Type"":""100gsm Premium Smooth White Paper"",""Sides Printed"":""Single Sided""}",09/02/2022,Available,COM-567-565-518-503-EXPRESS,COM-567-565-518-503-STANDARD,COM-567-565-518-503-SAVER,N/A
Comp slips,PRD-9N6IUQGM,65000,0.2,2,100gsm Premium Smooth White Paper,Single Sided,402.93,2,366.3,3,329.67,5,N/A,N/A,0,5,13,30,0.2,1/3 A4 (DL),210,99,210,99,"{""Sets"":""2"",""Paper Type"":""100gsm Premium Smooth White Paper"",""Sides Printed"":""Single Sided""}",09/02/2022,Available,COM-567-565-518-503-EXPRESS,COM-567-565-518-503-STANDARD,COM-567-565-518-503-SAVER,N/A
Comp slips,PRD-9N6IUQGM,70000,0.2,2,100gsm Premium Smooth White Paper,Single Sided,434.83,2,395.3,3,355.77,5,N/A,N/A,0,5,13,30,0.2,1/3 A4 (DL),210,99,210,99,"{""Sets"":""2"",""Paper Type"":""100gsm Premium Smooth White Paper"",""Sides Printed"":""Single Sided""}",09/02/2022,Available,COM-567-565-518-503-EXPRESS,COM-567-565-518-503-STANDARD,COM-567-565-518-503-SAVER,N/A
Comp slips,PRD-9N6IUQGM,75000,0.2,2,100gsm Premium Smooth White Paper,Single Sided,439.45,2,399.5,3,359.55,5,N/A,N/A,0,5,13,30,0.2,1/3 A4 (DL),210,99,210,99,"{""Sets"":""2"",""Paper Type"":""100gsm Premium Smooth White Paper"",""Sides Printed"":""Single Sided""}",09/02/2022,Available,COM-567-565-518-503-EXPRESS,COM-567-565-518-503-STANDARD,COM-567-565-518-503-SAVER,N/A
Comp slips,PRD-9N6IUQGM,80000,0.2,2,100gsm Premium Smooth White Paper,Single Sided,471.35,2,428.5,3,385.65,5,N/A,N/A,0,5,13,30,0.2,1/3 A4 (DL),210,99,210,99,"{""Sets"":""2"",""Paper Type"":""100gsm Premium Smooth White Paper"",""Sides Printed"":""Single Sided""}",09/02/2022,Available,COM-567-565-518-503-EXPRESS,COM-567-565-518-503-STANDARD,COM-567-565-518-503-SAVER,N/A
Comp slips,PRD-9N6IUQGM,85000,0.2,2,100gsm Premium Smooth White Paper,Single Sided,503.25,2,457.5,3,411.75,5,N/A,N/A,0,5,13,30,0.2,1/3 A4 (DL),210,99,210,99,"{""Sets"":""2"",""Paper Type"":""100gsm Premium Smooth White Paper"",""Sides Printed"":""Single Sided""}",09/02/2022,Available,COM-567-565-518-503-EXPRESS,COM-567-565-518-503-STANDARD,COM-567-565-518-503-SAVER,N/A
Comp slips,PRD-9N6IUQGM,90000,0.2,2,100gsm Premium Smooth White Paper,Single Sided,507.87,2,461.7,3,415.53,5,N/A,N/A,0,5,13,30,0.2,1/3 A4 (DL),210,99,210,99,"{""Sets"":""2"",""Paper Type"":""100gsm Premium Smooth White Paper"",""Sides Printed"":""Single Sided""}",09/02/2022,Available,COM-567-565-518-503-EXPRESS,COM-567-565-518-503-STANDARD,COM-567-565-518-503-SAVER,N/A
Comp slips,PRD-9N6IUQGM,95000,0.2,2,100gsm Premium Smooth White Paper,Single Sided,539.77,2,490.7,3,441.63,5,N/A,N/A,0,5,13,30,0.2,1/3 A4 (DL),210,99,210,99,"{""Sets"":""2"",""Paper Type"":""100gsm Premium Smooth White Paper"",""Sides Printed"":""Single Sided""}",09/02/2022,Available,COM-567-565-518-503-EXPRESS,COM-567-565-518-503-STANDARD,COM-567-565-518-503-SAVER,N/A
Comp slips,PRD-9N6IUQGM,100000,0.2,2,100gsm Premium Smooth White Paper,Single Sided,571.67,2,519.7,3,467.73,5,N/A,N/A,0,5,13,30,0.2,1/3 A4 (DL),210,99,210,99,"{""Sets"":""2"",""Paper Type"":""100gsm Premium Smooth White Paper"",""Sides Printed"":""Single Sided""}",09/02/2022,Available,COM-567-565-518-503-EXPRESS,COM-567-565-518-503-STANDARD,COM-567-565-518-503-SAVER,N/A
Comp slips,PRD-9N6IUQGM,250,0.2,1,120gsm Premium Smooth White Paper,Double Sided,25.06,3,22.78,4,20.5,6,N/A,N/A,0,5,13,30,0.2,1/3 A4 (DL),210,99,210,99,"{""Sets"":""1"",""Paper Type"":""120gsm Premium Smooth White Paper"",""Sides Printed"":""Double Sided""}",09/02/2022,Available,COM-408-613-605-508-EXPRESS,COM-408-613-605-508-STANDARD,COM-408-613-605-508-SAVER,N/A
Comp slips,PRD-9N6IUQGM,500,0.2,1,120gsm Premium Smooth White Paper,Double Sided,29.91,3,27.19,4,24.47,6,N/A,N/A,0,5,13,30,0.2,1/3 A4 (DL),210,99,210,99,"{""Sets"":""1"",""Paper Type"":""120gsm Premium Smooth White Paper"",""Sides Printed"":""Double Sided""}",09/02/2022,Available,COM-408-613-605-508-EXPRESS,COM-408-613-605-508-STANDARD,COM-408-613-605-508-SAVER,N/A
Comp slips,PRD-9N6IUQGM,1000,0.2,1,120gsm Premium Smooth White Paper,Double Sided,33.26,3,30.24,4,27.22,6,N/A,N/A,0,5,13,30,0.2,1/3 A4 (DL),210,99,210,99,"{""Sets"":""1"",""Paper Type"":""120gsm Premium Smooth White Paper"",""Sides Printed"":""Double Sided""}",09/02/2022,Available,COM-408-613-605-508-EXPRESS,COM-408-613-605-508-STANDARD,COM-408-613-605-508-SAVER,N/A
Comp slips,PRD-9N6IUQGM,2000,0.2,1,120gsm Premium Smooth White Paper,Double Sided,38.5,3,35,4,31.5,6,N/A,N/A,0,5,13,30,0.2,1/3 A4 (DL),210,99,210,99,"{""Sets"":""1"",""Paper Type"":""120gsm Premium Smooth White Paper"",""Sides Printed"":""Double Sided""}",09/02/2022,Available,COM-408-613-605-508-EXPRESS,COM-408-613-605-508-STANDARD,COM-408-613-605-508-SAVER,N/A
Comp slips,PRD-9N6IUQGM,2500,0.2,1,120gsm Premium Smooth White Paper,Double Sided,41.25,3,37.5,4,33.75,6,N/A,N/A,0,5,13,30,0.2,1/3 A4 (DL),210,99,210,99,"{""Sets"":""1"",""Paper Type"":""120gsm Premium Smooth White Paper"",""Sides Printed"":""Double Sided""}",09/02/2022,Available,COM-408-613-605-508-EXPRESS,COM-408-613-605-508-STANDARD,COM-408-613-605-508-SAVER,N/A
Comp slips,PRD-9N6IUQGM,5000,0.2,1,120gsm Premium Smooth White Paper,Double Sided,53.68,3,48.8,4,43.92,6,N/A,N/A,0,5,13,30,0.2,1/3 A4 (DL),210,99,210,99,"{""Sets"":""1"",""Paper Type"":""120gsm Premium Smooth White Paper"",""Sides Printed"":""Double Sided""}",09/02/2022,Available,COM-408-613-605-508-EXPRESS,COM-408-613-605-508-STANDARD,COM-408-613-605-508-SAVER,N/A
Comp slips,PRD-9N6IUQGM,7500,0.2,1,120gsm Premium Smooth White Paper,Double Sided,87.28,3,79.35,4,71.41,6,N/A,N/A,0,5,13,30,0.2,1/3 A4 (DL),210,99,210,99,"{""Sets"":""1"",""Paper Type"":""120gsm Premium Smooth White Paper"",""Sides Printed"":""Double Sided""}",09/02/2022,Available,COM-408-613-605-508-EXPRESS,COM-408-613-605-508-STANDARD,COM-408-613-605-508-SAVER,N/A
Comp slips,PRD-9N6IUQGM,10000,0.2,1,120gsm Premium Smooth White Paper,Double Sided,102.85,3,93.5,4,84.15,6,N/A,N/A,0,5,13,30,0.2,1/3 A4 (DL),210,99,210,99,"{""Sets"":""1"",""Paper Type"":""120gsm Premium Smooth White Paper"",""Sides Printed"":""Double Sided""}",09/02/2022,Available,COM-408-613-605-508-EXPRESS,COM-408-613-605-508-STANDARD,COM-408-613-605-508-SAVER,N/A
Comp slips,PRD-9N6IUQGM,12500,0.2,1,120gsm Premium Smooth White Paper,Double Sided,132.84,3,120.76,4,108.68,6,N/A,N/A,0,5,13,30,0.2,1/3 A4 (DL),210,99,210,99,"{""Sets"":""1"",""Paper Type"":""120gsm Premium Smooth White Paper"",""Sides Printed"":""Double Sided""}",09/02/2022,Available,COM-408-613-605-508-EXPRESS,COM-408-613-605-508-STANDARD,COM-408-613-605-508-SAVER,N/A
Comp slips,PRD-9N6IUQGM,15000,0.2,1,120gsm Premium Smooth White Paper,Double Sided,137.53,3,125.03,4,112.53,6,N/A,N/A,0,5,13,30,0.2,1/3 A4 (DL),210,99,210,99,"{""Sets"":""1"",""Paper Type"":""120gsm Premium Smooth White Paper"",""Sides Printed"":""Double Sided""}",09/02/2022,Available,COM-408-613-605-508-EXPRESS,COM-408-613-605-508-STANDARD,COM-408-613-605-508-SAVER,N/A
Comp slips,PRD-9N6IUQGM,20000,0.2,1,120gsm Premium Smooth White Paper,Double Sided,176.13,3,160.12,4,144.11,6,N/A,N/A,0,5,13,30,0.2,1/3 A4 (DL),210,99,210,99,"{""Sets"":""1"",""Paper Type"":""120gsm Premium Smooth White Paper"",""Sides Printed"":""Double Sided""}",09/02/2022,Available,COM-408-613-605-508-EXPRESS,COM-408-613-605-508-STANDARD,COM-408-613-605-508-SAVER,N/A
Comp slips,PRD-9N6IUQGM,25000,0.2,1,120gsm Premium Smooth White Paper,Double Sided,226.75,3,206.14,4,185.53,6,N/A,N/A,0,5,13,30,0.2,1/3 A4 (DL),210,99,210,99,"{""Sets"":""1"",""Paper Type"":""120gsm Premium Smooth White Paper"",""Sides Printed"":""Double Sided""}",09/02/2022,Available,COM-408-613-605-508-EXPRESS,COM-408-613-605-508-STANDARD,COM-408-613-605-508-SAVER,N/A
Comp slips,PRD-9N6IUQGM,30000,0.2,1,120gsm Premium Smooth White Paper,Double Sided,246.22,3,223.84,4,201.46,6,N/A,N/A,0,5,13,30,0.2,1/3 A4 (DL),210,99,210,99,"{""Sets"":""1"",""Paper Type"":""120gsm Premium Smooth White Paper"",""Sides Printed"":""Double Sided""}",09/02/2022,Available,COM-408-613-605-508-EXPRESS,COM-408-613-605-508-STANDARD,COM-408-613-605-508-SAVER,N/A
Comp slips,PRD-9N6IUQGM,35000,0.2,1,120gsm Premium Smooth White Paper,Double Sided,289.78,3,263.44,4,237.1,6,N/A,N/A,0,5,13,30,0.2,1/3 A4 (DL),210,99,210,99,"{""Sets"":""1"",""Paper Type"":""120gsm Premium Smooth White Paper"",""Sides Printed"":""Double Sided""}",09/02/2022,Available,COM-408-613-605-508-EXPRESS,COM-408-613-605-508-STANDARD,COM-408-613-605-508-SAVER,N/A
Comp slips,PRD-9N6IUQGM,40000,0.2,1,120gsm Premium Smooth White Paper,Double Sided,322.84,3,293.49,4,264.14,6,N/A,N/A,0,5,13,30,0.2,1/3 A4 (DL),210,99,210,99,"{""Sets"":""1"",""Paper Type"":""120gsm Premium Smooth White Paper"",""Sides Printed"":""Double Sided""}",09/02/2022,Available,COM-408-613-605-508-EXPRESS,COM-408-613-605-508-STANDARD,COM-408-613-605-508-SAVER,N/A
Comp slips,PRD-9N6IUQGM,45000,0.2,1,120gsm Premium Smooth White Paper,Double Sided,366.4,3,333.09,4,299.78,6,N/A,N/A,0,5,13,30,0.2,1/3 A4 (DL),210,99,210,99,"{""Sets"":""1"",""Paper Type"":""120gsm Premium Smooth White Paper"",""Sides Printed"":""Double Sided""}",09/02/2022,Available,COM-408-613-605-508-EXPRESS,COM-408-613-605-508-STANDARD,COM-408-613-605-508-SAVER,N/A
Comp slips,PRD-9N6IUQGM,50000,0.2,1,120gsm Premium Smooth White Paper,Double Sided,381.15,3,346.5,4,311.85,6,N/A,N/A,0,5,13,30,0.2,1/3 A4 (DL),210,99,210,99,"{""Sets"":""1"",""Paper Type"":""120gsm Premium Smooth White Paper"",""Sides Printed"":""Double Sided""}",09/02/2022,Available,COM-408-613-605-508-EXPRESS,COM-408-613-605-508-STANDARD,COM-408-613-605-508-SAVER,N/A
Comp slips,PRD-9N6IUQGM,55000,0.2,1,120gsm Premium Smooth White Paper,Double Sided,495,4,450,5,405,7,N/A,N/A,0,5,13,30,0.2,1/3 A4 (DL),210,99,210,99,"{""Sets"":""1"",""Paper Type"":""120gsm Premium Smooth White Paper"",""Sides Printed"":""Double Sided""}",09/02/2022,Available,COM-408-613-605-508-EXPRESS,COM-408-613-605-508-STANDARD,COM-408-613-605-508-SAVER,N/A
Comp slips,PRD-9N6IUQGM,60000,0.2,1,120gsm Premium Smooth White Paper,Double Sided,517.44,4,470.4,5,423.36,7,N/A,N/A,0,5,13,30,0.2,1/3 A4 (DL),210,99,210,99,"{""Sets"":""1"",""Paper Type"":""120gsm Premium Smooth White Paper"",""Sides Printed"":""Double Sided""}",09/02/2022,Available,COM-408-613-605-508-EXPRESS,COM-408-613-605-508-STANDARD,COM-408-613-605-508-SAVER,N/A
Comp slips,PRD-9N6IUQGM,65000,0.2,1,120gsm Premium Smooth White Paper,Double Sided,563.2,4,512,5,460.8,7,N/A,N/A,0,5,13,30,0.2,1/3 A4 (DL),210,99,210,99,"{""Sets"":""1"",""Paper Type"":""120gsm Premium Smooth White Paper"",""Sides Printed"":""Double Sided""}",09/02/2022,Available,COM-408-613-605-508-EXPRESS,COM-408-613-605-508-STANDARD,COM-408-613-605-508-SAVER,N/A
Comp slips,PRD-9N6IUQGM,70000,0.2,1,120gsm Premium Smooth White Paper,Double Sided,608.3,4,553,5,497.7,7,N/A,N/A,0,5,13,30,0.2,1/3 A4 (DL),210,99,210,99,"{""Sets"":""1"",""Paper Type"":""120gsm Premium Smooth White Paper"",""Sides Printed"":""Double Sided""}",09/02/2022,Available,COM-408-613-605-508-EXPRESS,COM-408-613-605-508-STANDARD,COM-408-613-605-508-SAVER,N/A
Comp slips,PRD-9N6IUQGM,75000,0.2,1,120gsm Premium Smooth White Paper,Double Sided,615.12,4,559.2,5,503.28,7,N/A,N/A,0,5,13,30,0.2,1/3 A4 (DL),210,99,210,99,"{""Sets"":""1"",""Paper Type"":""120gsm Premium Smooth White Paper"",""Sides Printed"":""Double Sided""}",09/02/2022,Available,COM-408-613-605-508-EXPRESS,COM-408-613-605-508-STANDARD,COM-408-613-605-508-SAVER,N/A
Comp slips,PRD-9N6IUQGM,80000,0.2,1,120gsm Premium Smooth White Paper,Double Sided,661.32,4,601.2,5,541.08,7,N/A,N/A,0,5,13,30,0.2,1/3 A4 (DL),210,99,210,99,"{""Sets"":""1"",""Paper Type"":""120gsm Premium Smooth White Paper"",""Sides Printed"":""Double Sided""}",09/02/2022,Available,COM-408-613-605-508-EXPRESS,COM-408-613-605-508-STANDARD,COM-408-613-605-508-SAVER,N/A
Comp slips,PRD-9N6IUQGM,85000,0.2,1,120gsm Premium Smooth White Paper,Double Sided,707.52,4,643.2,5,578.88,7,N/A,N/A,0,5,13,30,0.2,1/3 A4 (DL),210,99,210,99,"{""Sets"":""1"",""Paper Type"":""120gsm Premium Smooth White Paper"",""Sides Printed"":""Double Sided""}",09/02/2022,Available,COM-408-613-605-508-EXPRESS,COM-408-613-605-508-STANDARD,COM-408-613-605-508-SAVER,N/A
Comp slips,PRD-9N6IUQGM,90000,0.2,1,120gsm Premium Smooth White Paper,Double Sided,714.12,4,649.2,5,584.28,7,N/A,N/A,0,5,13,30,0.2,1/3 A4 (DL),210,99,210,99,"{""Sets"":""1"",""Paper Type"":""120gsm Premium Smooth White Paper"",""Sides Printed"":""Double Sided""}",09/02/2022,Available,COM-408-613-605-508-EXPRESS,COM-408-613-605-508-STANDARD,COM-408-613-605-508-SAVER,N/A
Comp slips,PRD-9N6IUQGM,95000,0.2,1,120gsm Premium Smooth White Paper,Double Sided,753.06,4,684.6,5,616.14,7,N/A,N/A,0,5,13,30,0.2,1/3 A4 (DL),210,99,210,99,"{""Sets"":""1"",""Paper Type"":""120gsm Premium Smooth White Paper"",""Sides Printed"":""Double Sided""}",09/02/2022,Available,COM-408-613-605-508-EXPRESS,COM-408-613-605-508-STANDARD,COM-408-613-605-508-SAVER,N/A
Comp slips,PRD-9N6IUQGM,100000,0.2,1,120gsm Premium Smooth White Paper,Double Sided,798.6,4,726,5,653.4,7,N/A,N/A,0,5,13,30,0.2,1/3 A4 (DL),210,99,210,99,"{""Sets"":""1"",""Paper Type"":""120gsm Premium Smooth White Paper"",""Sides Printed"":""Double Sided""}",09/02/2022,Available,COM-408-613-605-508-EXPRESS,COM-408-613-605-508-STANDARD,COM-408-613-605-508-SAVER,N/A
Comp slips,PRD-9N6IUQGM,250,0.2,1,120gsm Premium Smooth White Paper,Single Sided,20.88,1,18.98,2,17.08,4,N/A,N/A,0,5,13,30,0.2,1/3 A4 (DL),210,99,210,99,"{""Sets"":""1"",""Paper Type"":""120gsm Premium Smooth White Paper"",""Sides Printed"":""Single Sided""}",09/02/2022,Available,COM-600-572-543-560-EXPRESS,COM-600-572-543-560-STANDARD,COM-600-572-543-560-SAVER,N/A
Comp slips,PRD-9N6IUQGM,500,0.2,1,120gsm Premium Smooth White Paper,Single Sided,24.93,1,22.66,2,20.39,4,N/A,N/A,0,5,13,30,0.2,1/3 A4 (DL),210,99,210,99,"{""Sets"":""1"",""Paper Type"":""120gsm Premium Smooth White Paper"",""Sides Printed"":""Single Sided""}",09/02/2022,Available,COM-600-572-543-560-EXPRESS,COM-600-572-543-560-STANDARD,COM-600-572-543-560-SAVER,N/A
Comp slips,PRD-9N6IUQGM,1000,0.2,1,120gsm Premium Smooth White Paper,Single Sided,27.72,1,25.2,2,22.68,4,N/A,N/A,0,5,13,30,0.2,1/3 A4 (DL),210,99,210,99,"{""Sets"":""1"",""Paper Type"":""120gsm Premium Smooth White Paper"",""Sides Printed"":""Single Sided""}",09/02/2022,Available,COM-600-572-543-560-EXPRESS,COM-600-572-543-560-STANDARD,COM-600-572-543-560-SAVER,N/A
Comp slips,PRD-9N6IUQGM,2000,0.2,1,120gsm Premium Smooth White Paper,Single Sided,30.8,1,28,2,25.2,4,N/A,N/A,0,5,13,30,0.2,1/3 A4 (DL),210,99,210,99,"{""Sets"":""1"",""Paper Type"":""120gsm Premium Smooth White Paper"",""Sides Printed"":""Single Sided""}",09/02/2022,Available,COM-600-572-543-560-EXPRESS,COM-600-572-543-560-STANDARD,COM-600-572-543-560-SAVER,N/A
Comp slips,PRD-9N6IUQGM,2500,0.2,1,120gsm Premium Smooth White Paper,Single Sided,33,1,30,2,27,4,N/A,N/A,0,5,13,30,0.2,1/3 A4 (DL),210,99,210,99,"{""Sets"":""1"",""Paper Type"":""120gsm Premium Smooth White Paper"",""Sides Printed"":""Single Sided""}",09/02/2022,Available,COM-600-572-543-560-EXPRESS,COM-600-572-543-560-STANDARD,COM-600-572-543-560-SAVER,N/A
Comp slips,PRD-9N6IUQGM,5000,0.2,1,120gsm Premium Smooth White Paper,Single Sided,46.75,1,42.5,2,38.25,4,N/A,N/A,0,5,13,30,0.2,1/3 A4 (DL),210,99,210,99,"{""Sets"":""1"",""Paper Type"":""120gsm Premium Smooth White Paper"",""Sides Printed"":""Single Sided""}",09/02/2022,Available,COM-600-572-543-560-EXPRESS,COM-600-572-543-560-STANDARD,COM-600-572-543-560-SAVER,N/A
Comp slips,PRD-9N6IUQGM,7500,0.2,1,120gsm Premium Smooth White Paper,Single Sided,75.9,1,69,2,62.1,4,N/A,N/A,0,5,13,30,0.2,1/3 A4 (DL),210,99,210,99,"{""Sets"":""1"",""Paper Type"":""120gsm Premium Smooth White Paper"",""Sides Printed"":""Single Sided""}",09/02/2022,Available,COM-600-572-543-560-EXPRESS,COM-600-572-543-560-STANDARD,COM-600-572-543-560-SAVER,N/A
Comp slips,PRD-9N6IUQGM,10000,0.2,1,120gsm Premium Smooth White Paper,Single Sided,93.5,1,85,2,76.5,4,N/A,N/A,0,5,13,30,0.2,1/3 A4 (DL),210,99,210,99,"{""Sets"":""1"",""Paper Type"":""120gsm Premium Smooth White Paper"",""Sides Printed"":""Single Sided""}",09/02/2022,Available,COM-600-572-543-560-EXPRESS,COM-600-572-543-560-STANDARD,COM-600-572-543-560-SAVER,N/A
Comp slips,PRD-9N6IUQGM,12500,0.2,1,120gsm Premium Smooth White Paper,Single Sided,120.76,1,109.78,2,98.8,4,N/A,N/A,0,5,13,30,0.2,1/3 A4 (DL),210,99,210,99,"{""Sets"":""1"",""Paper Type"":""120gsm Premium Smooth White Paper"",""Sides Printed"":""Single Sided""}",09/02/2022,Available,COM-600-572-543-560-EXPRESS,COM-600-572-543-560-STANDARD,COM-600-572-543-560-SAVER,N/A
Comp slips,PRD-9N6IUQGM,15000,0.2,1,120gsm Premium Smooth White Paper,Single Sided,125.03,1,113.66,2,102.29,4,N/A,N/A,0,5,13,30,0.2,1/3 A4 (DL),210,99,210,99,"{""Sets"":""1"",""Paper Type"":""120gsm Premium Smooth White Paper"",""Sides Printed"":""Single Sided""}",09/02/2022,Available,COM-600-572-543-560-EXPRESS,COM-600-572-543-560-STANDARD,COM-600-572-543-560-SAVER,N/A
Comp slips,PRD-9N6IUQGM,20000,0.2,1,120gsm Premium Smooth White Paper,Single Sided,160.12,1,145.56,2,131,4,N/A,N/A,0,5,13,30,0.2,1/3 A4 (DL),210,99,210,99,"{""Sets"":""1"",""Paper Type"":""120gsm Premium Smooth White Paper"",""Sides Printed"":""Single Sided""}",09/02/2022,Available,COM-600-572-543-560-EXPRESS,COM-600-572-543-560-STANDARD,COM-600-572-543-560-SAVER,N/A
Comp slips,PRD-9N6IUQGM,25000,0.2,1,120gsm Premium Smooth White Paper,Single Sided,206.14,1,187.4,2,168.66,4,N/A,N/A,0,5,13,30,0.2,1/3 A4 (DL),210,99,210,99,"{""Sets"":""1"",""Paper Type"":""120gsm Premium Smooth White Paper"",""Sides Printed"":""Single Sided""}",09/02/2022,Available,COM-600-572-543-560-EXPRESS,COM-600-572-543-560-STANDARD,COM-600-572-543-560-SAVER,N/A
Comp slips,PRD-9N6IUQGM,30000,0.2,1,120gsm Premium Smooth White Paper,Single Sided,223.84,1,203.49,2,183.14,4,N/A,N/A,0,5,13,30,0.2,1/3 A4 (DL),210,99,210,99,"{""Sets"":""1"",""Paper Type"":""120gsm Premium Smooth White Paper"",""Sides Printed"":""Single Sided""}",09/02/2022,Available,COM-600-572-543-560-EXPRESS,COM-600-572-543-560-STANDARD,COM-600-572-543-560-SAVER,N/A
Comp slips,PRD-9N6IUQGM,35000,0.2,1,120gsm Premium Smooth White Paper,Single Sided,263.44,1,239.49,2,215.54,4,N/A,N/A,0,5,13,30,0.2,1/3 A4 (DL),210,99,210,99,"{""Sets"":""1"",""Paper Type"":""120gsm Premium Smooth White Paper"",""Sides Printed"":""Single Sided""}",09/02/2022,Available,COM-600-572-543-560-EXPRESS,COM-600-572-543-560-STANDARD,COM-600-572-543-560-SAVER,N/A
Comp slips,PRD-9N6IUQGM,40000,0.2,1,120gsm Premium Smooth White Paper,Single Sided,293.49,1,266.81,2,240.13,4,N/A,N/A,0,5,13,30,0.2,1/3 A4 (DL),210,99,210,99,"{""Sets"":""1"",""Paper Type"":""120gsm Premium Smooth White Paper"",""Sides Printed"":""Single Sided""}",09/02/2022,Available,COM-600-572-543-560-EXPRESS,COM-600-572-543-560-STANDARD,COM-600-572-543-560-SAVER,N/A
Comp slips,PRD-9N6IUQGM,45000,0.2,1,120gsm Premium Smooth White Paper,Single Sided,333.09,1,302.81,2,272.53,4,N/A,N/A,0,5,13,30,0.2,1/3 A4 (DL),210,99,210,99,"{""Sets"":""1"",""Paper Type"":""120gsm Premium Smooth White Paper"",""Sides Printed"":""Single Sided""}",09/02/2022,Available,COM-600-572-543-560-EXPRESS,COM-600-572-543-560-STANDARD,COM-600-572-543-560-SAVER,N/A
Comp slips,PRD-9N6IUQGM,50000,0.2,1,120gsm Premium Smooth White Paper,Single Sided,346.5,1,315,2,283.5,4,N/A,N/A,0,5,13,30,0.2,1/3 A4 (DL),210,99,210,99,"{""Sets"":""1"",""Paper Type"":""120gsm Premium Smooth White Paper"",""Sides Printed"":""Single Sided""}",09/02/2022,Available,COM-600-572-543-560-EXPRESS,COM-600-572-543-560-STANDARD,COM-600-572-543-560-SAVER,N/A
Comp slips,PRD-9N6IUQGM,55000,0.2,1,120gsm Premium Smooth White Paper,Single Sided,412.5,2,375,3,337.5,5,N/A,N/A,0,5,13,30,0.2,1/3 A4 (DL),210,99,210,99,"{""Sets"":""1"",""Paper Type"":""120gsm Premium Smooth White Paper"",""Sides Printed"":""Single Sided""}",09/02/2022,Available,COM-600-572-543-560-EXPRESS,COM-600-572-543-560-STANDARD,COM-600-572-543-560-SAVER,N/A
Comp slips,PRD-9N6IUQGM,60000,0.2,1,120gsm Premium Smooth White Paper,Single Sided,431.2,2,392,3,352.8,5,N/A,N/A,0,5,13,30,0.2,1/3 A4 (DL),210,99,210,99,"{""Sets"":""1"",""Paper Type"":""120gsm Premium Smooth White Paper"",""Sides Printed"":""Single Sided""}",09/02/2022,Available,COM-600-572-543-560-EXPRESS,COM-600-572-543-560-STANDARD,COM-600-572-543-560-SAVER,N/A
Comp slips,PRD-9N6IUQGM,65000,0.2,1,120gsm Premium Smooth White Paper,Single Sided,469.15,2,426.5,3,383.85,5,N/A,N/A,0,5,13,30,0.2,1/3 A4 (DL),210,99,210,99,"{""Sets"":""1"",""Paper Type"":""120gsm Premium Smooth White Paper"",""Sides Printed"":""Single Sided""}",09/02/2022,Available,COM-600-572-543-560-EXPRESS,COM-600-572-543-560-STANDARD,COM-600-572-543-560-SAVER,N/A
Comp slips,PRD-9N6IUQGM,70000,0.2,1,120gsm Premium Smooth White Paper,Single Sided,507.1,2,461,3,414.9,5,N/A,N/A,0,5,13,30,0.2,1/3 A4 (DL),210,99,210,99,"{""Sets"":""1"",""Paper Type"":""120gsm Premium Smooth White Paper"",""Sides Printed"":""Single Sided""}",09/02/2022,Available,COM-600-572-543-560-EXPRESS,COM-600-572-543-560-STANDARD,COM-600-572-543-560-SAVER,N/A
Comp slips,PRD-9N6IUQGM,75000,0.2,1,120gsm Premium Smooth White Paper,Single Sided,512.6,2,466,3,419.4,5,N/A,N/A,0,5,13,30,0.2,1/3 A4 (DL),210,99,210,99,"{""Sets"":""1"",""Paper Type"":""120gsm Premium Smooth White Paper"",""Sides Printed"":""Single Sided""}",09/02/2022,Available,COM-600-572-543-560-EXPRESS,COM-600-572-543-560-STANDARD,COM-600-572-543-560-SAVER,N/A
Comp slips,PRD-9N6IUQGM,80000,0.2,1,120gsm Premium Smooth White Paper,Single Sided,551.1,2,501,3,450.9,5,N/A,N/A,0,5,13,30,0.2,1/3 A4 (DL),210,99,210,99,"{""Sets"":""1"",""Paper Type"":""120gsm Premium Smooth White Paper"",""Sides Printed"":""Single Sided""}",09/02/2022,Available,COM-600-572-543-560-EXPRESS,COM-600-572-543-560-STANDARD,COM-600-572-543-560-SAVER,N/A
Comp slips,PRD-9N6IUQGM,85000,0.2,1,120gsm Premium Smooth White Paper,Single Sided,589.6,2,536,3,482.4,5,N/A,N/A,0,5,13,30,0.2,1/3 A4 (DL),210,99,210,99,"{""Sets"":""1"",""Paper Type"":""120gsm Premium Smooth White Paper"",""Sides Printed"":""Single Sided""}",09/02/2022,Available,COM-600-572-543-560-EXPRESS,COM-600-572-543-560-STANDARD,COM-600-572-543-560-SAVER,N/A
Comp slips,PRD-9N6IUQGM,90000,0.2,1,120gsm Premium Smooth White Paper,Single Sided,595.1,2,541,3,486.9,5,N/A,N/A,0,5,13,30,0.2,1/3 A4 (DL),210,99,210,99,"{""Sets"":""1"",""Paper Type"":""120gsm Premium Smooth White Paper"",""Sides Printed"":""Single Sided""}",09/02/2022,Available,COM-600-572-543-560-EXPRESS,COM-600-572-543-560-STANDARD,COM-600-572-543-560-SAVER,N/A
Comp slips,PRD-9N6IUQGM,95000,0.2,1,120gsm Premium Smooth White Paper,Single Sided,627.55,2,570.5,3,513.45,5,N/A,N/A,0,5,13,30,0.2,1/3 A4 (DL),210,99,210,99,"{""Sets"":""1"",""Paper Type"":""120gsm Premium Smooth White Paper"",""Sides Printed"":""Single Sided""}",09/02/2022,Available,COM-600-572-543-560-EXPRESS,COM-600-572-543-560-STANDARD,COM-600-572-543-560-SAVER,N/A
Comp slips,PRD-9N6IUQGM,100000,0.2,1,120gsm Premium Smooth White Paper,Single Sided,665.5,2,605,3,544.5,5,N/A,N/A,0,5,13,30,0.2,1/3 A4 (DL),210,99,210,99,"{""Sets"":""1"",""Paper Type"":""120gsm Premium Smooth White Paper"",""Sides Printed"":""Single Sided""}",09/02/2022,Available,COM-600-572-543-560-EXPRESS,COM-600-572-543-560-STANDARD,COM-600-572-543-560-SAVER,N/A
Comp slips,PRD-9N6IUQGM,250,0.2,1,100gsm Premium Smooth White Paper,Single Sided,18.79,1,17.08,2,15.37,4,N/A,N/A,0,5,13,30,0.2,1/3 A4 (DL),210,99,210,99,"{""Sets"":""1"",""Paper Type"":""100gsm Premium Smooth White Paper"",""Sides Printed"":""Single Sided""}",09/02/2022,Available,COM-555-601-616-655-EXPRESS,COM-555-601-616-655-STANDARD,COM-555-601-616-655-SAVER,N/A
Comp slips,PRD-9N6IUQGM,500,0.2,1,100gsm Premium Smooth White Paper,Single Sided,22.43,1,20.39,2,18.35,4,N/A,N/A,0,5,13,30,0.2,1/3 A4 (DL),210,99,210,99,"{""Sets"":""1"",""Paper Type"":""100gsm Premium Smooth White Paper"",""Sides Printed"":""Single Sided""}",09/02/2022,Available,COM-555-601-616-655-EXPRESS,COM-555-601-616-655-STANDARD,COM-555-601-616-655-SAVER,N/A
Comp slips,PRD-9N6IUQGM,1000,0.2,1,100gsm Premium Smooth White Paper,Single Sided,24.95,1,22.68,2,20.41,4,N/A,N/A,0,5,13,30,0.2,1/3 A4 (DL),210,99,210,99,"{""Sets"":""1"",""Paper Type"":""100gsm Premium Smooth White Paper"",""Sides Printed"":""Single Sided""}",09/02/2022,Available,COM-555-601-616-655-EXPRESS,COM-555-601-616-655-STANDARD,COM-555-601-616-655-SAVER,N/A
Comp slips,PRD-9N6IUQGM,2000,0.2,1,100gsm Premium Smooth White Paper,Single Sided,27.72,1,25.2,2,22.68,4,N/A,N/A,0,5,13,30,0.2,1/3 A4 (DL),210,99,210,99,"{""Sets"":""1"",""Paper Type"":""100gsm Premium Smooth White Paper"",""Sides Printed"":""Single Sided""}",09/02/2022,Available,COM-555-601-616-655-EXPRESS,COM-555-601-616-655-STANDARD,COM-555-601-616-655-SAVER,N/A
Comp slips,PRD-9N6IUQGM,2500,0.2,1,100gsm Premium Smooth White Paper,Single Sided,28.6,1,26,2,23.4,4,N/A,N/A,0,5,13,30,0.2,1/3 A4 (DL),210,99,210,99,"{""Sets"":""1"",""Paper Type"":""100gsm Premium Smooth White Paper"",""Sides Printed"":""Single Sided""}",09/02/2022,Available,COM-555-601-616-655-EXPRESS,COM-555-601-616-655-STANDARD,COM-555-601-616-655-SAVER,N/A
Comp slips,PRD-9N6IUQGM,5000,0.2,1,100gsm Premium Smooth White Paper,Single Sided,42.9,1,39,2,35.1,4,N/A,N/A,0,5,13,30,0.2,1/3 A4 (DL),210,99,210,99,"{""Sets"":""1"",""Paper Type"":""100gsm Premium Smooth White Paper"",""Sides Printed"":""Single Sided""}",09/02/2022,Available,COM-555-601-616-655-EXPRESS,COM-555-601-616-655-STANDARD,COM-555-601-616-655-SAVER,N/A
Comp slips,PRD-9N6IUQGM,7500,0.2,1,100gsm Premium Smooth White Paper,Single Sided,68.31,1,62.1,2,55.89,4,N/A,N/A,0,5,13,30,0.2,1/3 A4 (DL),210,99,210,99,"{""Sets"":""1"",""Paper Type"":""100gsm Premium Smooth White Paper"",""Sides Printed"":""Single Sided""}",09/02/2022,Available,COM-555-601-616-655-EXPRESS,COM-555-601-616-655-STANDARD,COM-555-601-616-655-SAVER,N/A
Comp slips,PRD-9N6IUQGM,10000,0.2,1,100gsm Premium Smooth White Paper,Single Sided,79.2,1,72,2,64.8,4,N/A,N/A,0,5,13,30,0.2,1/3 A4 (DL),210,99,210,99,"{""Sets"":""1"",""Paper Type"":""100gsm Premium Smooth White Paper"",""Sides Printed"":""Single Sided""}",09/02/2022,Available,COM-555-601-616-655-EXPRESS,COM-555-601-616-655-STANDARD,COM-555-601-616-655-SAVER,N/A
Comp slips,PRD-9N6IUQGM,12500,0.2,1,100gsm Premium Smooth White Paper,Single Sided,107.25,1,97.5,2,87.75,4,N/A,N/A,0,5,13,30,0.2,1/3 A4 (DL),210,99,210,99,"{""Sets"":""1"",""Paper Type"":""100gsm Premium Smooth White Paper"",""Sides Printed"":""Single Sided""}",09/02/2022,Available,COM-555-601-616-655-EXPRESS,COM-555-601-616-655-STANDARD,COM-555-601-616-655-SAVER,N/A
Comp slips,PRD-9N6IUQGM,15000,0.2,1,100gsm Premium Smooth White Paper,Single Sided,112.52,1,102.29,2,92.06,4,N/A,N/A,0,5,13,30,0.2,1/3 A4 (DL),210,99,210,99,"{""Sets"":""1"",""Paper Type"":""100gsm Premium Smooth White Paper"",""Sides Printed"":""Single Sided""}",09/02/2022,Available,COM-555-601-616-655-EXPRESS,COM-555-601-616-655-STANDARD,COM-555-601-616-655-SAVER,N/A
Comp slips,PRD-9N6IUQGM,20000,0.2,1,100gsm Premium Smooth White Paper,Single Sided,144.1,1,131,2,117.9,4,N/A,N/A,0,5,13,30,0.2,1/3 A4 (DL),210,99,210,99,"{""Sets"":""1"",""Paper Type"":""100gsm Premium Smooth White Paper"",""Sides Printed"":""Single Sided""}",09/02/2022,Available,COM-555-601-616-655-EXPRESS,COM-555-601-616-655-STANDARD,COM-555-601-616-655-SAVER,N/A
Comp slips,PRD-9N6IUQGM,25000,0.2,1,100gsm Premium Smooth White Paper,Single Sided,185.53,1,168.66,2,151.79,4,N/A,N/A,0,5,13,30,0.2,1/3 A4 (DL),210,99,210,99,"{""Sets"":""1"",""Paper Type"":""100gsm Premium Smooth White Paper"",""Sides Printed"":""Single Sided""}",09/02/2022,Available,COM-555-601-616-655-EXPRESS,COM-555-601-616-655-STANDARD,COM-555-601-616-655-SAVER,N/A
Comp slips,PRD-9N6IUQGM,30000,0.2,1,100gsm Premium Smooth White Paper,Single Sided,201.45,1,183.14,2,164.83,4,N/A,N/A,0,5,13,30,0.2,1/3 A4 (DL),210,99,210,99,"{""Sets"":""1"",""Paper Type"":""100gsm Premium Smooth White Paper"",""Sides Printed"":""Single Sided""}",09/02/2022,Available,COM-555-601-616-655-EXPRESS,COM-555-601-616-655-STANDARD,COM-555-601-616-655-SAVER,N/A
Comp slips,PRD-9N6IUQGM,35000,0.2,1,100gsm Premium Smooth White Paper,Single Sided,237.09,1,215.54,2,193.99,4,N/A,N/A,0,5,13,30,0.2,1/3 A4 (DL),210,99,210,99,"{""Sets"":""1"",""Paper Type"":""100gsm Premium Smooth White Paper"",""Sides Printed"":""Single Sided""}",09/02/2022,Available,COM-555-601-616-655-EXPRESS,COM-555-601-616-655-STANDARD,COM-555-601-616-655-SAVER,N/A
Comp slips,PRD-9N6IUQGM,40000,0.2,1,100gsm Premium Smooth White Paper,Single Sided,264.14,1,240.13,2,216.12,4,N/A,N/A,0,5,13,30,0.2,1/3 A4 (DL),210,99,210,99,"{""Sets"":""1"",""Paper Type"":""100gsm Premium Smooth White Paper"",""Sides Printed"":""Single Sided""}",09/02/2022,Available,COM-555-601-616-655-EXPRESS,COM-555-601-616-655-STANDARD,COM-555-601-616-655-SAVER,N/A
Comp slips,PRD-9N6IUQGM,45000,0.2,1,100gsm Premium Smooth White Paper,Single Sided,299.78,1,272.53,2,245.28,4,N/A,N/A,0,5,13,30,0.2,1/3 A4 (DL),210,99,210,99,"{""Sets"":""1"",""Paper Type"":""100gsm Premium Smooth White Paper"",""Sides Printed"":""Single Sided""}",09/02/2022,Available,COM-555-601-616-655-EXPRESS,COM-555-601-616-655-STANDARD,COM-555-601-616-655-SAVER,N/A
Comp slips,PRD-9N6IUQGM,50000,0.2,1,100gsm Premium Smooth White Paper,Single Sided,311.85,1,283.5,2,255.15,4,N/A,N/A,0,5,13,30,0.2,1/3 A4 (DL),210,99,210,99,"{""Sets"":""1"",""Paper Type"":""100gsm Premium Smooth White Paper"",""Sides Printed"":""Single Sided""}",09/02/2022,Available,COM-555-601-616-655-EXPRESS,COM-555-601-616-655-STANDARD,COM-555-601-616-655-SAVER,N/A
Comp slips,PRD-9N6IUQGM,55000,0.2,1,100gsm Premium Smooth White Paper,Single Sided,366.41,2,333.1,3,299.79,5,N/A,N/A,0,5,13,30,0.2,1/3 A4 (DL),210,99,210,99,"{""Sets"":""1"",""Paper Type"":""100gsm Premium Smooth White Paper"",""Sides Printed"":""Single Sided""}",09/02/2022,Available,COM-555-601-616-655-EXPRESS,COM-555-601-616-655-STANDARD,COM-555-601-616-655-SAVER,N/A
Comp slips,PRD-9N6IUQGM,60000,0.2,1,100gsm Premium Smooth White Paper,Single Sided,371.03,2,337.3,3,303.57,5,N/A,N/A,0,5,13,30,0.2,1/3 A4 (DL),210,99,210,99,"{""Sets"":""1"",""Paper Type"":""100gsm Premium Smooth White Paper"",""Sides Printed"":""Single Sided""}",09/02/2022,Available,COM-555-601-616-655-EXPRESS,COM-555-601-616-655-STANDARD,COM-555-601-616-655-SAVER,N/A
Comp slips,PRD-9N6IUQGM,65000,0.2,1,100gsm Premium Smooth White Paper,Single Sided,402.93,2,366.3,3,329.67,5,N/A,N/A,0,5,13,30,0.2,1/3 A4 (DL),210,99,210,99,"{""Sets"":""1"",""Paper Type"":""100gsm Premium Smooth White Paper"",""Sides Printed"":""Single Sided""}",09/02/2022,Available,COM-555-601-616-655-EXPRESS,COM-555-601-616-655-STANDARD,COM-555-601-616-655-SAVER,N/A
Comp slips,PRD-9N6IUQGM,70000,0.2,1,100gsm Premium Smooth White Paper,Single Sided,434.83,2,395.3,3,355.77,5,N/A,N/A,0,5,13,30,0.2,1/3 A4 (DL),210,99,210,99,"{""Sets"":""1"",""Paper Type"":""100gsm Premium Smooth White Paper"",""Sides Printed"":""Single Sided""}",09/02/2022,Available,COM-555-601-616-655-EXPRESS,COM-555-601-616-655-STANDARD,COM-555-601-616-655-SAVER,N/A
Comp slips,PRD-9N6IUQGM,75000,0.2,1,100gsm Premium Smooth White Paper,Single Sided,439.45,2,399.5,3,359.55,5,N/A,N/A,0,5,13,30,0.2,1/3 A4 (DL),210,99,210,99,"{""Sets"":""1"",""Paper Type"":""100gsm Premium Smooth White Paper"",""Sides Printed"":""Single Sided""}",09/02/2022,Available,COM-555-601-616-655-EXPRESS,COM-555-601-616-655-STANDARD,COM-555-601-616-655-SAVER,N/A
Comp slips,PRD-9N6IUQGM,80000,0.2,1,100gsm Premium Smooth White Paper,Single Sided,471.35,2,428.5,3,385.65,5,N/A,N/A,0,5,13,30,0.2,1/3 A4 (DL),210,99,210,99,"{""Sets"":""1"",""Paper Type"":""100gsm Premium Smooth White Paper"",""Sides Printed"":""Single Sided""}",09/02/2022,Available,COM-555-601-616-655-EXPRESS,COM-555-601-616-655-STANDARD,COM-555-601-616-655-SAVER,N/A
Comp slips,PRD-9N6IUQGM,85000,0.2,1,100gsm Premium Smooth White Paper,Single Sided,503.25,2,457.5,3,411.75,5,N/A,N/A,0,5,13,30,0.2,1/3 A4 (DL),210,99,210,99,"{""Sets"":""1"",""Paper Type"":""100gsm Premium Smooth White Paper"",""Sides Printed"":""Single Sided""}",09/02/2022,Available,COM-555-601-616-655-EXPRESS,COM-555-601-616-655-STANDARD,COM-555-601-616-655-SAVER,N/A
Comp slips,PRD-9N6IUQGM,90000,0.2,1,100gsm Premium Smooth White Paper,Single Sided,507.87,2,461.7,3,415.53,5,N/A,N/A,0,5,13,30,0.2,1/3 A4 (DL),210,99,210,99,"{""Sets"":""1"",""Paper Type"":""100gsm Premium Smooth White Paper"",""Sides Printed"":""Single Sided""}",09/02/2022,Available,COM-555-601-616-655-EXPRESS,COM-555-601-616-655-STANDARD,COM-555-601-616-655-SAVER,N/A
Comp slips,PRD-9N6IUQGM,95000,0.2,1,100gsm Premium Smooth White Paper,Single Sided,539.77,2,490.7,3,441.63,5,N/A,N/A,0,5,13,30,0.2,1/3 A4 (DL),210,99,210,99,"{""Sets"":""1"",""Paper Type"":""100gsm Premium Smooth White Paper"",""Sides Printed"":""Single Sided""}",09/02/2022,Available,COM-555-601-616-655-EXPRESS,COM-555-601-616-655-STANDARD,COM-555-601-616-655-SAVER,N/A
Comp slips,PRD-9N6IUQGM,100000,0.2,1,100gsm Premium Smooth White Paper,Single Sided,571.67,2,519.7,3,467.73,5,N/A,N/A,0,5,13,30,0.2,1/3 A4 (DL),210,99,210,99,"{""Sets"":""1"",""Paper Type"":""100gsm Premium Smooth White Paper"",""Sides Printed"":""Single Sided""}",09/02/2022,Available,COM-555-601-616-655-EXPRESS,COM-555-601-616-655-STANDARD,COM-555-601-616-655-SAVER,N/A
Comp slips,PRD-9N6IUQGM,250,0.2,2,120gsm Premium Smooth White Paper,Double Sided,25.06,3,22.78,4,20.5,6,N/A,N/A,0,5,13,30,0.2,1/3 A4 (DL),210,99,210,99,"{""Sets"":""2"",""Paper Type"":""120gsm Premium Smooth White Paper"",""Sides Printed"":""Double Sided""}",09/02/2022,Available,COM-502-516-555-560-EXPRESS,COM-502-516-555-560-STANDARD,COM-502-516-555-560-SAVER,N/A
Comp slips,PRD-9N6IUQGM,500,0.2,2,120gsm Premium Smooth White Paper,Double Sided,29.91,3,27.19,4,24.47,6,N/A,N/A,0,5,13,30,0.2,1/3 A4 (DL),210,99,210,99,"{""Sets"":""2"",""Paper Type"":""120gsm Premium Smooth White Paper"",""Sides Printed"":""Double Sided""}",09/02/2022,Available,COM-502-516-555-560-EXPRESS,COM-502-516-555-560-STANDARD,COM-502-516-555-560-SAVER,N/A
Comp slips,PRD-9N6IUQGM,1000,0.2,2,120gsm Premium Smooth White Paper,Double Sided,33.26,3,30.24,4,27.22,6,N/A,N/A,0,5,13,30,0.2,1/3 A4 (DL),210,99,210,99,"{""Sets"":""2"",""Paper Type"":""120gsm Premium Smooth White Paper"",""Sides Printed"":""Double Sided""}",09/02/2022,Available,COM-502-516-555-560-EXPRESS,COM-502-516-555-560-STANDARD,COM-502-516-555-560-SAVER,N/A
Comp slips,PRD-9N6IUQGM,2000,0.2,2,120gsm Premium Smooth White Paper,Double Sided,38.5,3,35,4,31.5,6,N/A,N/A,0,5,13,30,0.2,1/3 A4 (DL),210,99,210,99,"{""Sets"":""2"",""Paper Type"":""120gsm Premium Smooth White Paper"",""Sides Printed"":""Double Sided""}",09/02/2022,Available,COM-502-516-555-560-EXPRESS,COM-502-516-555-560-STANDARD,COM-502-516-555-560-SAVER,N/A
Comp slips,PRD-9N6IUQGM,2500,0.2,2,120gsm Premium Smooth White Paper,Double Sided,41.25,3,37.5,4,33.75,6,N/A,N/A,0,5,13,30,0.2,1/3 A4 (DL),210,99,210,99,"{""Sets"":""2"",""Paper Type"":""120gsm Premium Smooth White Paper"",""Sides Printed"":""Double Sided""}",09/02/2022,Available,COM-502-516-555-560-EXPRESS,COM-502-516-555-560-STANDARD,COM-502-516-555-560-SAVER,N/A
Comp slips,PRD-9N6IUQGM,5000,0.2,2,120gsm Premium Smooth White Paper,Double Sided,53.68,3,48.8,4,43.92,6,N/A,N/A,0,5,13,30,0.2,1/3 A4 (DL),210,99,210,99,"{""Sets"":""2"",""Paper Type"":""120gsm Premium Smooth White Paper"",""Sides Printed"":""Double Sided""}",09/02/2022,Available,COM-502-516-555-560-EXPRESS,COM-502-516-555-560-STANDARD,COM-502-516-555-560-SAVER,N/A
Comp slips,PRD-9N6IUQGM,7500,0.2,2,120gsm Premium Smooth White Paper,Double Sided,87.28,3,79.35,4,71.41,6,N/A,N/A,0,5,13,30,0.2,1/3 A4 (DL),210,99,210,99,"{""Sets"":""2"",""Paper Type"":""120gsm Premium Smooth White Paper"",""Sides Printed"":""Double Sided""}",09/02/2022,Available,COM-502-516-555-560-EXPRESS,COM-502-516-555-560-STANDARD,COM-502-516-555-560-SAVER,N/A
Comp slips,PRD-9N6IUQGM,10000,0.2,2,120gsm Premium Smooth White Paper,Double Sided,102.85,3,93.5,4,84.15,6,N/A,N/A,0,5,13,30,0.2,1/3 A4 (DL),210,99,210,99,"{""Sets"":""2"",""Paper Type"":""120gsm Premium Smooth White Paper"",""Sides Printed"":""Double Sided""}",09/02/2022,Available,COM-502-516-555-560-EXPRESS,COM-502-516-555-560-STANDARD,COM-502-516-555-560-SAVER,N/A
Comp slips,PRD-9N6IUQGM,12500,0.2,2,120gsm Premium Smooth White Paper,Double Sided,132.84,3,120.76,4,108.68,6,N/A,N/A,0,5,13,30,0.2,1/3 A4 (DL),210,99,210,99,"{""Sets"":""2"",""Paper Type"":""120gsm Premium Smooth White Paper"",""Sides Printed"":""Double Sided""}",09/02/2022,Available,COM-502-516-555-560-EXPRESS,COM-502-516-555-560-STANDARD,COM-502-516-555-560-SAVER,N/A
Comp slips,PRD-9N6IUQGM,15000,0.2,2,120gsm Premium Smooth White Paper,Double Sided,137.53,3,125.03,4,112.53,6,N/A,N/A,0,5,13,30,0.2,1/3 A4 (DL),210,99,210,99,"{""Sets"":""2"",""Paper Type"":""120gsm Premium Smooth White Paper"",""Sides Printed"":""Double Sided""}",09/02/2022,Available,COM-502-516-555-560-EXPRESS,COM-502-516-555-560-STANDARD,COM-502-516-555-560-SAVER,N/A
Comp slips,PRD-9N6IUQGM,20000,0.2,2,120gsm Premium Smooth White Paper,Double Sided,176.13,3,160.12,4,144.11,6,N/A,N/A,0,5,13,30,0.2,1/3 A4 (DL),210,99,210,99,"{""Sets"":""2"",""Paper Type"":""120gsm Premium Smooth White Paper"",""Sides Printed"":""Double Sided""}",09/02/2022,Available,COM-502-516-555-560-EXPRESS,COM-502-516-555-560-STANDARD,COM-502-516-555-560-SAVER,N/A
Comp slips,PRD-9N6IUQGM,25000,0.2,2,120gsm Premium Smooth White Paper,Double Sided,226.75,3,206.14,4,185.53,6,N/A,N/A,0,5,13,30,0.2,1/3 A4 (DL),210,99,210,99,"{""Sets"":""2"",""Paper Type"":""120gsm Premium Smooth White Paper"",""Sides Printed"":""Double Sided""}",09/02/2022,Available,COM-502-516-555-560-EXPRESS,COM-502-516-555-560-STANDARD,COM-502-516-555-560-SAVER,N/A
Comp slips,PRD-9N6IUQGM,30000,0.2,2,120gsm Premium Smooth White Paper,Double Sided,246.22,3,223.84,4,201.46,6,N/A,N/A,0,5,13,30,0.2,1/3 A4 (DL),210,99,210,99,"{""Sets"":""2"",""Paper Type"":""120gsm Premium Smooth White Paper"",""Sides Printed"":""Double Sided""}",09/02/2022,Available,COM-502-516-555-560-EXPRESS,COM-502-516-555-560-STANDARD,COM-502-516-555-560-SAVER,N/A
Comp slips,PRD-9N6IUQGM,35000,0.2,2,120gsm Premium Smooth White Paper,Double Sided,289.78,3,263.44,4,237.1,6,N/A,N/A,0,5,13,30,0.2,1/3 A4 (DL),210,99,210,99,"{""Sets"":""2"",""Paper Type"":""120gsm Premium Smooth White Paper"",""Sides Printed"":""Double Sided""}",09/02/2022,Available,COM-502-516-555-560-EXPRESS,COM-502-516-555-560-STANDARD,COM-502-516-555-560-SAVER,N/A
Comp slips,PRD-9N6IUQGM,40000,0.2,2,120gsm Premium Smooth White Paper,Double Sided,322.84,3,293.49,4,264.14,6,N/A,N/A,0,5,13,30,0.2,1/3 A4 (DL),210,99,210,99,"{""Sets"":""2"",""Paper Type"":""120gsm Premium Smooth White Paper"",""Sides Printed"":""Double Sided""}",09/02/2022,Available,COM-502-516-555-560-EXPRESS,COM-502-516-555-560-STANDARD,COM-502-516-555-560-SAVER,N/A
Comp slips,PRD-9N6IUQGM,45000,0.2,2,120gsm Premium Smooth White Paper,Double Sided,366.4,3,333.09,4,299.78,6,N/A,N/A,0,5,13,30,0.2,1/3 A4 (DL),210,99,210,99,"{""Sets"":""2"",""Paper Type"":""120gsm Premium Smooth White Paper"",""Sides Printed"":""Double Sided""}",09/02/2022,Available,COM-502-516-555-560-EXPRESS,COM-502-516-555-560-STANDARD,COM-502-516-555-560-SAVER,N/A
Comp slips,PRD-9N6IUQGM,50000,0.2,2,120gsm Premium Smooth White Paper,Double Sided,381.15,3,346.5,4,311.85,6,N/A,N/A,0,5,13,30,0.2,1/3 A4 (DL),210,99,210,99,"{""Sets"":""2"",""Paper Type"":""120gsm Premium Smooth White Paper"",""Sides Printed"":""Double Sided""}",09/02/2022,Available,COM-502-516-555-560-EXPRESS,COM-502-516-555-560-STANDARD,COM-502-516-555-560-SAVER,N/A
Comp slips,PRD-9N6IUQGM,55000,0.2,2,120gsm Premium Smooth White Paper,Double Sided,495,4,450,5,405,7,N/A,N/A,0,5,13,30,0.2,1/3 A4 (DL),210,99,210,99,"{""Sets"":""2"",""Paper Type"":""120gsm Premium Smooth White Paper"",""Sides Printed"":""Double Sided""}",09/02/2022,Available,COM-502-516-555-560-EXPRESS,COM-502-516-555-560-STANDARD,COM-502-516-555-560-SAVER,N/A
Comp slips,PRD-9N6IUQGM,60000,0.2,2,120gsm Premium Smooth White Paper,Double Sided,517.44,4,470.4,5,423.36,7,N/A,N/A,0,5,13,30,0.2,1/3 A4 (DL),210,99,210,99,"{""Sets"":""2"",""Paper Type"":""120gsm Premium Smooth White Paper"",""Sides Printed"":""Double Sided""}",09/02/2022,Available,COM-502-516-555-560-EXPRESS,COM-502-516-555-560-STANDARD,COM-502-516-555-560-SAVER,N/A
Comp slips,PRD-9N6IUQGM,65000,0.2,2,120gsm Premium Smooth White Paper,Double Sided,563.2,4,512,5,460.8,7,N/A,N/A,0,5,13,30,0.2,1/3 A4 (DL),210,99,210,99,"{""Sets"":""2"",""Paper Type"":""120gsm Premium Smooth White Paper"",""Sides Printed"":""Double Sided""}",09/02/2022,Available,COM-502-516-555-560-EXPRESS,COM-502-516-555-560-STANDARD,COM-502-516-555-560-SAVER,N/A
Comp slips,PRD-9N6IUQGM,70000,0.2,2,120gsm Premium Smooth White Paper,Double Sided,608.3,4,553,5,497.7,7,N/A,N/A,0,5,13,30,0.2,1/3 A4 (DL),210,99,210,99,"{""Sets"":""2"",""Paper Type"":""120gsm Premium Smooth White Paper"",""Sides Printed"":""Double Sided""}",09/02/2022,Available,COM-502-516-555-560-EXPRESS,COM-502-516-555-560-STANDARD,COM-502-516-555-560-SAVER,N/A
Comp slips,PRD-9N6IUQGM,75000,0.2,2,120gsm Premium Smooth White Paper,Double Sided,615.12,4,559.2,5,503.28,7,N/A,N/A,0,5,13,30,0.2,1/3 A4 (DL),210,99,210,99,"{""Sets"":""2"",""Paper Type"":""120gsm Premium Smooth White Paper"",""Sides Printed"":""Double Sided""}",09/02/2022,Available,COM-502-516-555-560-EXPRESS,COM-502-516-555-560-STANDARD,COM-502-516-555-560-SAVER,N/A
Comp slips,PRD-9N6IUQGM,80000,0.2,2,120gsm Premium Smooth White Paper,Double Sided,661.32,4,601.2,5,541.08,7,N/A,N/A,0,5,13,30,0.2,1/3 A4 (DL),210,99,210,99,"{""Sets"":""2"",""Paper Type"":""120gsm Premium Smooth White Paper"",""Sides Printed"":""Double Sided""}",09/02/2022,Available,COM-502-516-555-560-EXPRESS,COM-502-516-555-560-STANDARD,COM-502-516-555-560-SAVER,N/A
Comp slips,PRD-9N6IUQGM,85000,0.2,2,120gsm Premium Smooth White Paper,Double Sided,707.52,4,643.2,5,578.88,7,N/A,N/A,0,5,13,30,0.2,1/3 A4 (DL),210,99,210,99,"{""Sets"":""2"",""Paper Type"":""120gsm Premium Smooth White Paper"",""Sides Printed"":""Double Sided""}",09/02/2022,Available,COM-502-516-555-560-EXPRESS,COM-502-516-555-560-STANDARD,COM-502-516-555-560-SAVER,N/A
Comp slips,PRD-9N6IUQGM,90000,0.2,2,120gsm Premium Smooth White Paper,Double Sided,714.12,4,649.2,5,584.28,7,N/A,N/A,0,5,13,30,0.2,1/3 A4 (DL),210,99,210,99,"{""Sets"":""2"",""Paper Type"":""120gsm Premium Smooth White Paper"",""Sides Printed"":""Double Sided""}",09/02/2022,Available,COM-502-516-555-560-EXPRESS,COM-502-516-555-560-STANDARD,COM-502-516-555-560-SAVER,N/A
Comp slips,PRD-9N6IUQGM,95000,0.2,2,120gsm Premium Smooth White Paper,Double Sided,753.06,4,684.6,5,616.14,7,N/A,N/A,0,5,13,30,0.2,1/3 A4 (DL),210,99,210,99,"{""Sets"":""2"",""Paper Type"":""120gsm Premium Smooth White Paper"",""Sides Printed"":""Double Sided""}",09/02/2022,Available,COM-502-516-555-560-EXPRESS,COM-502-516-555-560-STANDARD,COM-502-516-555-560-SAVER,N/A
Comp slips,PRD-9N6IUQGM,100000,0.2,2,120gsm Premium Smooth White Paper,Double Sided,798.6,4,726,5,653.4,7,N/A,N/A,0,5,13,30,0.2,1/3 A4 (DL),210,99,210,99,"{""Sets"":""2"",""Paper Type"":""120gsm Premium Smooth White Paper"",""Sides Printed"":""Double Sided""}",09/02/2022,Available,COM-502-516-555-560-EXPRESS,COM-502-516-555-560-STANDARD,COM-502-516-555-560-SAVER,N/A
Comp slips,PRD-9N6IUQGM,250,0.2,1,100gsm Premium Smooth White Paper,Double Sided,22.55,3,20.5,4,18.45,6,N/A,N/A,0,5,13,30,0.2,1/3 A4 (DL),210,99,210,99,"{""Sets"":""1"",""Paper Type"":""100gsm Premium Smooth White Paper"",""Sides Printed"":""Double Sided""}",09/02/2022,Available,COM-468-605-527-660-EXPRESS,COM-468-605-527-660-STANDARD,COM-468-605-527-660-SAVER,N/A
Comp slips,PRD-9N6IUQGM,500,0.2,1,100gsm Premium Smooth White Paper,Double Sided,26.92,3,24.47,4,22.02,6,N/A,N/A,0,5,13,30,0.2,1/3 A4 (DL),210,99,210,99,"{""Sets"":""1"",""Paper Type"":""100gsm Premium Smooth White Paper"",""Sides Printed"":""Double Sided""}",09/02/2022,Available,COM-468-605-527-660-EXPRESS,COM-468-605-527-660-STANDARD,COM-468-605-527-660-SAVER,N/A
Comp slips,PRD-9N6IUQGM,1000,0.2,1,100gsm Premium Smooth White Paper,Double Sided,32.21,3,29.28,4,26.35,6,N/A,N/A,0,5,13,30,0.2,1/3 A4 (DL),210,99,210,99,"{""Sets"":""1"",""Paper Type"":""100gsm Premium Smooth White Paper"",""Sides Printed"":""Double Sided""}",09/02/2022,Available,COM-468-605-527-660-EXPRESS,COM-468-605-527-660-STANDARD,COM-468-605-527-660-SAVER,N/A
Comp slips,PRD-9N6IUQGM,2000,0.2,1,100gsm Premium Smooth White Paper,Double Sided,34.65,3,31.5,4,28.35,6,N/A,N/A,0,5,13,30,0.2,1/3 A4 (DL),210,99,210,99,"{""Sets"":""1"",""Paper Type"":""100gsm Premium Smooth White Paper"",""Sides Printed"":""Double Sided""}",09/02/2022,Available,COM-468-605-527-660-EXPRESS,COM-468-605-527-660-STANDARD,COM-468-605-527-660-SAVER,N/A
Comp slips,PRD-9N6IUQGM,2500,0.2,1,100gsm Premium Smooth White Paper,Double Sided,35.75,3,32.5,4,29.25,6,N/A,N/A,0,5,13,30,0.2,1/3 A4 (DL),210,99,210,99,"{""Sets"":""1"",""Paper Type"":""100gsm Premium Smooth White Paper"",""Sides Printed"":""Double Sided""}",09/02/2022,Available,COM-468-605-527-660-EXPRESS,COM-468-605-527-660-STANDARD,COM-468-605-527-660-SAVER,N/A
Comp slips,PRD-9N6IUQGM,5000,0.2,1,100gsm Premium Smooth White Paper,Double Sided,47.19,3,42.9,4,38.61,6,N/A,N/A,0,5,13,30,0.2,1/3 A4 (DL),210,99,210,99,"{""Sets"":""1"",""Paper Type"":""100gsm Premium Smooth White Paper"",""Sides Printed"":""Double Sided""}",09/02/2022,Available,COM-468-605-527-660-EXPRESS,COM-468-605-527-660-STANDARD,COM-468-605-527-660-SAVER,N/A
Comp slips,PRD-9N6IUQGM,7500,0.2,1,100gsm Premium Smooth White Paper,Double Sided,75.14,3,68.31,4,61.48,6,N/A,N/A,0,5,13,30,0.2,1/3 A4 (DL),210,99,210,99,"{""Sets"":""1"",""Paper Type"":""100gsm Premium Smooth White Paper"",""Sides Printed"":""Double Sided""}",09/02/2022,Available,COM-468-605-527-660-EXPRESS,COM-468-605-527-660-STANDARD,COM-468-605-527-660-SAVER,N/A
Comp slips,PRD-9N6IUQGM,10000,0.2,1,100gsm Premium Smooth White Paper,Double Sided,87.12,3,79.2,4,71.28,6,N/A,N/A,0,5,13,30,0.2,1/3 A4 (DL),210,99,210,99,"{""Sets"":""1"",""Paper Type"":""100gsm Premium Smooth White Paper"",""Sides Printed"":""Double Sided""}",09/02/2022,Available,COM-468-605-527-660-EXPRESS,COM-468-605-527-660-STANDARD,COM-468-605-527-660-SAVER,N/A
Comp slips,PRD-9N6IUQGM,12500,0.2,1,100gsm Premium Smooth White Paper,Double Sided,117.98,3,107.25,4,96.52,6,N/A,N/A,0,5,13,30,0.2,1/3 A4 (DL),210,99,210,99,"{""Sets"":""1"",""Paper Type"":""100gsm Premium Smooth White Paper"",""Sides Printed"":""Double Sided""}",09/02/2022,Available,COM-468-605-527-660-EXPRESS,COM-468-605-527-660-STANDARD,COM-468-605-527-660-SAVER,N/A
Comp slips,PRD-9N6IUQGM,15000,0.2,1,100gsm Premium Smooth White Paper,Double Sided,123.77,3,112.52,4,101.27,6,N/A,N/A,0,5,13,30,0.2,1/3 A4 (DL),210,99,210,99,"{""Sets"":""1"",""Paper Type"":""100gsm Premium Smooth White Paper"",""Sides Printed"":""Double Sided""}",09/02/2022,Available,COM-468-605-527-660-EXPRESS,COM-468-605-527-660-STANDARD,COM-468-605-527-660-SAVER,N/A
Comp slips,PRD-9N6IUQGM,20000,0.2,1,100gsm Premium Smooth White Paper,Double Sided,158.51,3,144.1,4,129.69,6,N/A,N/A,0,5,13,30,0.2,1/3 A4 (DL),210,99,210,99,"{""Sets"":""1"",""Paper Type"":""100gsm Premium Smooth White Paper"",""Sides Printed"":""Double Sided""}",09/02/2022,Available,COM-468-605-527-660-EXPRESS,COM-468-605-527-660-STANDARD,COM-468-605-527-660-SAVER,N/A
Comp slips,PRD-9N6IUQGM,25000,0.2,1,100gsm Premium Smooth White Paper,Double Sided,204.08,3,185.53,4,166.98,6,N/A,N/A,0,5,13,30,0.2,1/3 A4 (DL),210,99,210,99,"{""Sets"":""1"",""Paper Type"":""100gsm Premium Smooth White Paper"",""Sides Printed"":""Double Sided""}",09/02/2022,Available,COM-468-605-527-660-EXPRESS,COM-468-605-527-660-STANDARD,COM-468-605-527-660-SAVER,N/A
Comp slips,PRD-9N6IUQGM,30000,0.2,1,100gsm Premium Smooth White Paper,Double Sided,221.61,3,201.46,4,181.31,6,N/A,N/A,0,5,13,30,0.2,1/3 A4 (DL),210,99,210,99,"{""Sets"":""1"",""Paper Type"":""100gsm Premium Smooth White Paper"",""Sides Printed"":""Double Sided""}",09/02/2022,Available,COM-468-605-527-660-EXPRESS,COM-468-605-527-660-STANDARD,COM-468-605-527-660-SAVER,N/A
Comp slips,PRD-9N6IUQGM,35000,0.2,1,100gsm Premium Smooth White Paper,Double Sided,260.81,3,237.1,4,213.39,6,N/A,N/A,0,5,13,30,0.2,1/3 A4 (DL),210,99,210,99,"{""Sets"":""1"",""Paper Type"":""100gsm Premium Smooth White Paper"",""Sides Printed"":""Double Sided""}",09/02/2022,Available,COM-468-605-527-660-EXPRESS,COM-468-605-527-660-STANDARD,COM-468-605-527-660-SAVER,N/A
Comp slips,PRD-9N6IUQGM,40000,0.2,1,100gsm Premium Smooth White Paper,Double Sided,290.55,3,264.14,4,237.73,6,N/A,N/A,0,5,13,30,0.2,1/3 A4 (DL),210,99,210,99,"{""Sets"":""1"",""Paper Type"":""100gsm Premium Smooth White Paper"",""Sides Printed"":""Double Sided""}",09/02/2022,Available,COM-468-605-527-660-EXPRESS,COM-468-605-527-660-STANDARD,COM-468-605-527-660-SAVER,N/A
Comp slips,PRD-9N6IUQGM,45000,0.2,1,100gsm Premium Smooth White Paper,Double Sided,329.76,3,299.78,4,269.8,6,N/A,N/A,0,5,13,30,0.2,1/3 A4 (DL),210,99,210,99,"{""Sets"":""1"",""Paper Type"":""100gsm Premium Smooth White Paper"",""Sides Printed"":""Double Sided""}",09/02/2022,Available,COM-468-605-527-660-EXPRESS,COM-468-605-527-660-STANDARD,COM-468-605-527-660-SAVER,N/A
Comp slips,PRD-9N6IUQGM,50000,0.2,1,100gsm Premium Smooth White Paper,Double Sided,343.04,3,311.85,4,280.66,6,N/A,N/A,0,5,13,30,0.2,1/3 A4 (DL),210,99,210,99,"{""Sets"":""1"",""Paper Type"":""100gsm Premium Smooth White Paper"",""Sides Printed"":""Double Sided""}",09/02/2022,Available,COM-468-605-527-660-EXPRESS,COM-468-605-527-660-STANDARD,COM-468-605-527-660-SAVER,N/A
Comp slips,PRD-9N6IUQGM,55000,0.2,1,100gsm Premium Smooth White Paper,Double Sided,445.5,4,405,5,364.5,7,N/A,N/A,0,5,13,30,0.2,1/3 A4 (DL),210,99,210,99,"{""Sets"":""1"",""Paper Type"":""100gsm Premium Smooth White Paper"",""Sides Printed"":""Double Sided""}",09/02/2022,Available,COM-468-605-527-660-EXPRESS,COM-468-605-527-660-STANDARD,COM-468-605-527-660-SAVER,N/A
Comp slips,PRD-9N6IUQGM,60000,0.2,1,100gsm Premium Smooth White Paper,Double Sided,465.7,4,423.36,5,381.02,7,N/A,N/A,0,5,13,30,0.2,1/3 A4 (DL),210,99,210,99,"{""Sets"":""1"",""Paper Type"":""100gsm Premium Smooth White Paper"",""Sides Printed"":""Double Sided""}",09/02/2022,Available,COM-468-605-527-660-EXPRESS,COM-468-605-527-660-STANDARD,COM-468-605-527-660-SAVER,N/A
Comp slips,PRD-9N6IUQGM,65000,0.2,1,100gsm Premium Smooth White Paper,Double Sided,506.68,4,460.62,5,414.56,7,N/A,N/A,0,5,13,30,0.2,1/3 A4 (DL),210,99,210,99,"{""Sets"":""1"",""Paper Type"":""100gsm Premium Smooth White Paper"",""Sides Printed"":""Double Sided""}",09/02/2022,Available,COM-468-605-527-660-EXPRESS,COM-468-605-527-660-STANDARD,COM-468-605-527-660-SAVER,N/A
Comp slips,PRD-9N6IUQGM,70000,0.2,1,100gsm Premium Smooth White Paper,Double Sided,547.67,4,497.88,5,448.09,7,N/A,N/A,0,5,13,30,0.2,1/3 A4 (DL),210,99,210,99,"{""Sets"":""1"",""Paper Type"":""100gsm Premium Smooth White Paper"",""Sides Printed"":""Double Sided""}",09/02/2022,Available,COM-468-605-527-660-EXPRESS,COM-468-605-527-660-STANDARD,COM-468-605-527-660-SAVER,N/A
Comp slips,PRD-9N6IUQGM,75000,0.2,1,100gsm Premium Smooth White Paper,Double Sided,553.61,4,503.28,5,452.95,7,N/A,N/A,0,5,13,30,0.2,1/3 A4 (DL),210,99,210,99,"{""Sets"":""1"",""Paper Type"":""100gsm Premium Smooth White Paper"",""Sides Printed"":""Double Sided""}",09/02/2022,Available,COM-468-605-527-660-EXPRESS,COM-468-605-527-660-STANDARD,COM-468-605-527-660-SAVER,N/A
Comp slips,PRD-9N6IUQGM,80000,0.2,1,100gsm Premium Smooth White Paper,Double Sided,595.19,4,541.08,5,486.97,7,N/A,N/A,0,5,13,30,0.2,1/3 A4 (DL),210,99,210,99,"{""Sets"":""1"",""Paper Type"":""100gsm Premium Smooth White Paper"",""Sides Printed"":""Double Sided""}",09/02/2022,Available,COM-468-605-527-660-EXPRESS,COM-468-605-527-660-STANDARD,COM-468-605-527-660-SAVER,N/A
Comp slips,PRD-9N6IUQGM,85000,0.2,1,100gsm Premium Smooth White Paper,Double Sided,636.77,4,578.88,5,520.99,7,N/A,N/A,0,5,13,30,0.2,1/3 A4 (DL),210,99,210,99,"{""Sets"":""1"",""Paper Type"":""100gsm Premium Smooth White Paper"",""Sides Printed"":""Double Sided""}",09/02/2022,Available,COM-468-605-527-660-EXPRESS,COM-468-605-527-660-STANDARD,COM-468-605-527-660-SAVER,N/A
Comp slips,PRD-9N6IUQGM,90000,0.2,1,100gsm Premium Smooth White Paper,Double Sided,642.71,4,584.28,5,525.85,7,N/A,N/A,0,5,13,30,0.2,1/3 A4 (DL),210,99,210,99,"{""Sets"":""1"",""Paper Type"":""100gsm Premium Smooth White Paper"",""Sides Printed"":""Double Sided""}",09/02/2022,Available,COM-468-605-527-660-EXPRESS,COM-468-605-527-660-STANDARD,COM-468-605-527-660-SAVER,N/A
Comp slips,PRD-9N6IUQGM,95000,0.2,1,100gsm Premium Smooth White Paper,Double Sided,677.75,4,616.14,5,554.53,7,N/A,N/A,0,5,13,30,0.2,1/3 A4 (DL),210,99,210,99,"{""Sets"":""1"",""Paper Type"":""100gsm Premium Smooth White Paper"",""Sides Printed"":""Double Sided""}",09/02/2022,Available,COM-468-605-527-660-EXPRESS,COM-468-605-527-660-STANDARD,COM-468-605-527-660-SAVER,N/A
Comp slips,PRD-9N6IUQGM,100000,0.2,1,100gsm Premium Smooth White Paper,Double Sided,718.74,4,653.4,5,588.06,7,N/A,N/A,0,5,13,30,0.2,1/3 A4 (DL),210,99,210,99,"{""Sets"":""1"",""Paper Type"":""100gsm Premium Smooth White Paper"",""Sides Printed"":""Double Sided""}",09/02/2022,Available,COM-468-605-527-660-EXPRESS,COM-468-605-527-660-STANDARD,COM-468-605-527-660-SAVER,N/A
Comp slips,PRD-9N6IUQGM,250,0.2,2,120gsm Premium Smooth White Paper,Single Sided,20.88,1,18.98,2,17.08,4,N/A,N/A,0,5,13,30,0.2,1/3 A4 (DL),210,99,210,99,"{""Sets"":""2"",""Paper Type"":""120gsm Premium Smooth White Paper"",""Sides Printed"":""Single Sided""}",09/02/2022,Available,COM-464-566-557-599-EXPRESS,COM-464-566-557-599-STANDARD,COM-464-566-557-599-SAVER,N/A
Comp slips,PRD-9N6IUQGM,500,0.2,2,120gsm Premium Smooth White Paper,Single Sided,24.93,1,22.66,2,20.39,4,N/A,N/A,0,5,13,30,0.2,1/3 A4 (DL),210,99,210,99,"{""Sets"":""2"",""Paper Type"":""120gsm Premium Smooth White Paper"",""Sides Printed"":""Single Sided""}",09/02/2022,Available,COM-464-566-557-599-EXPRESS,COM-464-566-557-599-STANDARD,COM-464-566-557-599-SAVER,N/A
Comp slips,PRD-9N6IUQGM,1000,0.2,2,120gsm Premium Smooth White Paper,Single Sided,27.72,1,25.2,2,22.68,4,N/A,N/A,0,5,13,30,0.2,1/3 A4 (DL),210,99,210,99,"{""Sets"":""2"",""Paper Type"":""120gsm Premium Smooth White Paper"",""Sides Printed"":""Single Sided""}",09/02/2022,Available,COM-464-566-557-599-EXPRESS,COM-464-566-557-599-STANDARD,COM-464-566-557-599-SAVER,N/A
Comp slips,PRD-9N6IUQGM,2000,0.2,2,120gsm Premium Smooth White Paper,Single Sided,30.8,1,28,2,25.2,4,N/A,N/A,0,5,13,30,0.2,1/3 A4 (DL),210,99,210,99,"{""Sets"":""2"",""Paper Type"":""120gsm Premium Smooth White Paper"",""Sides Printed"":""Single Sided""}",09/02/2022,Available,COM-464-566-557-599-EXPRESS,COM-464-566-557-599-STANDARD,COM-464-566-557-599-SAVER,N/A
Comp slips,PRD-9N6IUQGM,2500,0.2,2,120gsm Premium Smooth White Paper,Single Sided,33,1,30,2,27,4,N/A,N/A,0,5,13,30,0.2,1/3 A4 (DL),210,99,210,99,"{""Sets"":""2"",""Paper Type"":""120gsm Premium Smooth White Paper"",""Sides Printed"":""Single Sided""}",09/02/2022,Available,COM-464-566-557-599-EXPRESS,COM-464-566-557-599-STANDARD,COM-464-566-557-599-SAVER,N/A
Comp slips,PRD-9N6IUQGM,5000,0.2,2,120gsm Premium Smooth White Paper,Single Sided,46.75,1,42.5,2,38.25,4,N/A,N/A,0,5,13,30,0.2,1/3 A4 (DL),210,99,210,99,"{""Sets"":""2"",""Paper Type"":""120gsm Premium Smooth White Paper"",""Sides Printed"":""Single Sided""}",09/02/2022,Available,COM-464-566-557-599-EXPRESS,COM-464-566-557-599-STANDARD,COM-464-566-557-599-SAVER,N/A
Comp slips,PRD-9N6IUQGM,7500,0.2,2,120gsm Premium Smooth White Paper,Single Sided,75.9,1,69,2,62.1,4,N/A,N/A,0,5,13,30,0.2,1/3 A4 (DL),210,99,210,99,"{""Sets"":""2"",""Paper Type"":""120gsm Premium Smooth White Paper"",""Sides Printed"":""Single Sided""}",09/02/2022,Available,COM-464-566-557-599-EXPRESS,COM-464-566-557-599-STANDARD,COM-464-566-557-599-SAVER,N/A
Comp slips,PRD-9N6IUQGM,10000,0.2,2,120gsm Premium Smooth White Paper,Single Sided,93.5,1,85,2,76.5,4,N/A,N/A,0,5,13,30,0.2,1/3 A4 (DL),210,99,210,99,"{""Sets"":""2"",""Paper Type"":""120gsm Premium Smooth White Paper"",""Sides Printed"":""Single Sided""}",09/02/2022,Available,COM-464-566-557-599-EXPRESS,COM-464-566-557-599-STANDARD,COM-464-566-557-599-SAVER,N/A
Comp slips,PRD-9N6IUQGM,12500,0.2,2,120gsm Premium Smooth White Paper,Single Sided,120.76,1,109.78,2,98.8,4,N/A,N/A,0,5,13,30,0.2,1/3 A4 (DL),210,99,210,99,"{""Sets"":""2"",""Paper Type"":""120gsm Premium Smooth White Paper"",""Sides Printed"":""Single Sided""}",09/02/2022,Available,COM-464-566-557-599-EXPRESS,COM-464-566-557-599-STANDARD,COM-464-566-557-599-SAVER,N/A
Comp slips,PRD-9N6IUQGM,15000,0.2,2,120gsm Premium Smooth White Paper,Single Sided,125.03,1,113.66,2,102.29,4,N/A,N/A,0,5,13,30,0.2,1/3 A4 (DL),210,99,210,99,"{""Sets"":""2"",""Paper Type"":""120gsm Premium Smooth White Paper"",""Sides Printed"":""Single Sided""}",09/02/2022,Available,COM-464-566-557-599-EXPRESS,COM-464-566-557-599-STANDARD,COM-464-566-557-599-SAVER,N/A
Comp slips,PRD-9N6IUQGM,20000,0.2,2,120gsm Premium Smooth White Paper,Single Sided,160.12,1,145.56,2,131,4,N/A,N/A,0,5,13,30,0.2,1/3 A4 (DL),210,99,210,99,"{""Sets"":""2"",""Paper Type"":""120gsm Premium Smooth White Paper"",""Sides Printed"":""Single Sided""}",09/02/2022,Available,COM-464-566-557-599-EXPRESS,COM-464-566-557-599-STANDARD,COM-464-566-557-599-SAVER,N/A
Comp slips,PRD-9N6IUQGM,25000,0.2,2,120gsm Premium Smooth White Paper,Single Sided,206.14,1,187.4,2,168.66,4,N/A,N/A,0,5,13,30,0.2,1/3 A4 (DL),210,99,210,99,"{""Sets"":""2"",""Paper Type"":""120gsm Premium Smooth White Paper"",""Sides Printed"":""Single Sided""}",09/02/2022,Available,COM-464-566-557-599-EXPRESS,COM-464-566-557-599-STANDARD,COM-464-566-557-599-SAVER,N/A
Comp slips,PRD-9N6IUQGM,30000,0.2,2,120gsm Premium Smooth White Paper,Single Sided,223.84,1,203.49,2,183.14,4,N/A,N/A,0,5,13,30,0.2,1/3 A4 (DL),210,99,210,99,"{""Sets"":""2"",""Paper Type"":""120gsm Premium Smooth White Paper"",""Sides Printed"":""Single Sided""}",09/02/2022,Available,COM-464-566-557-599-EXPRESS,COM-464-566-557-599-STANDARD,COM-464-566-557-599-SAVER,N/A
Comp slips,PRD-9N6IUQGM,35000,0.2,2,120gsm Premium Smooth White Paper,Single Sided,263.44,1,239.49,2,215.54,4,N/A,N/A,0,5,13,30,0.2,1/3 A4 (DL),210,99,210,99,"{""Sets"":""2"",""Paper Type"":""120gsm Premium Smooth White Paper"",""Sides Printed"":""Single Sided""}",09/02/2022,Available,COM-464-566-557-599-EXPRESS,COM-464-566-557-599-STANDARD,COM-464-566-557-599-SAVER,N/A
Comp slips,PRD-9N6IUQGM,40000,0.2,2,120gsm Premium Smooth White Paper,Single Sided,293.49,1,266.81,2,240.13,4,N/A,N/A,0,5,13,30,0.2,1/3 A4 (DL),210,99,210,99,"{""Sets"":""2"",""Paper Type"":""120gsm Premium Smooth White Paper"",""Sides Printed"":""Single Sided""}",09/02/2022,Available,COM-464-566-557-599-EXPRESS,COM-464-566-557-599-STANDARD,COM-464-566-557-599-SAVER,N/A
Comp slips,PRD-9N6IUQGM,45000,0.2,2,120gsm Premium Smooth White Paper,Single Sided,333.09,1,302.81,2,272.53,4,N/A,N/A,0,5,13,30,0.2,1/3 A4 (DL),210,99,210,99,"{""Sets"":""2"",""Paper Type"":""120gsm Premium Smooth White Paper"",""Sides Printed"":""Single Sided""}",09/02/2022,Available,COM-464-566-557-599-EXPRESS,COM-464-566-557-599-STANDARD,COM-464-566-557-599-SAVER,N/A
Comp slips,PRD-9N6IUQGM,50000,0.2,2,120gsm Premium Smooth White Paper,Single Sided,346.5,1,315,2,283.5,4,N/A,N/A,0,5,13,30,0.2,1/3 A4 (DL),210,99,210,99,"{""Sets"":""2"",""Paper Type"":""120gsm Premium Smooth White Paper"",""Sides Printed"":""Single Sided""}",09/02/2022,Available,COM-464-566-557-599-EXPRESS,COM-464-566-557-599-STANDARD,COM-464-566-557-599-SAVER,N/A
Comp slips,PRD-9N6IUQGM,55000,0.2,2,120gsm Premium Smooth White Paper,Single Sided,412.5,2,375,3,337.5,5,N/A,N/A,0,5,13,30,0.2,1/3 A4 (DL),210,99,210,99,"{""Sets"":""2"",""Paper Type"":""120gsm Premium Smooth White Paper"",""Sides Printed"":""Single Sided""}",09/02/2022,Available,COM-464-566-557-599-EXPRESS,COM-464-566-557-599-STANDARD,COM-464-566-557-599-SAVER,N/A
Comp slips,PRD-9N6IUQGM,60000,0.2,2,120gsm Premium Smooth White Paper,Single Sided,431.2,2,392,3,352.8,5,N/A,N/A,0,5,13,30,0.2,1/3 A4 (DL),210,99,210,99,"{""Sets"":""2"",""Paper Type"":""120gsm Premium Smooth White Paper"",""Sides Printed"":""Single Sided""}",09/02/2022,Available,COM-464-566-557-599-EXPRESS,COM-464-566-557-599-STANDARD,COM-464-566-557-599-SAVER,N/A
Comp slips,PRD-9N6IUQGM,65000,0.2,2,120gsm Premium Smooth White Paper,Single Sided,469.15,2,426.5,3,383.85,5,N/A,N/A,0,5,13,30,0.2,1/3 A4 (DL),210,99,210,99,"{""Sets"":""2"",""Paper Type"":""120gsm Premium Smooth White Paper"",""Sides Printed"":""Single Sided""}",09/02/2022,Available,COM-464-566-557-599-EXPRESS,COM-464-566-557-599-STANDARD,COM-464-566-557-599-SAVER,N/A
Comp slips,PRD-9N6IUQGM,70000,0.2,2,120gsm Premium Smooth White Paper,Single Sided,507.1,2,461,3,414.9,5,N/A,N/A,0,5,13,30,0.2,1/3 A4 (DL),210,99,210,99,"{""Sets"":""2"",""Paper Type"":""120gsm Premium Smooth White Paper"",""Sides Printed"":""Single Sided""}",09/02/2022,Available,COM-464-566-557-599-EXPRESS,COM-464-566-557-599-STANDARD,COM-464-566-557-599-SAVER,N/A
Comp slips,PRD-9N6IUQGM,75000,0.2,2,120gsm Premium Smooth White Paper,Single Sided,512.6,2,466,3,419.4,5,N/A,N/A,0,5,13,30,0.2,1/3 A4 (DL),210,99,210,99,"{""Sets"":""2"",""Paper Type"":""120gsm Premium Smooth White Paper"",""Sides Printed"":""Single Sided""}",09/02/2022,Available,COM-464-566-557-599-EXPRESS,COM-464-566-557-599-STANDARD,COM-464-566-557-599-SAVER,N/A
Comp slips,PRD-9N6IUQGM,80000,0.2,2,120gsm Premium Smooth White Paper,Single Sided,551.1,2,501,3,450.9,5,N/A,N/A,0,5,13,30,0.2,1/3 A4 (DL),210,99,210,99,"{""Sets"":""2"",""Paper Type"":""120gsm Premium Smooth White Paper"",""Sides Printed"":""Single Sided""}",09/02/2022,Available,COM-464-566-557-599-EXPRESS,COM-464-566-557-599-STANDARD,COM-464-566-557-599-SAVER,N/A
Comp slips,PRD-9N6IUQGM,85000,0.2,2,120gsm Premium Smooth White Paper,Single Sided,589.6,2,536,3,482.4,5,N/A,N/A,0,5,13,30,0.2,1/3 A4 (DL),210,99,210,99,"{""Sets"":""2"",""Paper Type"":""120gsm Premium Smooth White Paper"",""Sides Printed"":""Single Sided""}",09/02/2022,Available,COM-464-566-557-599-EXPRESS,COM-464-566-557-599-STANDARD,COM-464-566-557-599-SAVER,N/A
Comp slips,PRD-9N6IUQGM,90000,0.2,2,120gsm Premium Smooth White Paper,Single Sided,595.1,2,541,3,486.9,5,N/A,N/A,0,5,13,30,0.2,1/3 A4 (DL),210,99,210,99,"{""Sets"":""2"",""Paper Type"":""120gsm Premium Smooth White Paper"",""Sides Printed"":""Single Sided""}",09/02/2022,Available,COM-464-566-557-599-EXPRESS,COM-464-566-557-599-STANDARD,COM-464-566-557-599-SAVER,N/A
Comp slips,PRD-9N6IUQGM,95000,0.2,2,120gsm Premium Smooth White Paper,Single Sided,627.55,2,570.5,3,513.45,5,N/A,N/A,0,5,13,30,0.2,1/3 A4 (DL),210,99,210,99,"{""Sets"":""2"",""Paper Type"":""120gsm Premium Smooth White Paper"",""Sides Printed"":""Single Sided""}",09/02/2022,Available,COM-464-566-557-599-EXPRESS,COM-464-566-557-599-STANDARD,COM-464-566-557-599-SAVER,N/A
Comp slips,PRD-9N6IUQGM,100000,0.2,2,120gsm Premium Smooth White Paper,Single Sided,665.5,2,605,3,544.5,5,N/A,N/A,0,5,13,30,0.2,1/3 A4 (DL),210,99,210,99,"{""Sets"":""2"",""Paper Type"":""120gsm Premium Smooth White Paper"",""Sides Printed"":""Single Sided""}",09/02/2022,Available,COM-464-566-557-599-EXPRESS,COM-464-566-557-599-STANDARD,COM-464-566-557-599-SAVER,N/A
