ProductName,ProductID,Quantity,Tax,Size,Pages Per Pad,PriceExpress,Production Days Express,PriceStandard,Production Days Standard,PriceSaver,Production Days Saver,PriceSameday,Production Days Sameday,Price Just Print,Price File Check,Price File Check with Proofing,Price File Assist,Artwork Tax,Flat Width (mm),Flat Height (mm),Finished Width (mm),Finished Height (mm),productionDataJSON,updatedAt,Preflight,Express Sku,Standard Sku,Saver Sku,Same Day Sku
Deskpads,PRD-S5NJG2OB,100,0.2,A5 Landscape Deskpad,100,212.06,4,192.78,5,173.5,7,N/A,N/A,0,2.5,6.5,15,0.2,210,148,210,148,"{""Size"":""A5 Landscape Deskpad"",""Pages Per Pad"":""100""}",20/09/2021,Available,DES-602-612-515-659-EXPRESS,DES-602-612-515-659-STANDARD,DES-602-612-515-659-SAVER,N/A
Deskpads,PRD-S5NJG2OB,100,0.2,A4 Landscape Deskpad,25,155.51,4,141.37,5,127.23,7,N/A,N/A,0,2.5,6.5,15,0.2,297,210,297,210,"{""Size"":""A4 Landscape Deskpad"",""Pages Per Pad"":""25""}",20/09/2021,Available,DES-569-520-646-550-EXPRESS,DES-569-520-646-550-STANDARD,DES-569-520-646-550-SAVER,N/A
Deskpads,PRD-S5NJG2OB,100,0.2,A4 Portrait Deskpad,100,286.9,4,260.82,5,234.74,7,N/A,N/A,0,2.5,6.5,15,0.2,210,297,210,297,"{""Size"":""A4 Portrait Deskpad"",""Pages Per Pad"":""100""}",20/09/2021,Available,DES-565-604-435-557-EXPRESS,DES-565-604-435-557-STANDARD,DES-565-604-435-557-SAVER,N/A
Deskpads,PRD-S5NJG2OB,100,0.2,A3 Portrait Deskpad,100,438.67,4,398.79,5,358.91,7,N/A,N/A,0,2.5,6.5,15,0.2,297,420,297,420,"{""Size"":""A3 Portrait Deskpad"",""Pages Per Pad"":""100""}",20/09/2021,Available,DES-515-604-499-503-EXPRESS,DES-515-604-499-503-STANDARD,DES-515-604-499-503-SAVER,N/A
Deskpads,PRD-S5NJG2OB,100,0.2,A5 Portrait Deskpad,100,212.06,4,192.78,5,173.5,7,N/A,N/A,0,2.5,6.5,15,0.2,148,210,148,210,"{""Size"":""A5 Portrait Deskpad"",""Pages Per Pad"":""100""}",20/09/2021,Available,DES-616-557-512-557-EXPRESS,DES-616-557-512-557-STANDARD,DES-616-557-512-557-SAVER,N/A
Deskpads,PRD-S5NJG2OB,100,0.2,A5 Portrait Deskpad,50,165.29,4,150.26,5,135.23,7,N/A,N/A,0,2.5,6.5,15,0.2,148,210,148,210,"{""Size"":""A5 Portrait Deskpad"",""Pages Per Pad"":""50""}",20/09/2021,Available,DES-514-526-560-606-EXPRESS,DES-514-526-560-606-STANDARD,DES-514-526-560-606-SAVER,N/A
Deskpads,PRD-S5NJG2OB,100,0.2,A4 Portrait Deskpad,50,183.99,4,167.26,5,150.53,7,N/A,N/A,0,2.5,6.5,15,0.2,210,297,210,297,"{""Size"":""A4 Portrait Deskpad"",""Pages Per Pad"":""50""}",20/09/2021,Available,DES-560-605-643-551-EXPRESS,DES-560-605-643-551-STANDARD,DES-560-605-643-551-SAVER,N/A
Deskpads,PRD-S5NJG2OB,100,0.2,A5 Portrait Deskpad,25,141.37,4,128.52,5,115.67,7,N/A,N/A,0,2.5,6.5,15,0.2,148,210,148,210,"{""Size"":""A5 Portrait Deskpad"",""Pages Per Pad"":""25""}",20/09/2021,Available,DES-473-509-556-613-EXPRESS,DES-473-509-556-613-STANDARD,DES-473-509-556-613-SAVER,N/A
Deskpads,PRD-S5NJG2OB,100,0.2,A4 Portrait Deskpad,25,155.51,4,141.37,5,127.23,7,N/A,N/A,0,2.5,6.5,15,0.2,210,297,210,297,"{""Size"":""A4 Portrait Deskpad"",""Pages Per Pad"":""25""}",20/09/2021,Available,DES-608-567-557-607-EXPRESS,DES-608-567-557-607-STANDARD,DES-608-567-557-607-SAVER,N/A
Deskpads,PRD-S5NJG2OB,100,0.2,A3 Landscape Deskpad,100,438.67,4,398.79,5,358.91,7,N/A,N/A,0,2.5,6.5,15,0.2,420,297,420,297,"{""Size"":""A3 Landscape Deskpad"",""Pages Per Pad"":""100""}",20/09/2021,Available,DES-509-512-659-507-EXPRESS,DES-509-512-659-507-STANDARD,DES-509-512-659-507-SAVER,N/A
Deskpads,PRD-S5NJG2OB,100,0.2,A4 Landscape Deskpad,100,286.9,4,260.82,5,234.74,7,N/A,N/A,0,2.5,6.5,15,0.2,297,210,297,210,"{""Size"":""A4 Landscape Deskpad"",""Pages Per Pad"":""100""}",20/09/2021,Available,DES-516-476-468-509-EXPRESS,DES-516-476-468-509-STANDARD,DES-516-476-468-509-SAVER,N/A
Deskpads,PRD-S5NJG2OB,100,0.2,A5 Landscape Deskpad,50,165.29,4,150.26,5,135.23,7,N/A,N/A,0,2.5,6.5,15,0.2,210,148,210,148,"{""Size"":""A5 Landscape Deskpad"",""Pages Per Pad"":""50""}",20/09/2021,Available,DES-520-608-462-605-EXPRESS,DES-520-608-462-605-STANDARD,DES-520-608-462-605-SAVER,N/A
Deskpads,PRD-S5NJG2OB,100,0.2,A3 Landscape Deskpad,50,266.11,4,241.92,5,217.73,7,N/A,N/A,0,2.5,6.5,15,0.2,420,297,420,297,"{""Size"":""A3 Landscape Deskpad"",""Pages Per Pad"":""50""}",20/09/2021,Available,DES-556-562-620-508-EXPRESS,DES-556-562-620-508-STANDARD,DES-556-562-620-508-SAVER,N/A
Deskpads,PRD-S5NJG2OB,100,0.2,A3 Landscape Deskpad,25,166.32,4,151.2,5,136.08,7,N/A,N/A,0,2.5,6.5,15,0.2,420,297,420,297,"{""Size"":""A3 Landscape Deskpad"",""Pages Per Pad"":""25""}",20/09/2021,Available,DES-662-425-519-530-EXPRESS,DES-662-425-519-530-STANDARD,DES-662-425-519-530-SAVER,N/A
Deskpads,PRD-S5NJG2OB,100,0.2,A4 Landscape Deskpad,50,183.99,4,167.26,5,150.53,7,N/A,N/A,0,2.5,6.5,15,0.2,297,210,297,210,"{""Size"":""A4 Landscape Deskpad"",""Pages Per Pad"":""50""}",20/09/2021,Available,DES-511-574-565-521-EXPRESS,DES-511-574-565-521-STANDARD,DES-511-574-565-521-SAVER,N/A
Deskpads,PRD-S5NJG2OB,100,0.2,A3 Portrait Deskpad,50,266.11,4,241.92,5,217.73,7,N/A,N/A,0,2.5,6.5,15,0.2,297,420,297,420,"{""Size"":""A3 Portrait Deskpad"",""Pages Per Pad"":""50""}",20/09/2021,Available,DES-566-661-612-431-EXPRESS,DES-566-661-612-431-STANDARD,DES-566-661-612-431-SAVER,N/A
Deskpads,PRD-S5NJG2OB,100,0.2,A5 Landscape Deskpad,25,141.37,4,128.52,5,115.67,7,N/A,N/A,0,2.5,6.5,15,0.2,210,148,210,148,"{""Size"":""A5 Landscape Deskpad"",""Pages Per Pad"":""25""}",20/09/2021,Available,DES-515-616-702-557-EXPRESS,DES-515-616-702-557-STANDARD,DES-515-616-702-557-SAVER,N/A
Deskpads,PRD-S5NJG2OB,100,0.2,A3 Portrait Deskpad,25,166.32,4,151.2,5,136.08,7,N/A,N/A,0,2.5,6.5,15,0.2,297,420,297,420,"{""Size"":""A3 Portrait Deskpad"",""Pages Per Pad"":""25""}",20/09/2021,Available,DES-576-471-564-474-EXPRESS,DES-576-471-564-474-STANDARD,DES-576-471-564-474-SAVER,N/A
