ProductName,ProductID,Quantity,Tax,Size,Paper Type,Sides Printed,PriceExpress,Production Days Express,PriceStandard,Production Days Standard,PriceSaver,Production Days Saver,PriceSameday,Production Days Sameday,Price Just Print,Price File Check,Price File Check with Proofing,Price File Assist,Artwork Tax,Flat Width (mm),Flat Height (mm),Finished Width (mm),Finished Height (mm),productionDataJSON,updatedAt,Preflight,Express Sku,Standard Sku,Saver Sku,Same Day Sku
Envelopes,PRD-JCJE7ZVG,500,0.2,DL (220 x 110mm),90gsm White Self Seal,Black Only on Face,66,6,60,7,54,9,N/A,N/A,0,2.5,6.5,15,0.2,220,110,220,110,"{""Size"":""DL (220 x 110mm)"",""Paper Type"":""90gsm White Self Seal"",""Sides Printed"":""Black Only on Face""}",01/09/2021,N/A,ENV-513-510-564-519-EXPRESS,ENV-513-510-564-519-STANDARD,ENV-513-510-564-519-SAVER,N/A
Envelopes,PRD-JCJE7ZVG,750,0.2,DL (220 x 110mm),90gsm White Self Seal,Black Only on Face,74.8,6,68,7,61.2,9,N/A,N/A,0,2.5,6.5,15,0.2,220,110,220,110,"{""Size"":""DL (220 x 110mm)"",""Paper Type"":""90gsm White Self Seal"",""Sides Printed"":""Black Only on Face""}",01/09/2021,N/A,ENV-513-510-564-519-EXPRESS,ENV-513-510-564-519-STANDARD,ENV-513-510-564-519-SAVER,N/A
Envelopes,PRD-JCJE7ZVG,1000,0.2,DL (220 x 110mm),90gsm White Self Seal,Black Only on Face,77,6,70,7,63,9,N/A,N/A,0,2.5,6.5,15,0.2,220,110,220,110,"{""Size"":""DL (220 x 110mm)"",""Paper Type"":""90gsm White Self Seal"",""Sides Printed"":""Black Only on Face""}",01/09/2021,N/A,ENV-513-510-564-519-EXPRESS,ENV-513-510-564-519-STANDARD,ENV-513-510-564-519-SAVER,N/A
Envelopes,PRD-JCJE7ZVG,2000,0.2,DL (220 x 110mm),90gsm White Self Seal,Black Only on Face,99,6,90,7,81,9,N/A,N/A,0,2.5,6.5,15,0.2,220,110,220,110,"{""Size"":""DL (220 x 110mm)"",""Paper Type"":""90gsm White Self Seal"",""Sides Printed"":""Black Only on Face""}",01/09/2021,N/A,ENV-513-510-564-519-EXPRESS,ENV-513-510-564-519-STANDARD,ENV-513-510-564-519-SAVER,N/A
Envelopes,PRD-JCJE7ZVG,3000,0.2,DL (220 x 110mm),90gsm White Self Seal,Black Only on Face,119.88,6,108.98,7,98.08,9,N/A,N/A,0,2.5,6.5,15,0.2,220,110,220,110,"{""Size"":""DL (220 x 110mm)"",""Paper Type"":""90gsm White Self Seal"",""Sides Printed"":""Black Only on Face""}",01/09/2021,N/A,ENV-513-510-564-519-EXPRESS,ENV-513-510-564-519-STANDARD,ENV-513-510-564-519-SAVER,N/A
Envelopes,PRD-JCJE7ZVG,4000,0.2,DL (220 x 110mm),90gsm White Self Seal,Black Only on Face,140.76,6,127.96,7,115.16,9,N/A,N/A,0,2.5,6.5,15,0.2,220,110,220,110,"{""Size"":""DL (220 x 110mm)"",""Paper Type"":""90gsm White Self Seal"",""Sides Printed"":""Black Only on Face""}",01/09/2021,N/A,ENV-513-510-564-519-EXPRESS,ENV-513-510-564-519-STANDARD,ENV-513-510-564-519-SAVER,N/A
Envelopes,PRD-JCJE7ZVG,5000,0.2,DL (220 x 110mm),90gsm White Self Seal,Black Only on Face,161.63,6,146.94,7,132.25,9,N/A,N/A,0,2.5,6.5,15,0.2,220,110,220,110,"{""Size"":""DL (220 x 110mm)"",""Paper Type"":""90gsm White Self Seal"",""Sides Printed"":""Black Only on Face""}",01/09/2021,N/A,ENV-513-510-564-519-EXPRESS,ENV-513-510-564-519-STANDARD,ENV-513-510-564-519-SAVER,N/A
Envelopes,PRD-JCJE7ZVG,6000,0.2,DL (220 x 110mm),90gsm White Self Seal,Black Only on Face,183.08,6,166.44,7,149.8,9,N/A,N/A,0,2.5,6.5,15,0.2,220,110,220,110,"{""Size"":""DL (220 x 110mm)"",""Paper Type"":""90gsm White Self Seal"",""Sides Printed"":""Black Only on Face""}",01/09/2021,N/A,ENV-513-510-564-519-EXPRESS,ENV-513-510-564-519-STANDARD,ENV-513-510-564-519-SAVER,N/A
Envelopes,PRD-JCJE7ZVG,7000,0.2,DL (220 x 110mm),90gsm White Self Seal,Black Only on Face,209.97,6,190.88,7,171.79,9,N/A,N/A,0,2.5,6.5,15,0.2,220,110,220,110,"{""Size"":""DL (220 x 110mm)"",""Paper Type"":""90gsm White Self Seal"",""Sides Printed"":""Black Only on Face""}",01/09/2021,N/A,ENV-513-510-564-519-EXPRESS,ENV-513-510-564-519-STANDARD,ENV-513-510-564-519-SAVER,N/A
Envelopes,PRD-JCJE7ZVG,8000,0.2,DL (220 x 110mm),90gsm White Self Seal,Black Only on Face,239.37,6,217.61,7,195.85,9,N/A,N/A,0,2.5,6.5,15,0.2,220,110,220,110,"{""Size"":""DL (220 x 110mm)"",""Paper Type"":""90gsm White Self Seal"",""Sides Printed"":""Black Only on Face""}",01/09/2021,N/A,ENV-513-510-564-519-EXPRESS,ENV-513-510-564-519-STANDARD,ENV-513-510-564-519-SAVER,N/A
Envelopes,PRD-JCJE7ZVG,9000,0.2,DL (220 x 110mm),90gsm White Self Seal,Black Only on Face,256.34,6,233.04,7,209.74,9,N/A,N/A,0,2.5,6.5,15,0.2,220,110,220,110,"{""Size"":""DL (220 x 110mm)"",""Paper Type"":""90gsm White Self Seal"",""Sides Printed"":""Black Only on Face""}",01/09/2021,N/A,ENV-513-510-564-519-EXPRESS,ENV-513-510-564-519-STANDARD,ENV-513-510-564-519-SAVER,N/A
Envelopes,PRD-JCJE7ZVG,10000,0.2,DL (220 x 110mm),90gsm White Self Seal,Black Only on Face,258.5,6,235,7,211.5,9,N/A,N/A,0,2.5,6.5,15,0.2,220,110,220,110,"{""Size"":""DL (220 x 110mm)"",""Paper Type"":""90gsm White Self Seal"",""Sides Printed"":""Black Only on Face""}",01/09/2021,N/A,ENV-513-510-564-519-EXPRESS,ENV-513-510-564-519-STANDARD,ENV-513-510-564-519-SAVER,N/A
Envelopes,PRD-JCJE7ZVG,500,0.2,C5 (229 x 162mm),90gsm White Self Seal,Full Colour on Face,99,6,90,7,81,9,N/A,N/A,0,2.5,6.5,15,0.2,229,162,229,162,"{""Size"":""C5 (229 x 162mm)"",""Paper Type"":""90gsm White Self Seal"",""Sides Printed"":""Full Colour on Face""}",01/09/2021,N/A,ENV-561-475-557-500-EXPRESS,ENV-561-475-557-500-STANDARD,ENV-561-475-557-500-SAVER,N/A
Envelopes,PRD-JCJE7ZVG,750,0.2,C5 (229 x 162mm),90gsm White Self Seal,Full Colour on Face,121.01,6,110.01,7,99.01,9,N/A,N/A,0,2.5,6.5,15,0.2,229,162,229,162,"{""Size"":""C5 (229 x 162mm)"",""Paper Type"":""90gsm White Self Seal"",""Sides Printed"":""Full Colour on Face""}",01/09/2021,N/A,ENV-561-475-557-500-EXPRESS,ENV-561-475-557-500-STANDARD,ENV-561-475-557-500-SAVER,N/A
Envelopes,PRD-JCJE7ZVG,1000,0.2,C5 (229 x 162mm),90gsm White Self Seal,Full Colour on Face,154,6,140,7,126,9,N/A,N/A,0,2.5,6.5,15,0.2,229,162,229,162,"{""Size"":""C5 (229 x 162mm)"",""Paper Type"":""90gsm White Self Seal"",""Sides Printed"":""Full Colour on Face""}",01/09/2021,N/A,ENV-561-475-557-500-EXPRESS,ENV-561-475-557-500-STANDARD,ENV-561-475-557-500-SAVER,N/A
Envelopes,PRD-JCJE7ZVG,2000,0.2,C5 (229 x 162mm),90gsm White Self Seal,Full Colour on Face,216.7,6,197,7,177.3,9,N/A,N/A,0,2.5,6.5,15,0.2,229,162,229,162,"{""Size"":""C5 (229 x 162mm)"",""Paper Type"":""90gsm White Self Seal"",""Sides Printed"":""Full Colour on Face""}",01/09/2021,N/A,ENV-561-475-557-500-EXPRESS,ENV-561-475-557-500-STANDARD,ENV-561-475-557-500-SAVER,N/A
Envelopes,PRD-JCJE7ZVG,3000,0.2,C5 (229 x 162mm),90gsm White Self Seal,Full Colour on Face,278.3,6,253,7,227.7,9,N/A,N/A,0,2.5,6.5,15,0.2,229,162,229,162,"{""Size"":""C5 (229 x 162mm)"",""Paper Type"":""90gsm White Self Seal"",""Sides Printed"":""Full Colour on Face""}",01/09/2021,N/A,ENV-561-475-557-500-EXPRESS,ENV-561-475-557-500-STANDARD,ENV-561-475-557-500-SAVER,N/A
Envelopes,PRD-JCJE7ZVG,4000,0.2,C5 (229 x 162mm),90gsm White Self Seal,Full Colour on Face,326.7,6,297,7,267.3,9,N/A,N/A,0,2.5,6.5,15,0.2,229,162,229,162,"{""Size"":""C5 (229 x 162mm)"",""Paper Type"":""90gsm White Self Seal"",""Sides Printed"":""Full Colour on Face""}",01/09/2021,N/A,ENV-561-475-557-500-EXPRESS,ENV-561-475-557-500-STANDARD,ENV-561-475-557-500-SAVER,N/A
Envelopes,PRD-JCJE7ZVG,5000,0.2,C5 (229 x 162mm),90gsm White Self Seal,Full Colour on Face,387.2,6,352,7,316.8,9,N/A,N/A,0,2.5,6.5,15,0.2,229,162,229,162,"{""Size"":""C5 (229 x 162mm)"",""Paper Type"":""90gsm White Self Seal"",""Sides Printed"":""Full Colour on Face""}",01/09/2021,N/A,ENV-561-475-557-500-EXPRESS,ENV-561-475-557-500-STANDARD,ENV-561-475-557-500-SAVER,N/A
Envelopes,PRD-JCJE7ZVG,6000,0.2,C5 (229 x 162mm),90gsm White Self Seal,Full Colour on Face,423.5,6,385,7,346.5,9,N/A,N/A,0,2.5,6.5,15,0.2,229,162,229,162,"{""Size"":""C5 (229 x 162mm)"",""Paper Type"":""90gsm White Self Seal"",""Sides Printed"":""Full Colour on Face""}",01/09/2021,N/A,ENV-561-475-557-500-EXPRESS,ENV-561-475-557-500-STANDARD,ENV-561-475-557-500-SAVER,N/A
Envelopes,PRD-JCJE7ZVG,7000,0.2,C5 (229 x 162mm),90gsm White Self Seal,Full Colour on Face,461.01,6,419.1,7,377.19,9,N/A,N/A,0,2.5,6.5,15,0.2,229,162,229,162,"{""Size"":""C5 (229 x 162mm)"",""Paper Type"":""90gsm White Self Seal"",""Sides Printed"":""Full Colour on Face""}",01/09/2021,N/A,ENV-561-475-557-500-EXPRESS,ENV-561-475-557-500-STANDARD,ENV-561-475-557-500-SAVER,N/A
Envelopes,PRD-JCJE7ZVG,8000,0.2,C5 (229 x 162mm),90gsm White Self Seal,Full Colour on Face,498.52,6,453.2,7,407.88,9,N/A,N/A,0,2.5,6.5,15,0.2,229,162,229,162,"{""Size"":""C5 (229 x 162mm)"",""Paper Type"":""90gsm White Self Seal"",""Sides Printed"":""Full Colour on Face""}",01/09/2021,N/A,ENV-561-475-557-500-EXPRESS,ENV-561-475-557-500-STANDARD,ENV-561-475-557-500-SAVER,N/A
Envelopes,PRD-JCJE7ZVG,9000,0.2,C5 (229 x 162mm),90gsm White Self Seal,Full Colour on Face,536.03,6,487.3,7,438.57,9,N/A,N/A,0,2.5,6.5,15,0.2,229,162,229,162,"{""Size"":""C5 (229 x 162mm)"",""Paper Type"":""90gsm White Self Seal"",""Sides Printed"":""Full Colour on Face""}",01/09/2021,N/A,ENV-561-475-557-500-EXPRESS,ENV-561-475-557-500-STANDARD,ENV-561-475-557-500-SAVER,N/A
Envelopes,PRD-JCJE7ZVG,10000,0.2,C5 (229 x 162mm),90gsm White Self Seal,Full Colour on Face,574.75,6,522.5,7,470.25,9,N/A,N/A,0,2.5,6.5,15,0.2,229,162,229,162,"{""Size"":""C5 (229 x 162mm)"",""Paper Type"":""90gsm White Self Seal"",""Sides Printed"":""Full Colour on Face""}",01/09/2021,N/A,ENV-561-475-557-500-EXPRESS,ENV-561-475-557-500-STANDARD,ENV-561-475-557-500-SAVER,N/A
Envelopes,PRD-JCJE7ZVG,500,0.2,DL (220 x 110mm),90gsm White Self Seal,Full Colour on Face,110,6,100,7,90,9,N/A,N/A,0,2.5,6.5,15,0.2,220,110,220,110,"{""Size"":""DL (220 x 110mm)"",""Paper Type"":""90gsm White Self Seal"",""Sides Printed"":""Full Colour on Face""}",01/09/2021,N/A,ENV-568-515-428-475-EXPRESS,ENV-568-515-428-475-STANDARD,ENV-568-515-428-475-SAVER,N/A
Envelopes,PRD-JCJE7ZVG,750,0.2,DL (220 x 110mm),90gsm White Self Seal,Full Colour on Face,132,6,120,7,108,9,N/A,N/A,0,2.5,6.5,15,0.2,220,110,220,110,"{""Size"":""DL (220 x 110mm)"",""Paper Type"":""90gsm White Self Seal"",""Sides Printed"":""Full Colour on Face""}",01/09/2021,N/A,ENV-568-515-428-475-EXPRESS,ENV-568-515-428-475-STANDARD,ENV-568-515-428-475-SAVER,N/A
Envelopes,PRD-JCJE7ZVG,1000,0.2,DL (220 x 110mm),90gsm White Self Seal,Full Colour on Face,165,6,150,7,135,9,N/A,N/A,0,2.5,6.5,15,0.2,220,110,220,110,"{""Size"":""DL (220 x 110mm)"",""Paper Type"":""90gsm White Self Seal"",""Sides Printed"":""Full Colour on Face""}",01/09/2021,N/A,ENV-568-515-428-475-EXPRESS,ENV-568-515-428-475-STANDARD,ENV-568-515-428-475-SAVER,N/A
Envelopes,PRD-JCJE7ZVG,2000,0.2,DL (220 x 110mm),90gsm White Self Seal,Full Colour on Face,203.5,6,185,7,166.5,9,N/A,N/A,0,2.5,6.5,15,0.2,220,110,220,110,"{""Size"":""DL (220 x 110mm)"",""Paper Type"":""90gsm White Self Seal"",""Sides Printed"":""Full Colour on Face""}",01/09/2021,N/A,ENV-568-515-428-475-EXPRESS,ENV-568-515-428-475-STANDARD,ENV-568-515-428-475-SAVER,N/A
Envelopes,PRD-JCJE7ZVG,3000,0.2,DL (220 x 110mm),90gsm White Self Seal,Full Colour on Face,253,6,230,7,207,9,N/A,N/A,0,2.5,6.5,15,0.2,220,110,220,110,"{""Size"":""DL (220 x 110mm)"",""Paper Type"":""90gsm White Self Seal"",""Sides Printed"":""Full Colour on Face""}",01/09/2021,N/A,ENV-568-515-428-475-EXPRESS,ENV-568-515-428-475-STANDARD,ENV-568-515-428-475-SAVER,N/A
Envelopes,PRD-JCJE7ZVG,4000,0.2,DL (220 x 110mm),90gsm White Self Seal,Full Colour on Face,296.18,6,269.25,7,242.32,9,N/A,N/A,0,2.5,6.5,15,0.2,220,110,220,110,"{""Size"":""DL (220 x 110mm)"",""Paper Type"":""90gsm White Self Seal"",""Sides Printed"":""Full Colour on Face""}",01/09/2021,N/A,ENV-568-515-428-475-EXPRESS,ENV-568-515-428-475-STANDARD,ENV-568-515-428-475-SAVER,N/A
Envelopes,PRD-JCJE7ZVG,5000,0.2,DL (220 x 110mm),90gsm White Self Seal,Full Colour on Face,337.68,6,306.98,7,276.28,9,N/A,N/A,0,2.5,6.5,15,0.2,220,110,220,110,"{""Size"":""DL (220 x 110mm)"",""Paper Type"":""90gsm White Self Seal"",""Sides Printed"":""Full Colour on Face""}",01/09/2021,N/A,ENV-568-515-428-475-EXPRESS,ENV-568-515-428-475-STANDARD,ENV-568-515-428-475-SAVER,N/A
Envelopes,PRD-JCJE7ZVG,6000,0.2,DL (220 x 110mm),90gsm White Self Seal,Full Colour on Face,371.34,6,337.58,7,303.82,9,N/A,N/A,0,2.5,6.5,15,0.2,220,110,220,110,"{""Size"":""DL (220 x 110mm)"",""Paper Type"":""90gsm White Self Seal"",""Sides Printed"":""Full Colour on Face""}",01/09/2021,N/A,ENV-568-515-428-475-EXPRESS,ENV-568-515-428-475-STANDARD,ENV-568-515-428-475-SAVER,N/A
Envelopes,PRD-JCJE7ZVG,7000,0.2,DL (220 x 110mm),90gsm White Self Seal,Full Colour on Face,412.5,6,375,7,337.5,9,N/A,N/A,0,2.5,6.5,15,0.2,220,110,220,110,"{""Size"":""DL (220 x 110mm)"",""Paper Type"":""90gsm White Self Seal"",""Sides Printed"":""Full Colour on Face""}",01/09/2021,N/A,ENV-568-515-428-475-EXPRESS,ENV-568-515-428-475-STANDARD,ENV-568-515-428-475-SAVER,N/A
Envelopes,PRD-JCJE7ZVG,8000,0.2,DL (220 x 110mm),90gsm White Self Seal,Full Colour on Face,467.5,6,425,7,382.5,9,N/A,N/A,0,2.5,6.5,15,0.2,220,110,220,110,"{""Size"":""DL (220 x 110mm)"",""Paper Type"":""90gsm White Self Seal"",""Sides Printed"":""Full Colour on Face""}",01/09/2021,N/A,ENV-568-515-428-475-EXPRESS,ENV-568-515-428-475-STANDARD,ENV-568-515-428-475-SAVER,N/A
Envelopes,PRD-JCJE7ZVG,9000,0.2,DL (220 x 110mm),90gsm White Self Seal,Full Colour on Face,489.5,6,445,7,400.5,9,N/A,N/A,0,2.5,6.5,15,0.2,220,110,220,110,"{""Size"":""DL (220 x 110mm)"",""Paper Type"":""90gsm White Self Seal"",""Sides Printed"":""Full Colour on Face""}",01/09/2021,N/A,ENV-568-515-428-475-EXPRESS,ENV-568-515-428-475-STANDARD,ENV-568-515-428-475-SAVER,N/A
Envelopes,PRD-JCJE7ZVG,10000,0.2,DL (220 x 110mm),90gsm White Self Seal,Full Colour on Face,506,6,460,7,414,9,N/A,N/A,0,2.5,6.5,15,0.2,220,110,220,110,"{""Size"":""DL (220 x 110mm)"",""Paper Type"":""90gsm White Self Seal"",""Sides Printed"":""Full Colour on Face""}",01/09/2021,N/A,ENV-568-515-428-475-EXPRESS,ENV-568-515-428-475-STANDARD,ENV-568-515-428-475-SAVER,N/A
Envelopes,PRD-JCJE7ZVG,500,0.2,C5 (229 x 162mm),90gsm White Self Seal,Black Only on Face,66.87,6,60.79,7,54.71,9,N/A,N/A,0,2.5,6.5,15,0.2,229,162,229,162,"{""Size"":""C5 (229 x 162mm)"",""Paper Type"":""90gsm White Self Seal"",""Sides Printed"":""Black Only on Face""}",01/09/2021,N/A,ENV-579-517-689-645-EXPRESS,ENV-579-517-689-645-STANDARD,ENV-579-517-689-645-SAVER,N/A
Envelopes,PRD-JCJE7ZVG,750,0.2,C5 (229 x 162mm),90gsm White Self Seal,Black Only on Face,80.58,6,73.25,7,65.92,9,N/A,N/A,0,2.5,6.5,15,0.2,229,162,229,162,"{""Size"":""C5 (229 x 162mm)"",""Paper Type"":""90gsm White Self Seal"",""Sides Printed"":""Black Only on Face""}",01/09/2021,N/A,ENV-579-517-689-645-EXPRESS,ENV-579-517-689-645-STANDARD,ENV-579-517-689-645-SAVER,N/A
Envelopes,PRD-JCJE7ZVG,1000,0.2,C5 (229 x 162mm),90gsm White Self Seal,Black Only on Face,90.2,6,82,7,73.8,9,N/A,N/A,0,2.5,6.5,15,0.2,229,162,229,162,"{""Size"":""C5 (229 x 162mm)"",""Paper Type"":""90gsm White Self Seal"",""Sides Printed"":""Black Only on Face""}",01/09/2021,N/A,ENV-579-517-689-645-EXPRESS,ENV-579-517-689-645-STANDARD,ENV-579-517-689-645-SAVER,N/A
Envelopes,PRD-JCJE7ZVG,2000,0.2,C5 (229 x 162mm),90gsm White Self Seal,Black Only on Face,117.7,6,107,7,96.3,9,N/A,N/A,0,2.5,6.5,15,0.2,229,162,229,162,"{""Size"":""C5 (229 x 162mm)"",""Paper Type"":""90gsm White Self Seal"",""Sides Printed"":""Black Only on Face""}",01/09/2021,N/A,ENV-579-517-689-645-EXPRESS,ENV-579-517-689-645-STANDARD,ENV-579-517-689-645-SAVER,N/A
Envelopes,PRD-JCJE7ZVG,3000,0.2,C5 (229 x 162mm),90gsm White Self Seal,Black Only on Face,143,6,130,7,117,9,N/A,N/A,0,2.5,6.5,15,0.2,229,162,229,162,"{""Size"":""C5 (229 x 162mm)"",""Paper Type"":""90gsm White Self Seal"",""Sides Printed"":""Black Only on Face""}",01/09/2021,N/A,ENV-579-517-689-645-EXPRESS,ENV-579-517-689-645-STANDARD,ENV-579-517-689-645-SAVER,N/A
Envelopes,PRD-JCJE7ZVG,4000,0.2,C5 (229 x 162mm),90gsm White Self Seal,Black Only on Face,170.5,6,155,7,139.5,9,N/A,N/A,0,2.5,6.5,15,0.2,229,162,229,162,"{""Size"":""C5 (229 x 162mm)"",""Paper Type"":""90gsm White Self Seal"",""Sides Printed"":""Black Only on Face""}",01/09/2021,N/A,ENV-579-517-689-645-EXPRESS,ENV-579-517-689-645-STANDARD,ENV-579-517-689-645-SAVER,N/A
Envelopes,PRD-JCJE7ZVG,5000,0.2,C5 (229 x 162mm),90gsm White Self Seal,Black Only on Face,214.25,6,194.77,7,175.29,9,N/A,N/A,0,2.5,6.5,15,0.2,229,162,229,162,"{""Size"":""C5 (229 x 162mm)"",""Paper Type"":""90gsm White Self Seal"",""Sides Printed"":""Black Only on Face""}",01/09/2021,N/A,ENV-579-517-689-645-EXPRESS,ENV-579-517-689-645-STANDARD,ENV-579-517-689-645-SAVER,N/A
Envelopes,PRD-JCJE7ZVG,6000,0.2,C5 (229 x 162mm),90gsm White Self Seal,Black Only on Face,240.68,6,218.8,7,196.92,9,N/A,N/A,0,2.5,6.5,15,0.2,229,162,229,162,"{""Size"":""C5 (229 x 162mm)"",""Paper Type"":""90gsm White Self Seal"",""Sides Printed"":""Black Only on Face""}",01/09/2021,N/A,ENV-579-517-689-645-EXPRESS,ENV-579-517-689-645-STANDARD,ENV-579-517-689-645-SAVER,N/A
Envelopes,PRD-JCJE7ZVG,7000,0.2,C5 (229 x 162mm),90gsm White Self Seal,Black Only on Face,268.76,6,244.33,7,219.9,9,N/A,N/A,0,2.5,6.5,15,0.2,229,162,229,162,"{""Size"":""C5 (229 x 162mm)"",""Paper Type"":""90gsm White Self Seal"",""Sides Printed"":""Black Only on Face""}",01/09/2021,N/A,ENV-579-517-689-645-EXPRESS,ENV-579-517-689-645-STANDARD,ENV-579-517-689-645-SAVER,N/A
Envelopes,PRD-JCJE7ZVG,8000,0.2,C5 (229 x 162mm),90gsm White Self Seal,Black Only on Face,292.4,6,265.82,7,239.24,9,N/A,N/A,0,2.5,6.5,15,0.2,229,162,229,162,"{""Size"":""C5 (229 x 162mm)"",""Paper Type"":""90gsm White Self Seal"",""Sides Printed"":""Black Only on Face""}",01/09/2021,N/A,ENV-579-517-689-645-EXPRESS,ENV-579-517-689-645-STANDARD,ENV-579-517-689-645-SAVER,N/A
Envelopes,PRD-JCJE7ZVG,9000,0.2,C5 (229 x 162mm),90gsm White Self Seal,Black Only on Face,316.68,6,287.89,7,259.1,9,N/A,N/A,0,2.5,6.5,15,0.2,229,162,229,162,"{""Size"":""C5 (229 x 162mm)"",""Paper Type"":""90gsm White Self Seal"",""Sides Printed"":""Black Only on Face""}",01/09/2021,N/A,ENV-579-517-689-645-EXPRESS,ENV-579-517-689-645-STANDARD,ENV-579-517-689-645-SAVER,N/A
Envelopes,PRD-JCJE7ZVG,10000,0.2,C5 (229 x 162mm),90gsm White Self Seal,Black Only on Face,311.3,6,283,7,254.7,9,N/A,N/A,0,2.5,6.5,15,0.2,229,162,229,162,"{""Size"":""C5 (229 x 162mm)"",""Paper Type"":""90gsm White Self Seal"",""Sides Printed"":""Black Only on Face""}",01/09/2021,N/A,ENV-579-517-689-645-EXPRESS,ENV-579-517-689-645-STANDARD,ENV-579-517-689-645-SAVER,N/A
Envelopes,PRD-JCJE7ZVG,500,0.2,C4 (324 x 229mm),100gsm White Self Seal,Black Only on Face,85.29,6,77.54,7,69.79,9,N/A,N/A,0,2.5,6.5,15,0.2,324,229,324,229,"{""Size"":""C4 (324 x 229mm)"",""Paper Type"":""100gsm White Self Seal"",""Sides Printed"":""Black Only on Face""}",01/09/2021,N/A,ENV-608-650-521-519-EXPRESS,ENV-608-650-521-519-STANDARD,ENV-608-650-521-519-SAVER,N/A
Envelopes,PRD-JCJE7ZVG,750,0.2,C4 (324 x 229mm),100gsm White Self Seal,Black Only on Face,115.5,6,105,7,94.5,9,N/A,N/A,0,2.5,6.5,15,0.2,324,229,324,229,"{""Size"":""C4 (324 x 229mm)"",""Paper Type"":""100gsm White Self Seal"",""Sides Printed"":""Black Only on Face""}",01/09/2021,N/A,ENV-608-650-521-519-EXPRESS,ENV-608-650-521-519-STANDARD,ENV-608-650-521-519-SAVER,N/A
Envelopes,PRD-JCJE7ZVG,1000,0.2,C4 (324 x 229mm),100gsm White Self Seal,Black Only on Face,143,6,130,7,117,9,N/A,N/A,0,2.5,6.5,15,0.2,324,229,324,229,"{""Size"":""C4 (324 x 229mm)"",""Paper Type"":""100gsm White Self Seal"",""Sides Printed"":""Black Only on Face""}",01/09/2021,N/A,ENV-608-650-521-519-EXPRESS,ENV-608-650-521-519-STANDARD,ENV-608-650-521-519-SAVER,N/A
Envelopes,PRD-JCJE7ZVG,2000,0.2,C4 (324 x 229mm),100gsm White Self Seal,Black Only on Face,175.21,6,159.28,7,143.35,9,N/A,N/A,0,2.5,6.5,15,0.2,324,229,324,229,"{""Size"":""C4 (324 x 229mm)"",""Paper Type"":""100gsm White Self Seal"",""Sides Printed"":""Black Only on Face""}",01/09/2021,N/A,ENV-608-650-521-519-EXPRESS,ENV-608-650-521-519-STANDARD,ENV-608-650-521-519-SAVER,N/A
Envelopes,PRD-JCJE7ZVG,3000,0.2,C4 (324 x 229mm),100gsm White Self Seal,Black Only on Face,223.07,6,202.79,7,182.51,9,N/A,N/A,0,2.5,6.5,15,0.2,324,229,324,229,"{""Size"":""C4 (324 x 229mm)"",""Paper Type"":""100gsm White Self Seal"",""Sides Printed"":""Black Only on Face""}",01/09/2021,N/A,ENV-608-650-521-519-EXPRESS,ENV-608-650-521-519-STANDARD,ENV-608-650-521-519-SAVER,N/A
Envelopes,PRD-JCJE7ZVG,4000,0.2,C4 (324 x 229mm),100gsm White Self Seal,Black Only on Face,286.1,6,260.09,7,234.08,9,N/A,N/A,0,2.5,6.5,15,0.2,324,229,324,229,"{""Size"":""C4 (324 x 229mm)"",""Paper Type"":""100gsm White Self Seal"",""Sides Printed"":""Black Only on Face""}",01/09/2021,N/A,ENV-608-650-521-519-EXPRESS,ENV-608-650-521-519-STANDARD,ENV-608-650-521-519-SAVER,N/A
Envelopes,PRD-JCJE7ZVG,5000,0.2,C4 (324 x 229mm),100gsm White Self Seal,Black Only on Face,334.91,6,304.46,7,274.01,9,N/A,N/A,0,2.5,6.5,15,0.2,324,229,324,229,"{""Size"":""C4 (324 x 229mm)"",""Paper Type"":""100gsm White Self Seal"",""Sides Printed"":""Black Only on Face""}",01/09/2021,N/A,ENV-608-650-521-519-EXPRESS,ENV-608-650-521-519-STANDARD,ENV-608-650-521-519-SAVER,N/A
Envelopes,PRD-JCJE7ZVG,6000,0.2,C4 (324 x 229mm),100gsm White Self Seal,Black Only on Face,403.72,6,367.02,7,330.32,9,N/A,N/A,0,2.5,6.5,15,0.2,324,229,324,229,"{""Size"":""C4 (324 x 229mm)"",""Paper Type"":""100gsm White Self Seal"",""Sides Printed"":""Black Only on Face""}",01/09/2021,N/A,ENV-608-650-521-519-EXPRESS,ENV-608-650-521-519-STANDARD,ENV-608-650-521-519-SAVER,N/A
Envelopes,PRD-JCJE7ZVG,7000,0.2,C4 (324 x 229mm),100gsm White Self Seal,Black Only on Face,478.54,6,435.04,7,391.54,9,N/A,N/A,0,2.5,6.5,15,0.2,324,229,324,229,"{""Size"":""C4 (324 x 229mm)"",""Paper Type"":""100gsm White Self Seal"",""Sides Printed"":""Black Only on Face""}",01/09/2021,N/A,ENV-608-650-521-519-EXPRESS,ENV-608-650-521-519-STANDARD,ENV-608-650-521-519-SAVER,N/A
Envelopes,PRD-JCJE7ZVG,8000,0.2,C4 (324 x 229mm),100gsm White Self Seal,Black Only on Face,559.86,6,508.96,7,458.06,9,N/A,N/A,0,2.5,6.5,15,0.2,324,229,324,229,"{""Size"":""C4 (324 x 229mm)"",""Paper Type"":""100gsm White Self Seal"",""Sides Printed"":""Black Only on Face""}",01/09/2021,N/A,ENV-608-650-521-519-EXPRESS,ENV-608-650-521-519-STANDARD,ENV-608-650-521-519-SAVER,N/A
Envelopes,PRD-JCJE7ZVG,9000,0.2,C4 (324 x 229mm),100gsm White Self Seal,Black Only on Face,640.9,6,582.64,7,524.38,9,N/A,N/A,0,2.5,6.5,15,0.2,324,229,324,229,"{""Size"":""C4 (324 x 229mm)"",""Paper Type"":""100gsm White Self Seal"",""Sides Printed"":""Black Only on Face""}",01/09/2021,N/A,ENV-608-650-521-519-EXPRESS,ENV-608-650-521-519-STANDARD,ENV-608-650-521-519-SAVER,N/A
Envelopes,PRD-JCJE7ZVG,10000,0.2,C4 (324 x 229mm),100gsm White Self Seal,Black Only on Face,731.79,6,665.26,7,598.73,9,N/A,N/A,0,2.5,6.5,15,0.2,324,229,324,229,"{""Size"":""C4 (324 x 229mm)"",""Paper Type"":""100gsm White Self Seal"",""Sides Printed"":""Black Only on Face""}",01/09/2021,N/A,ENV-608-650-521-519-EXPRESS,ENV-608-650-521-519-STANDARD,ENV-608-650-521-519-SAVER,N/A
