ProductName,ProductID,Quantity,Tax,Size,Folding,Lamination,Paper Type,PriceExpress,Production Days Express,PriceStandard,Production Days Standard,PriceSaver,Production Days Saver,PriceSameday,Production Days Sameday,Price Just Print,Price File Check,Price File Check with Proofing,Price File Assist,Artwork Tax,Flat Width (mm),Flat Height (mm),Finished Width (mm),Finished Height (mm),productionDataJSON,updatedAt,Preflight,Express Sku,Standard Sku,Saver Sku,Same Day Sku
Folded & Laminated Leaflets,PRD-W6P1K7DC,250,0.2,A3,Folded to 148.5mm x 420mm,Both Sides (Matt),300gsm Art Board Coated,105.64,2,96.04,3,86.44,5,N/A,N/A,0,2.5,6.5,15,0.2,297,420,148.5,420,"{""Size"":""A3"",""Folding"":""Folded to 148.5mm x 420mm"",""Lamination"":""Both Sides (Matt)"",""Paper Type"":""300gsm Art Board Coated""}",20/09/2021,N/A,FOL-653-551-473-649-EXPRESS,FOL-653-551-473-649-STANDARD,FOL-653-551-473-649-SAVER,N/A
Folded & Laminated Leaflets,PRD-W6P1K7DC,400,0.2,A3,Folded to 148.5mm x 420mm,Both Sides (Matt),300gsm Art Board Coated,146.06,2,132.78,3,119.5,5,N/A,N/A,0,2.5,6.5,15,0.2,297,420,148.5,420,"{""Size"":""A3"",""Folding"":""Folded to 148.5mm x 420mm"",""Lamination"":""Both Sides (Matt)"",""Paper Type"":""300gsm Art Board Coated""}",20/09/2021,N/A,FOL-653-551-473-649-EXPRESS,FOL-653-551-473-649-STANDARD,FOL-653-551-473-649-SAVER,N/A
Folded & Laminated Leaflets,PRD-W6P1K7DC,500,0.2,A3,Folded to 148.5mm x 420mm,Both Sides (Matt),300gsm Art Board Coated,172.98,2,157.25,3,141.52,5,N/A,N/A,0,2.5,6.5,15,0.2,297,420,148.5,420,"{""Size"":""A3"",""Folding"":""Folded to 148.5mm x 420mm"",""Lamination"":""Both Sides (Matt)"",""Paper Type"":""300gsm Art Board Coated""}",20/09/2021,N/A,FOL-653-551-473-649-EXPRESS,FOL-653-551-473-649-STANDARD,FOL-653-551-473-649-SAVER,N/A
Folded & Laminated Leaflets,PRD-W6P1K7DC,1000,0.2,A3,Folded to 148.5mm x 420mm,Both Sides (Matt),300gsm Art Board Coated,313.06,2,284.6,3,256.14,5,N/A,N/A,0,2.5,6.5,15,0.2,297,420,148.5,420,"{""Size"":""A3"",""Folding"":""Folded to 148.5mm x 420mm"",""Lamination"":""Both Sides (Matt)"",""Paper Type"":""300gsm Art Board Coated""}",20/09/2021,N/A,FOL-653-551-473-649-EXPRESS,FOL-653-551-473-649-STANDARD,FOL-653-551-473-649-SAVER,N/A
Folded & Laminated Leaflets,PRD-W6P1K7DC,250,0.2,A3,Folded to 4pp A4,Both Sides (Matt),300gsm Art Board Coated,105.64,2,96.04,3,86.44,5,N/A,N/A,0,2.5,6.5,15,0.2,297,420,210,297,"{""Size"":""A3"",""Folding"":""Folded to 4pp A4"",""Lamination"":""Both Sides (Matt)"",""Paper Type"":""300gsm Art Board Coated""}",20/09/2021,N/A,FOL-559-506-616-525-EXPRESS,FOL-559-506-616-525-STANDARD,FOL-559-506-616-525-SAVER,N/A
Folded & Laminated Leaflets,PRD-W6P1K7DC,400,0.2,A3,Folded to 4pp A4,Both Sides (Matt),300gsm Art Board Coated,146.06,2,132.78,3,119.5,5,N/A,N/A,0,2.5,6.5,15,0.2,297,420,210,297,"{""Size"":""A3"",""Folding"":""Folded to 4pp A4"",""Lamination"":""Both Sides (Matt)"",""Paper Type"":""300gsm Art Board Coated""}",20/09/2021,N/A,FOL-559-506-616-525-EXPRESS,FOL-559-506-616-525-STANDARD,FOL-559-506-616-525-SAVER,N/A
Folded & Laminated Leaflets,PRD-W6P1K7DC,500,0.2,A3,Folded to 4pp A4,Both Sides (Matt),300gsm Art Board Coated,172.98,2,157.25,3,141.52,5,N/A,N/A,0,2.5,6.5,15,0.2,297,420,210,297,"{""Size"":""A3"",""Folding"":""Folded to 4pp A4"",""Lamination"":""Both Sides (Matt)"",""Paper Type"":""300gsm Art Board Coated""}",20/09/2021,N/A,FOL-559-506-616-525-EXPRESS,FOL-559-506-616-525-STANDARD,FOL-559-506-616-525-SAVER,N/A
Folded & Laminated Leaflets,PRD-W6P1K7DC,1000,0.2,A3,Folded to 4pp A4,Both Sides (Matt),300gsm Art Board Coated,313.06,2,284.6,3,256.14,5,N/A,N/A,0,2.5,6.5,15,0.2,297,420,210,297,"{""Size"":""A3"",""Folding"":""Folded to 4pp A4"",""Lamination"":""Both Sides (Matt)"",""Paper Type"":""300gsm Art Board Coated""}",20/09/2021,N/A,FOL-559-506-616-525-EXPRESS,FOL-559-506-616-525-STANDARD,FOL-559-506-616-525-SAVER,N/A
Folded & Laminated Leaflets,PRD-W6P1K7DC,250,0.2,A3,Z Folded to 6pp 1/3 A3,Both Sides (Gloss),300gsm Art Board Coated,108.91,2,99.01,3,89.11,5,N/A,N/A,0,2.5,6.5,15,0.2,297,420,140,297,"{""Size"":""A3"",""Folding"":""Z Folded to 6pp 1/3 A3"",""Lamination"":""Both Sides (Gloss)"",""Paper Type"":""300gsm Art Board Coated""}",20/09/2021,N/A,FOL-473-594-808-650-EXPRESS,FOL-473-594-808-650-STANDARD,FOL-473-594-808-650-SAVER,N/A
Folded & Laminated Leaflets,PRD-W6P1K7DC,400,0.2,A3,Z Folded to 6pp 1/3 A3,Both Sides (Gloss),300gsm Art Board Coated,149.34,2,135.76,3,122.18,5,N/A,N/A,0,2.5,6.5,15,0.2,297,420,140,297,"{""Size"":""A3"",""Folding"":""Z Folded to 6pp 1/3 A3"",""Lamination"":""Both Sides (Gloss)"",""Paper Type"":""300gsm Art Board Coated""}",20/09/2021,N/A,FOL-473-594-808-650-EXPRESS,FOL-473-594-808-650-STANDARD,FOL-473-594-808-650-SAVER,N/A
Folded & Laminated Leaflets,PRD-W6P1K7DC,500,0.2,A3,Z Folded to 6pp 1/3 A3,Both Sides (Gloss),300gsm Art Board Coated,176.25,2,160.23,3,144.21,5,N/A,N/A,0,2.5,6.5,15,0.2,297,420,140,297,"{""Size"":""A3"",""Folding"":""Z Folded to 6pp 1/3 A3"",""Lamination"":""Both Sides (Gloss)"",""Paper Type"":""300gsm Art Board Coated""}",20/09/2021,N/A,FOL-473-594-808-650-EXPRESS,FOL-473-594-808-650-STANDARD,FOL-473-594-808-650-SAVER,N/A
Folded & Laminated Leaflets,PRD-W6P1K7DC,1000,0.2,A3,Z Folded to 6pp 1/3 A3,Both Sides (Gloss),300gsm Art Board Coated,316.36,2,287.6,3,258.84,5,N/A,N/A,0,2.5,6.5,15,0.2,297,420,140,297,"{""Size"":""A3"",""Folding"":""Z Folded to 6pp 1/3 A3"",""Lamination"":""Both Sides (Gloss)"",""Paper Type"":""300gsm Art Board Coated""}",20/09/2021,N/A,FOL-473-594-808-650-EXPRESS,FOL-473-594-808-650-STANDARD,FOL-473-594-808-650-SAVER,N/A
Folded & Laminated Leaflets,PRD-W6P1K7DC,250,0.2,A3,Folded to 148.5mm x 420mm,Both Sides (Gloss),200gsm Silk,103.21,2,93.83,3,84.45,5,N/A,N/A,0,2.5,6.5,15,0.2,297,420,148.5,420,"{""Size"":""A3"",""Folding"":""Folded to 148.5mm x 420mm"",""Lamination"":""Both Sides (Gloss)"",""Paper Type"":""200gsm Silk""}",20/09/2021,N/A,FOL-608-517-513-525-EXPRESS,FOL-608-517-513-525-STANDARD,FOL-608-517-513-525-SAVER,N/A
Folded & Laminated Leaflets,PRD-W6P1K7DC,400,0.2,A3,Folded to 148.5mm x 420mm,Both Sides (Gloss),200gsm Silk,140.54,2,127.76,3,114.98,5,N/A,N/A,0,2.5,6.5,15,0.2,297,420,148.5,420,"{""Size"":""A3"",""Folding"":""Folded to 148.5mm x 420mm"",""Lamination"":""Both Sides (Gloss)"",""Paper Type"":""200gsm Silk""}",20/09/2021,N/A,FOL-608-517-513-525-EXPRESS,FOL-608-517-513-525-STANDARD,FOL-608-517-513-525-SAVER,N/A
Folded & Laminated Leaflets,PRD-W6P1K7DC,500,0.2,A3,Folded to 148.5mm x 420mm,Both Sides (Gloss),200gsm Silk,154.38,2,140.35,3,126.32,5,N/A,N/A,0,2.5,6.5,15,0.2,297,420,148.5,420,"{""Size"":""A3"",""Folding"":""Folded to 148.5mm x 420mm"",""Lamination"":""Both Sides (Gloss)"",""Paper Type"":""200gsm Silk""}",20/09/2021,N/A,FOL-608-517-513-525-EXPRESS,FOL-608-517-513-525-STANDARD,FOL-608-517-513-525-SAVER,N/A
Folded & Laminated Leaflets,PRD-W6P1K7DC,1000,0.2,A3,Folded to 148.5mm x 420mm,Both Sides (Gloss),200gsm Silk,275.92,2,250.84,3,225.76,5,N/A,N/A,0,2.5,6.5,15,0.2,297,420,148.5,420,"{""Size"":""A3"",""Folding"":""Folded to 148.5mm x 420mm"",""Lamination"":""Both Sides (Gloss)"",""Paper Type"":""200gsm Silk""}",20/09/2021,N/A,FOL-608-517-513-525-EXPRESS,FOL-608-517-513-525-STANDARD,FOL-608-517-513-525-SAVER,N/A
Folded & Laminated Leaflets,PRD-W6P1K7DC,250,0.2,A3,Folded to 4pp A4,Both Sides (Matt),200gsm Silk,103.21,2,93.83,3,84.45,5,N/A,N/A,0,2.5,6.5,15,0.2,297,420,210,297,"{""Size"":""A3"",""Folding"":""Folded to 4pp A4"",""Lamination"":""Both Sides (Matt)"",""Paper Type"":""200gsm Silk""}",20/09/2021,N/A,FOL-468-549-557-655-EXPRESS,FOL-468-549-557-655-STANDARD,FOL-468-549-557-655-SAVER,N/A
Folded & Laminated Leaflets,PRD-W6P1K7DC,400,0.2,A3,Folded to 4pp A4,Both Sides (Matt),200gsm Silk,140.54,2,127.76,3,114.98,5,N/A,N/A,0,2.5,6.5,15,0.2,297,420,210,297,"{""Size"":""A3"",""Folding"":""Folded to 4pp A4"",""Lamination"":""Both Sides (Matt)"",""Paper Type"":""200gsm Silk""}",20/09/2021,N/A,FOL-468-549-557-655-EXPRESS,FOL-468-549-557-655-STANDARD,FOL-468-549-557-655-SAVER,N/A
Folded & Laminated Leaflets,PRD-W6P1K7DC,500,0.2,A3,Folded to 4pp A4,Both Sides (Matt),200gsm Silk,154.38,2,140.35,3,126.32,5,N/A,N/A,0,2.5,6.5,15,0.2,297,420,210,297,"{""Size"":""A3"",""Folding"":""Folded to 4pp A4"",""Lamination"":""Both Sides (Matt)"",""Paper Type"":""200gsm Silk""}",20/09/2021,N/A,FOL-468-549-557-655-EXPRESS,FOL-468-549-557-655-STANDARD,FOL-468-549-557-655-SAVER,N/A
Folded & Laminated Leaflets,PRD-W6P1K7DC,1000,0.2,A3,Folded to 4pp A4,Both Sides (Matt),200gsm Silk,275.92,2,250.84,3,225.76,5,N/A,N/A,0,2.5,6.5,15,0.2,297,420,210,297,"{""Size"":""A3"",""Folding"":""Folded to 4pp A4"",""Lamination"":""Both Sides (Matt)"",""Paper Type"":""200gsm Silk""}",20/09/2021,N/A,FOL-468-549-557-655-EXPRESS,FOL-468-549-557-655-STANDARD,FOL-468-549-557-655-SAVER,N/A
Folded & Laminated Leaflets,PRD-W6P1K7DC,250,0.2,A4,Z Folded to 6pp 1/3 A4,Both Sides (Matt),200gsm Silk,76.63,2,69.66,3,62.69,5,N/A,N/A,0,2.5,6.5,15,0.2,210,297,99,210,"{""Size"":""A4"",""Folding"":""Z Folded to 6pp 1/3 A4"",""Lamination"":""Both Sides (Matt)"",""Paper Type"":""200gsm Silk""}",20/09/2021,N/A,FOL-605-568-514-458-EXPRESS,FOL-605-568-514-458-STANDARD,FOL-605-568-514-458-SAVER,N/A
Folded & Laminated Leaflets,PRD-W6P1K7DC,400,0.2,A4,Z Folded to 6pp 1/3 A4,Both Sides (Matt),200gsm Silk,95.95,2,87.23,3,78.51,5,N/A,N/A,0,2.5,6.5,15,0.2,210,297,99,210,"{""Size"":""A4"",""Folding"":""Z Folded to 6pp 1/3 A4"",""Lamination"":""Both Sides (Matt)"",""Paper Type"":""200gsm Silk""}",20/09/2021,N/A,FOL-605-568-514-458-EXPRESS,FOL-605-568-514-458-STANDARD,FOL-605-568-514-458-SAVER,N/A
Folded & Laminated Leaflets,PRD-W6P1K7DC,500,0.2,A4,Z Folded to 6pp 1/3 A4,Both Sides (Matt),200gsm Silk,101.6,2,92.36,3,83.12,5,N/A,N/A,0,2.5,6.5,15,0.2,210,297,99,210,"{""Size"":""A4"",""Folding"":""Z Folded to 6pp 1/3 A4"",""Lamination"":""Both Sides (Matt)"",""Paper Type"":""200gsm Silk""}",20/09/2021,N/A,FOL-605-568-514-458-EXPRESS,FOL-605-568-514-458-STANDARD,FOL-605-568-514-458-SAVER,N/A
Folded & Laminated Leaflets,PRD-W6P1K7DC,1000,0.2,A4,Z Folded to 6pp 1/3 A4,Both Sides (Matt),200gsm Silk,161.78,2,147.07,3,132.36,5,N/A,N/A,0,2.5,6.5,15,0.2,210,297,99,210,"{""Size"":""A4"",""Folding"":""Z Folded to 6pp 1/3 A4"",""Lamination"":""Both Sides (Matt)"",""Paper Type"":""200gsm Silk""}",20/09/2021,N/A,FOL-605-568-514-458-EXPRESS,FOL-605-568-514-458-STANDARD,FOL-605-568-514-458-SAVER,N/A
Folded & Laminated Leaflets,PRD-W6P1K7DC,250,0.2,A4,Roll Folded to 6pp 1/3 A4,Both Sides (Matt),200gsm Silk,76.63,2,69.66,3,62.69,5,N/A,N/A,0,2.5,6.5,15,0.2,210,297,99,210,"{""Size"":""A4"",""Folding"":""Roll Folded to 6pp 1/3 A4"",""Lamination"":""Both Sides (Matt)"",""Paper Type"":""200gsm Silk""}",20/09/2021,N/A,FOL-512-428-564-427-EXPRESS,FOL-512-428-564-427-STANDARD,FOL-512-428-564-427-SAVER,N/A
Folded & Laminated Leaflets,PRD-W6P1K7DC,400,0.2,A4,Roll Folded to 6pp 1/3 A4,Both Sides (Matt),200gsm Silk,95.95,2,87.23,3,78.51,5,N/A,N/A,0,2.5,6.5,15,0.2,210,297,99,210,"{""Size"":""A4"",""Folding"":""Roll Folded to 6pp 1/3 A4"",""Lamination"":""Both Sides (Matt)"",""Paper Type"":""200gsm Silk""}",20/09/2021,N/A,FOL-512-428-564-427-EXPRESS,FOL-512-428-564-427-STANDARD,FOL-512-428-564-427-SAVER,N/A
Folded & Laminated Leaflets,PRD-W6P1K7DC,500,0.2,A4,Roll Folded to 6pp 1/3 A4,Both Sides (Matt),200gsm Silk,101.6,2,92.36,3,83.12,5,N/A,N/A,0,2.5,6.5,15,0.2,210,297,99,210,"{""Size"":""A4"",""Folding"":""Roll Folded to 6pp 1/3 A4"",""Lamination"":""Both Sides (Matt)"",""Paper Type"":""200gsm Silk""}",20/09/2021,N/A,FOL-512-428-564-427-EXPRESS,FOL-512-428-564-427-STANDARD,FOL-512-428-564-427-SAVER,N/A
Folded & Laminated Leaflets,PRD-W6P1K7DC,1000,0.2,A4,Roll Folded to 6pp 1/3 A4,Both Sides (Matt),200gsm Silk,161.78,2,147.07,3,132.36,5,N/A,N/A,0,2.5,6.5,15,0.2,210,297,99,210,"{""Size"":""A4"",""Folding"":""Roll Folded to 6pp 1/3 A4"",""Lamination"":""Both Sides (Matt)"",""Paper Type"":""200gsm Silk""}",20/09/2021,N/A,FOL-512-428-564-427-EXPRESS,FOL-512-428-564-427-STANDARD,FOL-512-428-564-427-SAVER,N/A
Folded & Laminated Leaflets,PRD-W6P1K7DC,250,0.2,A3,Z Folded to 6pp 1/3 A3,Both Sides (Gloss),200gsm Silk,106.6,2,96.91,3,87.22,5,N/A,N/A,0,2.5,6.5,15,0.2,297,420,140,297,"{""Size"":""A3"",""Folding"":""Z Folded to 6pp 1/3 A3"",""Lamination"":""Both Sides (Gloss)"",""Paper Type"":""200gsm Silk""}",20/09/2021,N/A,FOL-606-558-568-513-EXPRESS,FOL-606-558-568-513-STANDARD,FOL-606-558-568-513-SAVER,N/A
Folded & Laminated Leaflets,PRD-W6P1K7DC,400,0.2,A3,Z Folded to 6pp 1/3 A3,Both Sides (Gloss),200gsm Silk,143.94,2,130.85,3,117.76,5,N/A,N/A,0,2.5,6.5,15,0.2,297,420,140,297,"{""Size"":""A3"",""Folding"":""Z Folded to 6pp 1/3 A3"",""Lamination"":""Both Sides (Gloss)"",""Paper Type"":""200gsm Silk""}",20/09/2021,N/A,FOL-606-558-568-513-EXPRESS,FOL-606-558-568-513-STANDARD,FOL-606-558-568-513-SAVER,N/A
Folded & Laminated Leaflets,PRD-W6P1K7DC,500,0.2,A3,Z Folded to 6pp 1/3 A3,Both Sides (Gloss),200gsm Silk,157.55,2,143.23,3,128.91,5,N/A,N/A,0,2.5,6.5,15,0.2,297,420,140,297,"{""Size"":""A3"",""Folding"":""Z Folded to 6pp 1/3 A3"",""Lamination"":""Both Sides (Gloss)"",""Paper Type"":""200gsm Silk""}",20/09/2021,N/A,FOL-606-558-568-513-EXPRESS,FOL-606-558-568-513-STANDARD,FOL-606-558-568-513-SAVER,N/A
Folded & Laminated Leaflets,PRD-W6P1K7DC,1000,0.2,A3,Z Folded to 6pp 1/3 A3,Both Sides (Gloss),200gsm Silk,279.08,2,253.71,3,228.34,5,N/A,N/A,0,2.5,6.5,15,0.2,297,420,140,297,"{""Size"":""A3"",""Folding"":""Z Folded to 6pp 1/3 A3"",""Lamination"":""Both Sides (Gloss)"",""Paper Type"":""200gsm Silk""}",20/09/2021,N/A,FOL-606-558-568-513-EXPRESS,FOL-606-558-568-513-STANDARD,FOL-606-558-568-513-SAVER,N/A
Folded & Laminated Leaflets,PRD-W6P1K7DC,250,0.2,A3,Z Folded to 6pp 1/3 A3,Both Sides (Matt),300gsm Art Board Coated,108.91,2,99.01,3,89.11,5,N/A,N/A,0,2.5,6.5,15,0.2,297,420,140,297,"{""Size"":""A3"",""Folding"":""Z Folded to 6pp 1/3 A3"",""Lamination"":""Both Sides (Matt)"",""Paper Type"":""300gsm Art Board Coated""}",20/09/2021,N/A,FOL-615-438-549-615-EXPRESS,FOL-615-438-549-615-STANDARD,FOL-615-438-549-615-SAVER,N/A
Folded & Laminated Leaflets,PRD-W6P1K7DC,400,0.2,A3,Z Folded to 6pp 1/3 A3,Both Sides (Matt),300gsm Art Board Coated,149.34,2,135.76,3,122.18,5,N/A,N/A,0,2.5,6.5,15,0.2,297,420,140,297,"{""Size"":""A3"",""Folding"":""Z Folded to 6pp 1/3 A3"",""Lamination"":""Both Sides (Matt)"",""Paper Type"":""300gsm Art Board Coated""}",20/09/2021,N/A,FOL-615-438-549-615-EXPRESS,FOL-615-438-549-615-STANDARD,FOL-615-438-549-615-SAVER,N/A
Folded & Laminated Leaflets,PRD-W6P1K7DC,500,0.2,A3,Z Folded to 6pp 1/3 A3,Both Sides (Matt),300gsm Art Board Coated,176.25,2,160.23,3,144.21,5,N/A,N/A,0,2.5,6.5,15,0.2,297,420,140,297,"{""Size"":""A3"",""Folding"":""Z Folded to 6pp 1/3 A3"",""Lamination"":""Both Sides (Matt)"",""Paper Type"":""300gsm Art Board Coated""}",20/09/2021,N/A,FOL-615-438-549-615-EXPRESS,FOL-615-438-549-615-STANDARD,FOL-615-438-549-615-SAVER,N/A
Folded & Laminated Leaflets,PRD-W6P1K7DC,1000,0.2,A3,Z Folded to 6pp 1/3 A3,Both Sides (Matt),300gsm Art Board Coated,316.36,2,287.6,3,258.84,5,N/A,N/A,0,2.5,6.5,15,0.2,297,420,140,297,"{""Size"":""A3"",""Folding"":""Z Folded to 6pp 1/3 A3"",""Lamination"":""Both Sides (Matt)"",""Paper Type"":""300gsm Art Board Coated""}",20/09/2021,N/A,FOL-615-438-549-615-EXPRESS,FOL-615-438-549-615-STANDARD,FOL-615-438-549-615-SAVER,N/A
Folded & Laminated Leaflets,PRD-W6P1K7DC,250,0.2,A4,Folded to 4pp A5,Both Sides (Gloss),200gsm Silk,73.23,2,66.57,3,59.91,5,N/A,N/A,0,2.5,6.5,15,0.2,210,297,148,210,"{""Size"":""A4"",""Folding"":""Folded to 4pp A5"",""Lamination"":""Both Sides (Gloss)"",""Paper Type"":""200gsm Silk""}",20/09/2021,N/A,FOL-464-605-562-499-EXPRESS,FOL-464-605-562-499-STANDARD,FOL-464-605-562-499-SAVER,N/A
Folded & Laminated Leaflets,PRD-W6P1K7DC,400,0.2,A4,Folded to 4pp A5,Both Sides (Gloss),200gsm Silk,92.57,2,84.15,3,75.74,5,N/A,N/A,0,2.5,6.5,15,0.2,210,297,148,210,"{""Size"":""A4"",""Folding"":""Folded to 4pp A5"",""Lamination"":""Both Sides (Gloss)"",""Paper Type"":""200gsm Silk""}",20/09/2021,N/A,FOL-464-605-562-499-EXPRESS,FOL-464-605-562-499-STANDARD,FOL-464-605-562-499-SAVER,N/A
Folded & Laminated Leaflets,PRD-W6P1K7DC,500,0.2,A4,Folded to 4pp A5,Both Sides (Gloss),200gsm Silk,98.43,2,89.48,3,80.53,5,N/A,N/A,0,2.5,6.5,15,0.2,210,297,148,210,"{""Size"":""A4"",""Folding"":""Folded to 4pp A5"",""Lamination"":""Both Sides (Gloss)"",""Paper Type"":""200gsm Silk""}",20/09/2021,N/A,FOL-464-605-562-499-EXPRESS,FOL-464-605-562-499-STANDARD,FOL-464-605-562-499-SAVER,N/A
Folded & Laminated Leaflets,PRD-W6P1K7DC,1000,0.2,A4,Folded to 4pp A5,Both Sides (Gloss),200gsm Silk,158.61,2,144.19,3,129.77,5,N/A,N/A,0,2.5,6.5,15,0.2,210,297,148,210,"{""Size"":""A4"",""Folding"":""Folded to 4pp A5"",""Lamination"":""Both Sides (Gloss)"",""Paper Type"":""200gsm Silk""}",20/09/2021,N/A,FOL-464-605-562-499-EXPRESS,FOL-464-605-562-499-STANDARD,FOL-464-605-562-499-SAVER,N/A
Folded & Laminated Leaflets,PRD-W6P1K7DC,250,0.2,A4,Z Folded to 6pp 1/3 A4,Both Sides (Gloss),200gsm Silk,76.63,2,69.66,3,62.69,5,N/A,N/A,0,2.5,6.5,15,0.2,210,297,99,210,"{""Size"":""A4"",""Folding"":""Z Folded to 6pp 1/3 A4"",""Lamination"":""Both Sides (Gloss)"",""Paper Type"":""200gsm Silk""}",20/09/2021,N/A,FOL-511-617-597-565-EXPRESS,FOL-511-617-597-565-STANDARD,FOL-511-617-597-565-SAVER,N/A
Folded & Laminated Leaflets,PRD-W6P1K7DC,400,0.2,A4,Z Folded to 6pp 1/3 A4,Both Sides (Gloss),200gsm Silk,95.95,2,87.23,3,78.51,5,N/A,N/A,0,2.5,6.5,15,0.2,210,297,99,210,"{""Size"":""A4"",""Folding"":""Z Folded to 6pp 1/3 A4"",""Lamination"":""Both Sides (Gloss)"",""Paper Type"":""200gsm Silk""}",20/09/2021,N/A,FOL-511-617-597-565-EXPRESS,FOL-511-617-597-565-STANDARD,FOL-511-617-597-565-SAVER,N/A
Folded & Laminated Leaflets,PRD-W6P1K7DC,500,0.2,A4,Z Folded to 6pp 1/3 A4,Both Sides (Gloss),200gsm Silk,101.6,2,92.36,3,83.12,5,N/A,N/A,0,2.5,6.5,15,0.2,210,297,99,210,"{""Size"":""A4"",""Folding"":""Z Folded to 6pp 1/3 A4"",""Lamination"":""Both Sides (Gloss)"",""Paper Type"":""200gsm Silk""}",20/09/2021,N/A,FOL-511-617-597-565-EXPRESS,FOL-511-617-597-565-STANDARD,FOL-511-617-597-565-SAVER,N/A
Folded & Laminated Leaflets,PRD-W6P1K7DC,1000,0.2,A4,Z Folded to 6pp 1/3 A4,Both Sides (Gloss),200gsm Silk,161.78,2,147.07,3,132.36,5,N/A,N/A,0,2.5,6.5,15,0.2,210,297,99,210,"{""Size"":""A4"",""Folding"":""Z Folded to 6pp 1/3 A4"",""Lamination"":""Both Sides (Gloss)"",""Paper Type"":""200gsm Silk""}",20/09/2021,N/A,FOL-511-617-597-565-EXPRESS,FOL-511-617-597-565-STANDARD,FOL-511-617-597-565-SAVER,N/A
Folded & Laminated Leaflets,PRD-W6P1K7DC,250,0.2,A3,Roll Folded to 6pp 1/3 A3,Both Sides (Gloss),300gsm Art Board Coated,108.91,2,99.01,3,89.11,5,N/A,N/A,0,2.5,6.5,15,0.2,297,420,140,297,"{""Size"":""A3"",""Folding"":""Roll Folded to 6pp 1/3 A3"",""Lamination"":""Both Sides (Gloss)"",""Paper Type"":""300gsm Art Board Coated""}",20/09/2021,N/A,FOL-458-658-468-557-EXPRESS,FOL-458-658-468-557-STANDARD,FOL-458-658-468-557-SAVER,N/A
Folded & Laminated Leaflets,PRD-W6P1K7DC,400,0.2,A3,Roll Folded to 6pp 1/3 A3,Both Sides (Gloss),300gsm Art Board Coated,149.34,2,135.76,3,122.18,5,N/A,N/A,0,2.5,6.5,15,0.2,297,420,140,297,"{""Size"":""A3"",""Folding"":""Roll Folded to 6pp 1/3 A3"",""Lamination"":""Both Sides (Gloss)"",""Paper Type"":""300gsm Art Board Coated""}",20/09/2021,N/A,FOL-458-658-468-557-EXPRESS,FOL-458-658-468-557-STANDARD,FOL-458-658-468-557-SAVER,N/A
Folded & Laminated Leaflets,PRD-W6P1K7DC,500,0.2,A3,Roll Folded to 6pp 1/3 A3,Both Sides (Gloss),300gsm Art Board Coated,176.25,2,160.23,3,144.21,5,N/A,N/A,0,2.5,6.5,15,0.2,297,420,140,297,"{""Size"":""A3"",""Folding"":""Roll Folded to 6pp 1/3 A3"",""Lamination"":""Both Sides (Gloss)"",""Paper Type"":""300gsm Art Board Coated""}",20/09/2021,N/A,FOL-458-658-468-557-EXPRESS,FOL-458-658-468-557-STANDARD,FOL-458-658-468-557-SAVER,N/A
Folded & Laminated Leaflets,PRD-W6P1K7DC,1000,0.2,A3,Roll Folded to 6pp 1/3 A3,Both Sides (Gloss),300gsm Art Board Coated,316.36,2,287.6,3,258.84,5,N/A,N/A,0,2.5,6.5,15,0.2,297,420,140,297,"{""Size"":""A3"",""Folding"":""Roll Folded to 6pp 1/3 A3"",""Lamination"":""Both Sides (Gloss)"",""Paper Type"":""300gsm Art Board Coated""}",20/09/2021,N/A,FOL-458-658-468-557-EXPRESS,FOL-458-658-468-557-STANDARD,FOL-458-658-468-557-SAVER,N/A
Folded & Laminated Leaflets,PRD-W6P1K7DC,250,0.2,A4,Folded to 105mm x 297mm,Both Sides (Matt),300gsm Art Board Coated,73.06,2,66.42,3,59.78,5,N/A,N/A,0,2.5,6.5,15,0.2,210,297,105,297,"{""Size"":""A4"",""Folding"":""Folded to 105mm x 297mm"",""Lamination"":""Both Sides (Matt)"",""Paper Type"":""300gsm Art Board Coated""}",20/09/2021,N/A,FOL-529-604-701-618-EXPRESS,FOL-529-604-701-618-STANDARD,FOL-529-604-701-618-SAVER,N/A
Folded & Laminated Leaflets,PRD-W6P1K7DC,400,0.2,A4,Folded to 105mm x 297mm,Both Sides (Matt),300gsm Art Board Coated,93.86,2,85.33,3,76.8,5,N/A,N/A,0,2.5,6.5,15,0.2,210,297,105,297,"{""Size"":""A4"",""Folding"":""Folded to 105mm x 297mm"",""Lamination"":""Both Sides (Matt)"",""Paper Type"":""300gsm Art Board Coated""}",20/09/2021,N/A,FOL-529-604-701-618-EXPRESS,FOL-529-604-701-618-STANDARD,FOL-529-604-701-618-SAVER,N/A
Folded & Laminated Leaflets,PRD-W6P1K7DC,500,0.2,A4,Folded to 105mm x 297mm,Both Sides (Matt),300gsm Art Board Coated,107.74,2,97.95,3,88.16,5,N/A,N/A,0,2.5,6.5,15,0.2,210,297,105,297,"{""Size"":""A4"",""Folding"":""Folded to 105mm x 297mm"",""Lamination"":""Both Sides (Matt)"",""Paper Type"":""300gsm Art Board Coated""}",20/09/2021,N/A,FOL-529-604-701-618-EXPRESS,FOL-529-604-701-618-STANDARD,FOL-529-604-701-618-SAVER,N/A
Folded & Laminated Leaflets,PRD-W6P1K7DC,1000,0.2,A4,Folded to 105mm x 297mm,Both Sides (Matt),300gsm Art Board Coated,177.19,2,161.08,3,144.97,5,N/A,N/A,0,2.5,6.5,15,0.2,210,297,105,297,"{""Size"":""A4"",""Folding"":""Folded to 105mm x 297mm"",""Lamination"":""Both Sides (Matt)"",""Paper Type"":""300gsm Art Board Coated""}",20/09/2021,N/A,FOL-529-604-701-618-EXPRESS,FOL-529-604-701-618-STANDARD,FOL-529-604-701-618-SAVER,N/A
Folded & Laminated Leaflets,PRD-W6P1K7DC,250,0.2,A3,Folded to 148.5mm x 420mm,Both Sides (Gloss),300gsm Art Board Coated,105.64,2,96.04,3,86.44,5,N/A,N/A,0,2.5,6.5,15,0.2,297,420,148.5,420,"{""Size"":""A3"",""Folding"":""Folded to 148.5mm x 420mm"",""Lamination"":""Both Sides (Gloss)"",""Paper Type"":""300gsm Art Board Coated""}",20/09/2021,N/A,FOL-526-606-514-555-EXPRESS,FOL-526-606-514-555-STANDARD,FOL-526-606-514-555-SAVER,N/A
Folded & Laminated Leaflets,PRD-W6P1K7DC,400,0.2,A3,Folded to 148.5mm x 420mm,Both Sides (Gloss),300gsm Art Board Coated,146.06,2,132.78,3,119.5,5,N/A,N/A,0,2.5,6.5,15,0.2,297,420,148.5,420,"{""Size"":""A3"",""Folding"":""Folded to 148.5mm x 420mm"",""Lamination"":""Both Sides (Gloss)"",""Paper Type"":""300gsm Art Board Coated""}",20/09/2021,N/A,FOL-526-606-514-555-EXPRESS,FOL-526-606-514-555-STANDARD,FOL-526-606-514-555-SAVER,N/A
Folded & Laminated Leaflets,PRD-W6P1K7DC,500,0.2,A3,Folded to 148.5mm x 420mm,Both Sides (Gloss),300gsm Art Board Coated,172.98,2,157.25,3,141.52,5,N/A,N/A,0,2.5,6.5,15,0.2,297,420,148.5,420,"{""Size"":""A3"",""Folding"":""Folded to 148.5mm x 420mm"",""Lamination"":""Both Sides (Gloss)"",""Paper Type"":""300gsm Art Board Coated""}",20/09/2021,N/A,FOL-526-606-514-555-EXPRESS,FOL-526-606-514-555-STANDARD,FOL-526-606-514-555-SAVER,N/A
Folded & Laminated Leaflets,PRD-W6P1K7DC,1000,0.2,A3,Folded to 148.5mm x 420mm,Both Sides (Gloss),300gsm Art Board Coated,313.06,2,284.6,3,256.14,5,N/A,N/A,0,2.5,6.5,15,0.2,297,420,148.5,420,"{""Size"":""A3"",""Folding"":""Folded to 148.5mm x 420mm"",""Lamination"":""Both Sides (Gloss)"",""Paper Type"":""300gsm Art Board Coated""}",20/09/2021,N/A,FOL-526-606-514-555-EXPRESS,FOL-526-606-514-555-STANDARD,FOL-526-606-514-555-SAVER,N/A
Folded & Laminated Leaflets,PRD-W6P1K7DC,250,0.2,A4,Folded to 4pp A5,Both Sides (Gloss),300gsm Art Board Coated,73.06,2,66.42,3,59.78,5,N/A,N/A,0,2.5,6.5,15,0.2,210,297,148,210,"{""Size"":""A4"",""Folding"":""Folded to 4pp A5"",""Lamination"":""Both Sides (Gloss)"",""Paper Type"":""300gsm Art Board Coated""}",20/09/2021,N/A,FOL-504-481-608-571-EXPRESS,FOL-504-481-608-571-STANDARD,FOL-504-481-608-571-SAVER,N/A
Folded & Laminated Leaflets,PRD-W6P1K7DC,400,0.2,A4,Folded to 4pp A5,Both Sides (Gloss),300gsm Art Board Coated,93.86,2,85.33,3,76.8,5,N/A,N/A,0,2.5,6.5,15,0.2,210,297,148,210,"{""Size"":""A4"",""Folding"":""Folded to 4pp A5"",""Lamination"":""Both Sides (Gloss)"",""Paper Type"":""300gsm Art Board Coated""}",20/09/2021,N/A,FOL-504-481-608-571-EXPRESS,FOL-504-481-608-571-STANDARD,FOL-504-481-608-571-SAVER,N/A
Folded & Laminated Leaflets,PRD-W6P1K7DC,500,0.2,A4,Folded to 4pp A5,Both Sides (Gloss),300gsm Art Board Coated,107.74,2,97.95,3,88.16,5,N/A,N/A,0,2.5,6.5,15,0.2,210,297,148,210,"{""Size"":""A4"",""Folding"":""Folded to 4pp A5"",""Lamination"":""Both Sides (Gloss)"",""Paper Type"":""300gsm Art Board Coated""}",20/09/2021,N/A,FOL-504-481-608-571-EXPRESS,FOL-504-481-608-571-STANDARD,FOL-504-481-608-571-SAVER,N/A
Folded & Laminated Leaflets,PRD-W6P1K7DC,1000,0.2,A4,Folded to 4pp A5,Both Sides (Gloss),300gsm Art Board Coated,177.19,2,161.08,3,144.97,5,N/A,N/A,0,2.5,6.5,15,0.2,210,297,148,210,"{""Size"":""A4"",""Folding"":""Folded to 4pp A5"",""Lamination"":""Both Sides (Gloss)"",""Paper Type"":""300gsm Art Board Coated""}",20/09/2021,N/A,FOL-504-481-608-571-EXPRESS,FOL-504-481-608-571-STANDARD,FOL-504-481-608-571-SAVER,N/A
Folded & Laminated Leaflets,PRD-W6P1K7DC,250,0.2,A4,Folded to 4pp A5,Both Sides (Matt),200gsm Silk,73.23,2,66.57,3,59.91,5,N/A,N/A,0,2.5,6.5,15,0.2,210,297,148,210,"{""Size"":""A4"",""Folding"":""Folded to 4pp A5"",""Lamination"":""Both Sides (Matt)"",""Paper Type"":""200gsm Silk""}",20/09/2021,N/A,FOL-602-653-518-512-EXPRESS,FOL-602-653-518-512-STANDARD,FOL-602-653-518-512-SAVER,N/A
Folded & Laminated Leaflets,PRD-W6P1K7DC,400,0.2,A4,Folded to 4pp A5,Both Sides (Matt),200gsm Silk,92.57,2,84.15,3,75.74,5,N/A,N/A,0,2.5,6.5,15,0.2,210,297,148,210,"{""Size"":""A4"",""Folding"":""Folded to 4pp A5"",""Lamination"":""Both Sides (Matt)"",""Paper Type"":""200gsm Silk""}",20/09/2021,N/A,FOL-602-653-518-512-EXPRESS,FOL-602-653-518-512-STANDARD,FOL-602-653-518-512-SAVER,N/A
Folded & Laminated Leaflets,PRD-W6P1K7DC,500,0.2,A4,Folded to 4pp A5,Both Sides (Matt),200gsm Silk,98.43,2,89.48,3,80.53,5,N/A,N/A,0,2.5,6.5,15,0.2,210,297,148,210,"{""Size"":""A4"",""Folding"":""Folded to 4pp A5"",""Lamination"":""Both Sides (Matt)"",""Paper Type"":""200gsm Silk""}",20/09/2021,N/A,FOL-602-653-518-512-EXPRESS,FOL-602-653-518-512-STANDARD,FOL-602-653-518-512-SAVER,N/A
Folded & Laminated Leaflets,PRD-W6P1K7DC,1000,0.2,A4,Folded to 4pp A5,Both Sides (Matt),200gsm Silk,158.61,2,144.19,3,129.77,5,N/A,N/A,0,2.5,6.5,15,0.2,210,297,148,210,"{""Size"":""A4"",""Folding"":""Folded to 4pp A5"",""Lamination"":""Both Sides (Matt)"",""Paper Type"":""200gsm Silk""}",20/09/2021,N/A,FOL-602-653-518-512-EXPRESS,FOL-602-653-518-512-STANDARD,FOL-602-653-518-512-SAVER,N/A
Folded & Laminated Leaflets,PRD-W6P1K7DC,250,0.2,A3,Roll Folded to 6pp 1/3 A3,Both Sides (Matt),200gsm Silk,106.6,2,96.91,3,87.22,5,N/A,N/A,0,2.5,6.5,15,0.2,297,420,140,297,"{""Size"":""A3"",""Folding"":""Roll Folded to 6pp 1/3 A3"",""Lamination"":""Both Sides (Matt)"",""Paper Type"":""200gsm Silk""}",20/09/2021,N/A,FOL-469-567-505-616-EXPRESS,FOL-469-567-505-616-STANDARD,FOL-469-567-505-616-SAVER,N/A
Folded & Laminated Leaflets,PRD-W6P1K7DC,400,0.2,A3,Roll Folded to 6pp 1/3 A3,Both Sides (Matt),200gsm Silk,143.94,2,130.85,3,117.76,5,N/A,N/A,0,2.5,6.5,15,0.2,297,420,140,297,"{""Size"":""A3"",""Folding"":""Roll Folded to 6pp 1/3 A3"",""Lamination"":""Both Sides (Matt)"",""Paper Type"":""200gsm Silk""}",20/09/2021,N/A,FOL-469-567-505-616-EXPRESS,FOL-469-567-505-616-STANDARD,FOL-469-567-505-616-SAVER,N/A
Folded & Laminated Leaflets,PRD-W6P1K7DC,500,0.2,A3,Roll Folded to 6pp 1/3 A3,Both Sides (Matt),200gsm Silk,157.55,2,143.23,3,128.91,5,N/A,N/A,0,2.5,6.5,15,0.2,297,420,140,297,"{""Size"":""A3"",""Folding"":""Roll Folded to 6pp 1/3 A3"",""Lamination"":""Both Sides (Matt)"",""Paper Type"":""200gsm Silk""}",20/09/2021,N/A,FOL-469-567-505-616-EXPRESS,FOL-469-567-505-616-STANDARD,FOL-469-567-505-616-SAVER,N/A
Folded & Laminated Leaflets,PRD-W6P1K7DC,1000,0.2,A3,Roll Folded to 6pp 1/3 A3,Both Sides (Matt),200gsm Silk,279.08,2,253.71,3,228.34,5,N/A,N/A,0,2.5,6.5,15,0.2,297,420,140,297,"{""Size"":""A3"",""Folding"":""Roll Folded to 6pp 1/3 A3"",""Lamination"":""Both Sides (Matt)"",""Paper Type"":""200gsm Silk""}",20/09/2021,N/A,FOL-469-567-505-616-EXPRESS,FOL-469-567-505-616-STANDARD,FOL-469-567-505-616-SAVER,N/A
Folded & Laminated Leaflets,PRD-W6P1K7DC,250,0.2,A3,Gate Folded to A4,Both Sides (Gloss),300gsm Art Board Coated,108.91,2,99.01,3,89.11,5,N/A,N/A,0,2.5,6.5,15,0.2,297,420,210,297,"{""Size"":""A3"",""Folding"":""Gate Folded to A4"",""Lamination"":""Both Sides (Gloss)"",""Paper Type"":""300gsm Art Board Coated""}",20/09/2021,N/A,FOL-462-496-657-558-EXPRESS,FOL-462-496-657-558-STANDARD,FOL-462-496-657-558-SAVER,N/A
Folded & Laminated Leaflets,PRD-W6P1K7DC,400,0.2,A3,Gate Folded to A4,Both Sides (Gloss),300gsm Art Board Coated,149.34,2,135.76,3,122.18,5,N/A,N/A,0,2.5,6.5,15,0.2,297,420,210,297,"{""Size"":""A3"",""Folding"":""Gate Folded to A4"",""Lamination"":""Both Sides (Gloss)"",""Paper Type"":""300gsm Art Board Coated""}",20/09/2021,N/A,FOL-462-496-657-558-EXPRESS,FOL-462-496-657-558-STANDARD,FOL-462-496-657-558-SAVER,N/A
Folded & Laminated Leaflets,PRD-W6P1K7DC,500,0.2,A3,Gate Folded to A4,Both Sides (Gloss),300gsm Art Board Coated,176.25,2,160.23,3,144.21,5,N/A,N/A,0,2.5,6.5,15,0.2,297,420,210,297,"{""Size"":""A3"",""Folding"":""Gate Folded to A4"",""Lamination"":""Both Sides (Gloss)"",""Paper Type"":""300gsm Art Board Coated""}",20/09/2021,N/A,FOL-462-496-657-558-EXPRESS,FOL-462-496-657-558-STANDARD,FOL-462-496-657-558-SAVER,N/A
Folded & Laminated Leaflets,PRD-W6P1K7DC,1000,0.2,A3,Gate Folded to A4,Both Sides (Gloss),300gsm Art Board Coated,316.36,2,287.6,3,258.84,5,N/A,N/A,0,2.5,6.5,15,0.2,297,420,210,297,"{""Size"":""A3"",""Folding"":""Gate Folded to A4"",""Lamination"":""Both Sides (Gloss)"",""Paper Type"":""300gsm Art Board Coated""}",20/09/2021,N/A,FOL-462-496-657-558-EXPRESS,FOL-462-496-657-558-STANDARD,FOL-462-496-657-558-SAVER,N/A
Folded & Laminated Leaflets,PRD-W6P1K7DC,250,0.2,A4,Gate Folded to A5,Both Sides (Matt),200gsm Silk,76.63,2,69.66,3,62.69,5,N/A,N/A,0,2.5,6.5,15,0.2,210,297,148,210,"{""Size"":""A4"",""Folding"":""Gate Folded to A5"",""Lamination"":""Both Sides (Matt)"",""Paper Type"":""200gsm Silk""}",20/09/2021,N/A,FOL-599-501-653-524-EXPRESS,FOL-599-501-653-524-STANDARD,FOL-599-501-653-524-SAVER,N/A
Folded & Laminated Leaflets,PRD-W6P1K7DC,400,0.2,A4,Gate Folded to A5,Both Sides (Matt),200gsm Silk,95.95,2,87.23,3,78.51,5,N/A,N/A,0,2.5,6.5,15,0.2,210,297,148,210,"{""Size"":""A4"",""Folding"":""Gate Folded to A5"",""Lamination"":""Both Sides (Matt)"",""Paper Type"":""200gsm Silk""}",20/09/2021,N/A,FOL-599-501-653-524-EXPRESS,FOL-599-501-653-524-STANDARD,FOL-599-501-653-524-SAVER,N/A
Folded & Laminated Leaflets,PRD-W6P1K7DC,500,0.2,A4,Gate Folded to A5,Both Sides (Matt),200gsm Silk,101.6,2,92.36,3,83.12,5,N/A,N/A,0,2.5,6.5,15,0.2,210,297,148,210,"{""Size"":""A4"",""Folding"":""Gate Folded to A5"",""Lamination"":""Both Sides (Matt)"",""Paper Type"":""200gsm Silk""}",20/09/2021,N/A,FOL-599-501-653-524-EXPRESS,FOL-599-501-653-524-STANDARD,FOL-599-501-653-524-SAVER,N/A
Folded & Laminated Leaflets,PRD-W6P1K7DC,1000,0.2,A4,Gate Folded to A5,Both Sides (Matt),200gsm Silk,161.78,2,147.07,3,132.36,5,N/A,N/A,0,2.5,6.5,15,0.2,210,297,148,210,"{""Size"":""A4"",""Folding"":""Gate Folded to A5"",""Lamination"":""Both Sides (Matt)"",""Paper Type"":""200gsm Silk""}",20/09/2021,N/A,FOL-599-501-653-524-EXPRESS,FOL-599-501-653-524-STANDARD,FOL-599-501-653-524-SAVER,N/A
Folded & Laminated Leaflets,PRD-W6P1K7DC,250,0.2,A3,Z Folded to 6pp 1/3 A3,Both Sides (Matt),200gsm Silk,106.6,2,96.91,3,87.22,5,N/A,N/A,0,2.5,6.5,15,0.2,297,420,140,297,"{""Size"":""A3"",""Folding"":""Z Folded to 6pp 1/3 A3"",""Lamination"":""Both Sides (Matt)"",""Paper Type"":""200gsm Silk""}",20/09/2021,N/A,FOL-755-564-551-508-EXPRESS,FOL-755-564-551-508-STANDARD,FOL-755-564-551-508-SAVER,N/A
Folded & Laminated Leaflets,PRD-W6P1K7DC,400,0.2,A3,Z Folded to 6pp 1/3 A3,Both Sides (Matt),200gsm Silk,143.94,2,130.85,3,117.76,5,N/A,N/A,0,2.5,6.5,15,0.2,297,420,140,297,"{""Size"":""A3"",""Folding"":""Z Folded to 6pp 1/3 A3"",""Lamination"":""Both Sides (Matt)"",""Paper Type"":""200gsm Silk""}",20/09/2021,N/A,FOL-755-564-551-508-EXPRESS,FOL-755-564-551-508-STANDARD,FOL-755-564-551-508-SAVER,N/A
Folded & Laminated Leaflets,PRD-W6P1K7DC,500,0.2,A3,Z Folded to 6pp 1/3 A3,Both Sides (Matt),200gsm Silk,157.55,2,143.23,3,128.91,5,N/A,N/A,0,2.5,6.5,15,0.2,297,420,140,297,"{""Size"":""A3"",""Folding"":""Z Folded to 6pp 1/3 A3"",""Lamination"":""Both Sides (Matt)"",""Paper Type"":""200gsm Silk""}",20/09/2021,N/A,FOL-755-564-551-508-EXPRESS,FOL-755-564-551-508-STANDARD,FOL-755-564-551-508-SAVER,N/A
Folded & Laminated Leaflets,PRD-W6P1K7DC,1000,0.2,A3,Z Folded to 6pp 1/3 A3,Both Sides (Matt),200gsm Silk,279.08,2,253.71,3,228.34,5,N/A,N/A,0,2.5,6.5,15,0.2,297,420,140,297,"{""Size"":""A3"",""Folding"":""Z Folded to 6pp 1/3 A3"",""Lamination"":""Both Sides (Matt)"",""Paper Type"":""200gsm Silk""}",20/09/2021,N/A,FOL-755-564-551-508-EXPRESS,FOL-755-564-551-508-STANDARD,FOL-755-564-551-508-SAVER,N/A
Folded & Laminated Leaflets,PRD-W6P1K7DC,250,0.2,A4,Gate Folded to A5,Both Sides (Gloss),300gsm Art Board Coated,76.31,2,69.37,3,62.43,5,N/A,N/A,0,2.5,6.5,15,0.2,210,297,148,210,"{""Size"":""A4"",""Folding"":""Gate Folded to A5"",""Lamination"":""Both Sides (Gloss)"",""Paper Type"":""300gsm Art Board Coated""}",20/09/2021,N/A,FOL-503-507-549-417-EXPRESS,FOL-503-507-549-417-STANDARD,FOL-503-507-549-417-SAVER,N/A
Folded & Laminated Leaflets,PRD-W6P1K7DC,400,0.2,A4,Gate Folded to A5,Both Sides (Gloss),300gsm Art Board Coated,97.12,2,88.29,3,79.46,5,N/A,N/A,0,2.5,6.5,15,0.2,210,297,148,210,"{""Size"":""A4"",""Folding"":""Gate Folded to A5"",""Lamination"":""Both Sides (Gloss)"",""Paper Type"":""300gsm Art Board Coated""}",20/09/2021,N/A,FOL-503-507-549-417-EXPRESS,FOL-503-507-549-417-STANDARD,FOL-503-507-549-417-SAVER,N/A
Folded & Laminated Leaflets,PRD-W6P1K7DC,500,0.2,A4,Gate Folded to A5,Both Sides (Gloss),300gsm Art Board Coated,111.01,2,100.92,3,90.83,5,N/A,N/A,0,2.5,6.5,15,0.2,210,297,148,210,"{""Size"":""A4"",""Folding"":""Gate Folded to A5"",""Lamination"":""Both Sides (Gloss)"",""Paper Type"":""300gsm Art Board Coated""}",20/09/2021,N/A,FOL-503-507-549-417-EXPRESS,FOL-503-507-549-417-STANDARD,FOL-503-507-549-417-SAVER,N/A
Folded & Laminated Leaflets,PRD-W6P1K7DC,1000,0.2,A4,Gate Folded to A5,Both Sides (Gloss),300gsm Art Board Coated,180.47,2,164.06,3,147.65,5,N/A,N/A,0,2.5,6.5,15,0.2,210,297,148,210,"{""Size"":""A4"",""Folding"":""Gate Folded to A5"",""Lamination"":""Both Sides (Gloss)"",""Paper Type"":""300gsm Art Board Coated""}",20/09/2021,N/A,FOL-503-507-549-417-EXPRESS,FOL-503-507-549-417-STANDARD,FOL-503-507-549-417-SAVER,N/A
Folded & Laminated Leaflets,PRD-W6P1K7DC,250,0.2,A4,Gate Folded to A5,Both Sides (Matt),300gsm Art Board Coated,76.31,2,69.37,3,62.43,5,N/A,N/A,0,2.5,6.5,15,0.2,210,297,148,210,"{""Size"":""A4"",""Folding"":""Gate Folded to A5"",""Lamination"":""Both Sides (Matt)"",""Paper Type"":""300gsm Art Board Coated""}",20/09/2021,N/A,FOL-462-609-556-523-EXPRESS,FOL-462-609-556-523-STANDARD,FOL-462-609-556-523-SAVER,N/A
Folded & Laminated Leaflets,PRD-W6P1K7DC,400,0.2,A4,Gate Folded to A5,Both Sides (Matt),300gsm Art Board Coated,97.12,2,88.29,3,79.46,5,N/A,N/A,0,2.5,6.5,15,0.2,210,297,148,210,"{""Size"":""A4"",""Folding"":""Gate Folded to A5"",""Lamination"":""Both Sides (Matt)"",""Paper Type"":""300gsm Art Board Coated""}",20/09/2021,N/A,FOL-462-609-556-523-EXPRESS,FOL-462-609-556-523-STANDARD,FOL-462-609-556-523-SAVER,N/A
Folded & Laminated Leaflets,PRD-W6P1K7DC,500,0.2,A4,Gate Folded to A5,Both Sides (Matt),300gsm Art Board Coated,111.01,2,100.92,3,90.83,5,N/A,N/A,0,2.5,6.5,15,0.2,210,297,148,210,"{""Size"":""A4"",""Folding"":""Gate Folded to A5"",""Lamination"":""Both Sides (Matt)"",""Paper Type"":""300gsm Art Board Coated""}",20/09/2021,N/A,FOL-462-609-556-523-EXPRESS,FOL-462-609-556-523-STANDARD,FOL-462-609-556-523-SAVER,N/A
Folded & Laminated Leaflets,PRD-W6P1K7DC,1000,0.2,A4,Gate Folded to A5,Both Sides (Matt),300gsm Art Board Coated,180.47,2,164.06,3,147.65,5,N/A,N/A,0,2.5,6.5,15,0.2,210,297,148,210,"{""Size"":""A4"",""Folding"":""Gate Folded to A5"",""Lamination"":""Both Sides (Matt)"",""Paper Type"":""300gsm Art Board Coated""}",20/09/2021,N/A,FOL-462-609-556-523-EXPRESS,FOL-462-609-556-523-STANDARD,FOL-462-609-556-523-SAVER,N/A
Folded & Laminated Leaflets,PRD-W6P1K7DC,250,0.2,A4,Gate Folded to A5,Both Sides (Gloss),200gsm Silk,76.63,2,69.66,3,62.69,5,N/A,N/A,0,2.5,6.5,15,0.2,210,297,148,210,"{""Size"":""A4"",""Folding"":""Gate Folded to A5"",""Lamination"":""Both Sides (Gloss)"",""Paper Type"":""200gsm Silk""}",20/09/2021,N/A,FOL-512-515-559-527-EXPRESS,FOL-512-515-559-527-STANDARD,FOL-512-515-559-527-SAVER,N/A
Folded & Laminated Leaflets,PRD-W6P1K7DC,400,0.2,A4,Gate Folded to A5,Both Sides (Gloss),200gsm Silk,95.95,2,87.23,3,78.51,5,N/A,N/A,0,2.5,6.5,15,0.2,210,297,148,210,"{""Size"":""A4"",""Folding"":""Gate Folded to A5"",""Lamination"":""Both Sides (Gloss)"",""Paper Type"":""200gsm Silk""}",20/09/2021,N/A,FOL-512-515-559-527-EXPRESS,FOL-512-515-559-527-STANDARD,FOL-512-515-559-527-SAVER,N/A
Folded & Laminated Leaflets,PRD-W6P1K7DC,500,0.2,A4,Gate Folded to A5,Both Sides (Gloss),200gsm Silk,101.6,2,92.36,3,83.12,5,N/A,N/A,0,2.5,6.5,15,0.2,210,297,148,210,"{""Size"":""A4"",""Folding"":""Gate Folded to A5"",""Lamination"":""Both Sides (Gloss)"",""Paper Type"":""200gsm Silk""}",20/09/2021,N/A,FOL-512-515-559-527-EXPRESS,FOL-512-515-559-527-STANDARD,FOL-512-515-559-527-SAVER,N/A
Folded & Laminated Leaflets,PRD-W6P1K7DC,1000,0.2,A4,Gate Folded to A5,Both Sides (Gloss),200gsm Silk,161.78,2,147.07,3,132.36,5,N/A,N/A,0,2.5,6.5,15,0.2,210,297,148,210,"{""Size"":""A4"",""Folding"":""Gate Folded to A5"",""Lamination"":""Both Sides (Gloss)"",""Paper Type"":""200gsm Silk""}",20/09/2021,N/A,FOL-512-515-559-527-EXPRESS,FOL-512-515-559-527-STANDARD,FOL-512-515-559-527-SAVER,N/A
Folded & Laminated Leaflets,PRD-W6P1K7DC,250,0.2,A3,Gate Folded to A4,Both Sides (Matt),200gsm Silk,106.6,2,96.91,3,87.22,5,N/A,N/A,0,2.5,6.5,15,0.2,297,420,210,297,"{""Size"":""A3"",""Folding"":""Gate Folded to A4"",""Lamination"":""Both Sides (Matt)"",""Paper Type"":""200gsm Silk""}",20/09/2021,N/A,FOL-519-507-611-555-EXPRESS,FOL-519-507-611-555-STANDARD,FOL-519-507-611-555-SAVER,N/A
Folded & Laminated Leaflets,PRD-W6P1K7DC,400,0.2,A3,Gate Folded to A4,Both Sides (Matt),200gsm Silk,143.94,2,130.85,3,117.76,5,N/A,N/A,0,2.5,6.5,15,0.2,297,420,210,297,"{""Size"":""A3"",""Folding"":""Gate Folded to A4"",""Lamination"":""Both Sides (Matt)"",""Paper Type"":""200gsm Silk""}",20/09/2021,N/A,FOL-519-507-611-555-EXPRESS,FOL-519-507-611-555-STANDARD,FOL-519-507-611-555-SAVER,N/A
Folded & Laminated Leaflets,PRD-W6P1K7DC,500,0.2,A3,Gate Folded to A4,Both Sides (Matt),200gsm Silk,157.55,2,143.23,3,128.91,5,N/A,N/A,0,2.5,6.5,15,0.2,297,420,210,297,"{""Size"":""A3"",""Folding"":""Gate Folded to A4"",""Lamination"":""Both Sides (Matt)"",""Paper Type"":""200gsm Silk""}",20/09/2021,N/A,FOL-519-507-611-555-EXPRESS,FOL-519-507-611-555-STANDARD,FOL-519-507-611-555-SAVER,N/A
Folded & Laminated Leaflets,PRD-W6P1K7DC,1000,0.2,A3,Gate Folded to A4,Both Sides (Matt),200gsm Silk,279.08,2,253.71,3,228.34,5,N/A,N/A,0,2.5,6.5,15,0.2,297,420,210,297,"{""Size"":""A3"",""Folding"":""Gate Folded to A4"",""Lamination"":""Both Sides (Matt)"",""Paper Type"":""200gsm Silk""}",20/09/2021,N/A,FOL-519-507-611-555-EXPRESS,FOL-519-507-611-555-STANDARD,FOL-519-507-611-555-SAVER,N/A
Folded & Laminated Leaflets,PRD-W6P1K7DC,250,0.2,A3,Folded to 4pp A4,Both Sides (Gloss),200gsm Silk,103.21,2,93.83,3,84.45,5,N/A,N/A,0,2.5,6.5,15,0.2,297,420,210,297,"{""Size"":""A3"",""Folding"":""Folded to 4pp A4"",""Lamination"":""Both Sides (Gloss)"",""Paper Type"":""200gsm Silk""}",20/09/2021,N/A,FOL-546-660-509-511-EXPRESS,FOL-546-660-509-511-STANDARD,FOL-546-660-509-511-SAVER,N/A
Folded & Laminated Leaflets,PRD-W6P1K7DC,400,0.2,A3,Folded to 4pp A4,Both Sides (Gloss),200gsm Silk,140.54,2,127.76,3,114.98,5,N/A,N/A,0,2.5,6.5,15,0.2,297,420,210,297,"{""Size"":""A3"",""Folding"":""Folded to 4pp A4"",""Lamination"":""Both Sides (Gloss)"",""Paper Type"":""200gsm Silk""}",20/09/2021,N/A,FOL-546-660-509-511-EXPRESS,FOL-546-660-509-511-STANDARD,FOL-546-660-509-511-SAVER,N/A
Folded & Laminated Leaflets,PRD-W6P1K7DC,500,0.2,A3,Folded to 4pp A4,Both Sides (Gloss),200gsm Silk,154.38,2,140.35,3,126.32,5,N/A,N/A,0,2.5,6.5,15,0.2,297,420,210,297,"{""Size"":""A3"",""Folding"":""Folded to 4pp A4"",""Lamination"":""Both Sides (Gloss)"",""Paper Type"":""200gsm Silk""}",20/09/2021,N/A,FOL-546-660-509-511-EXPRESS,FOL-546-660-509-511-STANDARD,FOL-546-660-509-511-SAVER,N/A
Folded & Laminated Leaflets,PRD-W6P1K7DC,1000,0.2,A3,Folded to 4pp A4,Both Sides (Gloss),200gsm Silk,275.92,2,250.84,3,225.76,5,N/A,N/A,0,2.5,6.5,15,0.2,297,420,210,297,"{""Size"":""A3"",""Folding"":""Folded to 4pp A4"",""Lamination"":""Both Sides (Gloss)"",""Paper Type"":""200gsm Silk""}",20/09/2021,N/A,FOL-546-660-509-511-EXPRESS,FOL-546-660-509-511-STANDARD,FOL-546-660-509-511-SAVER,N/A
Folded & Laminated Leaflets,PRD-W6P1K7DC,250,0.2,A3,Roll Folded to 6pp 1/3 A3,Both Sides (Matt),300gsm Art Board Coated,108.91,2,99.01,3,89.11,5,N/A,N/A,0,2.5,6.5,15,0.2,297,420,140,297,"{""Size"":""A3"",""Folding"":""Roll Folded to 6pp 1/3 A3"",""Lamination"":""Both Sides (Matt)"",""Paper Type"":""300gsm Art Board Coated""}",20/09/2021,N/A,FOL-608-643-503-550-EXPRESS,FOL-608-643-503-550-STANDARD,FOL-608-643-503-550-SAVER,N/A
Folded & Laminated Leaflets,PRD-W6P1K7DC,400,0.2,A3,Roll Folded to 6pp 1/3 A3,Both Sides (Matt),300gsm Art Board Coated,149.34,2,135.76,3,122.18,5,N/A,N/A,0,2.5,6.5,15,0.2,297,420,140,297,"{""Size"":""A3"",""Folding"":""Roll Folded to 6pp 1/3 A3"",""Lamination"":""Both Sides (Matt)"",""Paper Type"":""300gsm Art Board Coated""}",20/09/2021,N/A,FOL-608-643-503-550-EXPRESS,FOL-608-643-503-550-STANDARD,FOL-608-643-503-550-SAVER,N/A
Folded & Laminated Leaflets,PRD-W6P1K7DC,500,0.2,A3,Roll Folded to 6pp 1/3 A3,Both Sides (Matt),300gsm Art Board Coated,176.25,2,160.23,3,144.21,5,N/A,N/A,0,2.5,6.5,15,0.2,297,420,140,297,"{""Size"":""A3"",""Folding"":""Roll Folded to 6pp 1/3 A3"",""Lamination"":""Both Sides (Matt)"",""Paper Type"":""300gsm Art Board Coated""}",20/09/2021,N/A,FOL-608-643-503-550-EXPRESS,FOL-608-643-503-550-STANDARD,FOL-608-643-503-550-SAVER,N/A
Folded & Laminated Leaflets,PRD-W6P1K7DC,1000,0.2,A3,Roll Folded to 6pp 1/3 A3,Both Sides (Matt),300gsm Art Board Coated,316.36,2,287.6,3,258.84,5,N/A,N/A,0,2.5,6.5,15,0.2,297,420,140,297,"{""Size"":""A3"",""Folding"":""Roll Folded to 6pp 1/3 A3"",""Lamination"":""Both Sides (Matt)"",""Paper Type"":""300gsm Art Board Coated""}",20/09/2021,N/A,FOL-608-643-503-550-EXPRESS,FOL-608-643-503-550-STANDARD,FOL-608-643-503-550-SAVER,N/A
Folded & Laminated Leaflets,PRD-W6P1K7DC,250,0.2,A3,Folded to 148.5mm x 420mm,Both Sides (Matt),200gsm Silk,103.21,2,93.83,3,84.45,5,N/A,N/A,0,2.5,6.5,15,0.2,297,420,148.5,420,"{""Size"":""A3"",""Folding"":""Folded to 148.5mm x 420mm"",""Lamination"":""Both Sides (Matt)"",""Paper Type"":""200gsm Silk""}",20/09/2021,N/A,FOL-655-604-572-605-EXPRESS,FOL-655-604-572-605-STANDARD,FOL-655-604-572-605-SAVER,N/A
Folded & Laminated Leaflets,PRD-W6P1K7DC,400,0.2,A3,Folded to 148.5mm x 420mm,Both Sides (Matt),200gsm Silk,140.54,2,127.76,3,114.98,5,N/A,N/A,0,2.5,6.5,15,0.2,297,420,148.5,420,"{""Size"":""A3"",""Folding"":""Folded to 148.5mm x 420mm"",""Lamination"":""Both Sides (Matt)"",""Paper Type"":""200gsm Silk""}",20/09/2021,N/A,FOL-655-604-572-605-EXPRESS,FOL-655-604-572-605-STANDARD,FOL-655-604-572-605-SAVER,N/A
Folded & Laminated Leaflets,PRD-W6P1K7DC,500,0.2,A3,Folded to 148.5mm x 420mm,Both Sides (Matt),200gsm Silk,154.38,2,140.35,3,126.32,5,N/A,N/A,0,2.5,6.5,15,0.2,297,420,148.5,420,"{""Size"":""A3"",""Folding"":""Folded to 148.5mm x 420mm"",""Lamination"":""Both Sides (Matt)"",""Paper Type"":""200gsm Silk""}",20/09/2021,N/A,FOL-655-604-572-605-EXPRESS,FOL-655-604-572-605-STANDARD,FOL-655-604-572-605-SAVER,N/A
Folded & Laminated Leaflets,PRD-W6P1K7DC,1000,0.2,A3,Folded to 148.5mm x 420mm,Both Sides (Matt),200gsm Silk,275.92,2,250.84,3,225.76,5,N/A,N/A,0,2.5,6.5,15,0.2,297,420,148.5,420,"{""Size"":""A3"",""Folding"":""Folded to 148.5mm x 420mm"",""Lamination"":""Both Sides (Matt)"",""Paper Type"":""200gsm Silk""}",20/09/2021,N/A,FOL-655-604-572-605-EXPRESS,FOL-655-604-572-605-STANDARD,FOL-655-604-572-605-SAVER,N/A
Folded & Laminated Leaflets,PRD-W6P1K7DC,250,0.2,A4,Roll Folded to 6pp 1/3 A4,Both Sides (Gloss),300gsm Art Board Coated,76.31,2,69.37,3,62.43,5,N/A,N/A,0,2.5,6.5,15,0.2,210,297,99,210,"{""Size"":""A4"",""Folding"":""Roll Folded to 6pp 1/3 A4"",""Lamination"":""Both Sides (Gloss)"",""Paper Type"":""300gsm Art Board Coated""}",20/09/2021,N/A,FOL-469-656-656-662-EXPRESS,FOL-469-656-656-662-STANDARD,FOL-469-656-656-662-SAVER,N/A
Folded & Laminated Leaflets,PRD-W6P1K7DC,400,0.2,A4,Roll Folded to 6pp 1/3 A4,Both Sides (Gloss),300gsm Art Board Coated,97.12,2,88.29,3,79.46,5,N/A,N/A,0,2.5,6.5,15,0.2,210,297,99,210,"{""Size"":""A4"",""Folding"":""Roll Folded to 6pp 1/3 A4"",""Lamination"":""Both Sides (Gloss)"",""Paper Type"":""300gsm Art Board Coated""}",20/09/2021,N/A,FOL-469-656-656-662-EXPRESS,FOL-469-656-656-662-STANDARD,FOL-469-656-656-662-SAVER,N/A
Folded & Laminated Leaflets,PRD-W6P1K7DC,500,0.2,A4,Roll Folded to 6pp 1/3 A4,Both Sides (Gloss),300gsm Art Board Coated,111.01,2,100.92,3,90.83,5,N/A,N/A,0,2.5,6.5,15,0.2,210,297,99,210,"{""Size"":""A4"",""Folding"":""Roll Folded to 6pp 1/3 A4"",""Lamination"":""Both Sides (Gloss)"",""Paper Type"":""300gsm Art Board Coated""}",20/09/2021,N/A,FOL-469-656-656-662-EXPRESS,FOL-469-656-656-662-STANDARD,FOL-469-656-656-662-SAVER,N/A
Folded & Laminated Leaflets,PRD-W6P1K7DC,1000,0.2,A4,Roll Folded to 6pp 1/3 A4,Both Sides (Gloss),300gsm Art Board Coated,180.47,2,164.06,3,147.65,5,N/A,N/A,0,2.5,6.5,15,0.2,210,297,99,210,"{""Size"":""A4"",""Folding"":""Roll Folded to 6pp 1/3 A4"",""Lamination"":""Both Sides (Gloss)"",""Paper Type"":""300gsm Art Board Coated""}",20/09/2021,N/A,FOL-469-656-656-662-EXPRESS,FOL-469-656-656-662-STANDARD,FOL-469-656-656-662-SAVER,N/A
Folded & Laminated Leaflets,PRD-W6P1K7DC,250,0.2,A4,Folded to 105mm x 297mm,Both Sides (Gloss),300gsm Art Board Coated,73.06,2,66.42,3,59.78,5,N/A,N/A,0,2.5,6.5,15,0.2,210,297,105,297,"{""Size"":""A4"",""Folding"":""Folded to 105mm x 297mm"",""Lamination"":""Both Sides (Gloss)"",""Paper Type"":""300gsm Art Board Coated""}",20/09/2021,N/A,FOL-458-555-620-555-EXPRESS,FOL-458-555-620-555-STANDARD,FOL-458-555-620-555-SAVER,N/A
Folded & Laminated Leaflets,PRD-W6P1K7DC,400,0.2,A4,Folded to 105mm x 297mm,Both Sides (Gloss),300gsm Art Board Coated,93.86,2,85.33,3,76.8,5,N/A,N/A,0,2.5,6.5,15,0.2,210,297,105,297,"{""Size"":""A4"",""Folding"":""Folded to 105mm x 297mm"",""Lamination"":""Both Sides (Gloss)"",""Paper Type"":""300gsm Art Board Coated""}",20/09/2021,N/A,FOL-458-555-620-555-EXPRESS,FOL-458-555-620-555-STANDARD,FOL-458-555-620-555-SAVER,N/A
Folded & Laminated Leaflets,PRD-W6P1K7DC,500,0.2,A4,Folded to 105mm x 297mm,Both Sides (Gloss),300gsm Art Board Coated,107.74,2,97.95,3,88.16,5,N/A,N/A,0,2.5,6.5,15,0.2,210,297,105,297,"{""Size"":""A4"",""Folding"":""Folded to 105mm x 297mm"",""Lamination"":""Both Sides (Gloss)"",""Paper Type"":""300gsm Art Board Coated""}",20/09/2021,N/A,FOL-458-555-620-555-EXPRESS,FOL-458-555-620-555-STANDARD,FOL-458-555-620-555-SAVER,N/A
Folded & Laminated Leaflets,PRD-W6P1K7DC,1000,0.2,A4,Folded to 105mm x 297mm,Both Sides (Gloss),300gsm Art Board Coated,177.19,2,161.08,3,144.97,5,N/A,N/A,0,2.5,6.5,15,0.2,210,297,105,297,"{""Size"":""A4"",""Folding"":""Folded to 105mm x 297mm"",""Lamination"":""Both Sides (Gloss)"",""Paper Type"":""300gsm Art Board Coated""}",20/09/2021,N/A,FOL-458-555-620-555-EXPRESS,FOL-458-555-620-555-STANDARD,FOL-458-555-620-555-SAVER,N/A
Folded & Laminated Leaflets,PRD-W6P1K7DC,250,0.2,A4,Z Folded to 6pp 1/3 A4,Both Sides (Gloss),300gsm Art Board Coated,76.31,2,69.37,3,62.43,5,N/A,N/A,0,2.5,6.5,15,0.2,210,297,99,210,"{""Size"":""A4"",""Folding"":""Z Folded to 6pp 1/3 A4"",""Lamination"":""Both Sides (Gloss)"",""Paper Type"":""300gsm Art Board Coated""}",20/09/2021,N/A,FOL-622-551-561-513-EXPRESS,FOL-622-551-561-513-STANDARD,FOL-622-551-561-513-SAVER,N/A
Folded & Laminated Leaflets,PRD-W6P1K7DC,400,0.2,A4,Z Folded to 6pp 1/3 A4,Both Sides (Gloss),300gsm Art Board Coated,97.12,2,88.29,3,79.46,5,N/A,N/A,0,2.5,6.5,15,0.2,210,297,99,210,"{""Size"":""A4"",""Folding"":""Z Folded to 6pp 1/3 A4"",""Lamination"":""Both Sides (Gloss)"",""Paper Type"":""300gsm Art Board Coated""}",20/09/2021,N/A,FOL-622-551-561-513-EXPRESS,FOL-622-551-561-513-STANDARD,FOL-622-551-561-513-SAVER,N/A
Folded & Laminated Leaflets,PRD-W6P1K7DC,500,0.2,A4,Z Folded to 6pp 1/3 A4,Both Sides (Gloss),300gsm Art Board Coated,111.01,2,100.92,3,90.83,5,N/A,N/A,0,2.5,6.5,15,0.2,210,297,99,210,"{""Size"":""A4"",""Folding"":""Z Folded to 6pp 1/3 A4"",""Lamination"":""Both Sides (Gloss)"",""Paper Type"":""300gsm Art Board Coated""}",20/09/2021,N/A,FOL-622-551-561-513-EXPRESS,FOL-622-551-561-513-STANDARD,FOL-622-551-561-513-SAVER,N/A
Folded & Laminated Leaflets,PRD-W6P1K7DC,1000,0.2,A4,Z Folded to 6pp 1/3 A4,Both Sides (Gloss),300gsm Art Board Coated,180.47,2,164.06,3,147.65,5,N/A,N/A,0,2.5,6.5,15,0.2,210,297,99,210,"{""Size"":""A4"",""Folding"":""Z Folded to 6pp 1/3 A4"",""Lamination"":""Both Sides (Gloss)"",""Paper Type"":""300gsm Art Board Coated""}",20/09/2021,N/A,FOL-622-551-561-513-EXPRESS,FOL-622-551-561-513-STANDARD,FOL-622-551-561-513-SAVER,N/A
Folded & Laminated Leaflets,PRD-W6P1K7DC,250,0.2,A3,Gate Folded to A4,Both Sides (Matt),300gsm Art Board Coated,108.91,2,99.01,3,89.11,5,N/A,N/A,0,2.5,6.5,15,0.2,297,420,210,297,"{""Size"":""A3"",""Folding"":""Gate Folded to A4"",""Lamination"":""Both Sides (Matt)"",""Paper Type"":""300gsm Art Board Coated""}",20/09/2021,N/A,FOL-557-552-451-703-EXPRESS,FOL-557-552-451-703-STANDARD,FOL-557-552-451-703-SAVER,N/A
Folded & Laminated Leaflets,PRD-W6P1K7DC,400,0.2,A3,Gate Folded to A4,Both Sides (Matt),300gsm Art Board Coated,149.34,2,135.76,3,122.18,5,N/A,N/A,0,2.5,6.5,15,0.2,297,420,210,297,"{""Size"":""A3"",""Folding"":""Gate Folded to A4"",""Lamination"":""Both Sides (Matt)"",""Paper Type"":""300gsm Art Board Coated""}",20/09/2021,N/A,FOL-557-552-451-703-EXPRESS,FOL-557-552-451-703-STANDARD,FOL-557-552-451-703-SAVER,N/A
Folded & Laminated Leaflets,PRD-W6P1K7DC,500,0.2,A3,Gate Folded to A4,Both Sides (Matt),300gsm Art Board Coated,176.25,2,160.23,3,144.21,5,N/A,N/A,0,2.5,6.5,15,0.2,297,420,210,297,"{""Size"":""A3"",""Folding"":""Gate Folded to A4"",""Lamination"":""Both Sides (Matt)"",""Paper Type"":""300gsm Art Board Coated""}",20/09/2021,N/A,FOL-557-552-451-703-EXPRESS,FOL-557-552-451-703-STANDARD,FOL-557-552-451-703-SAVER,N/A
Folded & Laminated Leaflets,PRD-W6P1K7DC,1000,0.2,A3,Gate Folded to A4,Both Sides (Matt),300gsm Art Board Coated,316.36,2,287.6,3,258.84,5,N/A,N/A,0,2.5,6.5,15,0.2,297,420,210,297,"{""Size"":""A3"",""Folding"":""Gate Folded to A4"",""Lamination"":""Both Sides (Matt)"",""Paper Type"":""300gsm Art Board Coated""}",20/09/2021,N/A,FOL-557-552-451-703-EXPRESS,FOL-557-552-451-703-STANDARD,FOL-557-552-451-703-SAVER,N/A
Folded & Laminated Leaflets,PRD-W6P1K7DC,250,0.2,A4,Folded to 105mm x 297mm,Both Sides (Gloss),200gsm Silk,73.23,2,66.57,3,59.91,5,N/A,N/A,0,2.5,6.5,15,0.2,210,297,105,297,"{""Size"":""A4"",""Folding"":""Folded to 105mm x 297mm"",""Lamination"":""Both Sides (Gloss)"",""Paper Type"":""200gsm Silk""}",20/09/2021,N/A,FOL-517-508-503-659-EXPRESS,FOL-517-508-503-659-STANDARD,FOL-517-508-503-659-SAVER,N/A
Folded & Laminated Leaflets,PRD-W6P1K7DC,400,0.2,A4,Folded to 105mm x 297mm,Both Sides (Gloss),200gsm Silk,92.57,2,84.15,3,75.74,5,N/A,N/A,0,2.5,6.5,15,0.2,210,297,105,297,"{""Size"":""A4"",""Folding"":""Folded to 105mm x 297mm"",""Lamination"":""Both Sides (Gloss)"",""Paper Type"":""200gsm Silk""}",20/09/2021,N/A,FOL-517-508-503-659-EXPRESS,FOL-517-508-503-659-STANDARD,FOL-517-508-503-659-SAVER,N/A
Folded & Laminated Leaflets,PRD-W6P1K7DC,500,0.2,A4,Folded to 105mm x 297mm,Both Sides (Gloss),200gsm Silk,98.43,2,89.48,3,80.53,5,N/A,N/A,0,2.5,6.5,15,0.2,210,297,105,297,"{""Size"":""A4"",""Folding"":""Folded to 105mm x 297mm"",""Lamination"":""Both Sides (Gloss)"",""Paper Type"":""200gsm Silk""}",20/09/2021,N/A,FOL-517-508-503-659-EXPRESS,FOL-517-508-503-659-STANDARD,FOL-517-508-503-659-SAVER,N/A
Folded & Laminated Leaflets,PRD-W6P1K7DC,1000,0.2,A4,Folded to 105mm x 297mm,Both Sides (Gloss),200gsm Silk,158.61,2,144.19,3,129.77,5,N/A,N/A,0,2.5,6.5,15,0.2,210,297,105,297,"{""Size"":""A4"",""Folding"":""Folded to 105mm x 297mm"",""Lamination"":""Both Sides (Gloss)"",""Paper Type"":""200gsm Silk""}",20/09/2021,N/A,FOL-517-508-503-659-EXPRESS,FOL-517-508-503-659-STANDARD,FOL-517-508-503-659-SAVER,N/A
Folded & Laminated Leaflets,PRD-W6P1K7DC,250,0.2,A3,Folded to 4pp A4,Both Sides (Gloss),300gsm Art Board Coated,105.64,2,96.04,3,86.44,5,N/A,N/A,0,2.5,6.5,15,0.2,297,420,210,297,"{""Size"":""A3"",""Folding"":""Folded to 4pp A4"",""Lamination"":""Both Sides (Gloss)"",""Paper Type"":""300gsm Art Board Coated""}",20/09/2021,N/A,FOL-513-506-504-508-EXPRESS,FOL-513-506-504-508-STANDARD,FOL-513-506-504-508-SAVER,N/A
Folded & Laminated Leaflets,PRD-W6P1K7DC,400,0.2,A3,Folded to 4pp A4,Both Sides (Gloss),300gsm Art Board Coated,146.06,2,132.78,3,119.5,5,N/A,N/A,0,2.5,6.5,15,0.2,297,420,210,297,"{""Size"":""A3"",""Folding"":""Folded to 4pp A4"",""Lamination"":""Both Sides (Gloss)"",""Paper Type"":""300gsm Art Board Coated""}",20/09/2021,N/A,FOL-513-506-504-508-EXPRESS,FOL-513-506-504-508-STANDARD,FOL-513-506-504-508-SAVER,N/A
Folded & Laminated Leaflets,PRD-W6P1K7DC,500,0.2,A3,Folded to 4pp A4,Both Sides (Gloss),300gsm Art Board Coated,172.98,2,157.25,3,141.52,5,N/A,N/A,0,2.5,6.5,15,0.2,297,420,210,297,"{""Size"":""A3"",""Folding"":""Folded to 4pp A4"",""Lamination"":""Both Sides (Gloss)"",""Paper Type"":""300gsm Art Board Coated""}",20/09/2021,N/A,FOL-513-506-504-508-EXPRESS,FOL-513-506-504-508-STANDARD,FOL-513-506-504-508-SAVER,N/A
Folded & Laminated Leaflets,PRD-W6P1K7DC,1000,0.2,A3,Folded to 4pp A4,Both Sides (Gloss),300gsm Art Board Coated,313.06,2,284.6,3,256.14,5,N/A,N/A,0,2.5,6.5,15,0.2,297,420,210,297,"{""Size"":""A3"",""Folding"":""Folded to 4pp A4"",""Lamination"":""Both Sides (Gloss)"",""Paper Type"":""300gsm Art Board Coated""}",20/09/2021,N/A,FOL-513-506-504-508-EXPRESS,FOL-513-506-504-508-STANDARD,FOL-513-506-504-508-SAVER,N/A
Folded & Laminated Leaflets,PRD-W6P1K7DC,250,0.2,A3,Roll Folded to 6pp 1/3 A3,Both Sides (Gloss),200gsm Silk,106.6,2,96.91,3,87.22,5,N/A,N/A,0,2.5,6.5,15,0.2,297,420,140,297,"{""Size"":""A3"",""Folding"":""Roll Folded to 6pp 1/3 A3"",""Lamination"":""Both Sides (Gloss)"",""Paper Type"":""200gsm Silk""}",20/09/2021,N/A,FOL-612-555-512-614-EXPRESS,FOL-612-555-512-614-STANDARD,FOL-612-555-512-614-SAVER,N/A
Folded & Laminated Leaflets,PRD-W6P1K7DC,400,0.2,A3,Roll Folded to 6pp 1/3 A3,Both Sides (Gloss),200gsm Silk,143.94,2,130.85,3,117.76,5,N/A,N/A,0,2.5,6.5,15,0.2,297,420,140,297,"{""Size"":""A3"",""Folding"":""Roll Folded to 6pp 1/3 A3"",""Lamination"":""Both Sides (Gloss)"",""Paper Type"":""200gsm Silk""}",20/09/2021,N/A,FOL-612-555-512-614-EXPRESS,FOL-612-555-512-614-STANDARD,FOL-612-555-512-614-SAVER,N/A
Folded & Laminated Leaflets,PRD-W6P1K7DC,500,0.2,A3,Roll Folded to 6pp 1/3 A3,Both Sides (Gloss),200gsm Silk,157.55,2,143.23,3,128.91,5,N/A,N/A,0,2.5,6.5,15,0.2,297,420,140,297,"{""Size"":""A3"",""Folding"":""Roll Folded to 6pp 1/3 A3"",""Lamination"":""Both Sides (Gloss)"",""Paper Type"":""200gsm Silk""}",20/09/2021,N/A,FOL-612-555-512-614-EXPRESS,FOL-612-555-512-614-STANDARD,FOL-612-555-512-614-SAVER,N/A
Folded & Laminated Leaflets,PRD-W6P1K7DC,1000,0.2,A3,Roll Folded to 6pp 1/3 A3,Both Sides (Gloss),200gsm Silk,279.08,2,253.71,3,228.34,5,N/A,N/A,0,2.5,6.5,15,0.2,297,420,140,297,"{""Size"":""A3"",""Folding"":""Roll Folded to 6pp 1/3 A3"",""Lamination"":""Both Sides (Gloss)"",""Paper Type"":""200gsm Silk""}",20/09/2021,N/A,FOL-612-555-512-614-EXPRESS,FOL-612-555-512-614-STANDARD,FOL-612-555-512-614-SAVER,N/A
Folded & Laminated Leaflets,PRD-W6P1K7DC,250,0.2,A4,Z Folded to 6pp 1/3 A4,Both Sides (Matt),300gsm Art Board Coated,76.31,2,69.37,3,62.43,5,N/A,N/A,0,2.5,6.5,15,0.2,210,297,99,210,"{""Size"":""A4"",""Folding"":""Z Folded to 6pp 1/3 A4"",""Lamination"":""Both Sides (Matt)"",""Paper Type"":""300gsm Art Board Coated""}",20/09/2021,N/A,FOL-554-524-603-427-EXPRESS,FOL-554-524-603-427-STANDARD,FOL-554-524-603-427-SAVER,N/A
Folded & Laminated Leaflets,PRD-W6P1K7DC,400,0.2,A4,Z Folded to 6pp 1/3 A4,Both Sides (Matt),300gsm Art Board Coated,97.12,2,88.29,3,79.46,5,N/A,N/A,0,2.5,6.5,15,0.2,210,297,99,210,"{""Size"":""A4"",""Folding"":""Z Folded to 6pp 1/3 A4"",""Lamination"":""Both Sides (Matt)"",""Paper Type"":""300gsm Art Board Coated""}",20/09/2021,N/A,FOL-554-524-603-427-EXPRESS,FOL-554-524-603-427-STANDARD,FOL-554-524-603-427-SAVER,N/A
Folded & Laminated Leaflets,PRD-W6P1K7DC,500,0.2,A4,Z Folded to 6pp 1/3 A4,Both Sides (Matt),300gsm Art Board Coated,111.01,2,100.92,3,90.83,5,N/A,N/A,0,2.5,6.5,15,0.2,210,297,99,210,"{""Size"":""A4"",""Folding"":""Z Folded to 6pp 1/3 A4"",""Lamination"":""Both Sides (Matt)"",""Paper Type"":""300gsm Art Board Coated""}",20/09/2021,N/A,FOL-554-524-603-427-EXPRESS,FOL-554-524-603-427-STANDARD,FOL-554-524-603-427-SAVER,N/A
Folded & Laminated Leaflets,PRD-W6P1K7DC,1000,0.2,A4,Z Folded to 6pp 1/3 A4,Both Sides (Matt),300gsm Art Board Coated,180.47,2,164.06,3,147.65,5,N/A,N/A,0,2.5,6.5,15,0.2,210,297,99,210,"{""Size"":""A4"",""Folding"":""Z Folded to 6pp 1/3 A4"",""Lamination"":""Both Sides (Matt)"",""Paper Type"":""300gsm Art Board Coated""}",20/09/2021,N/A,FOL-554-524-603-427-EXPRESS,FOL-554-524-603-427-STANDARD,FOL-554-524-603-427-SAVER,N/A
Folded & Laminated Leaflets,PRD-W6P1K7DC,250,0.2,A4,Folded to 4pp A5,Both Sides (Matt),300gsm Art Board Coated,73.06,2,66.42,3,59.78,5,N/A,N/A,0,2.5,6.5,15,0.2,210,297,148,210,"{""Size"":""A4"",""Folding"":""Folded to 4pp A5"",""Lamination"":""Both Sides (Matt)"",""Paper Type"":""300gsm Art Board Coated""}",20/09/2021,N/A,FOL-651-513-623-561-EXPRESS,FOL-651-513-623-561-STANDARD,FOL-651-513-623-561-SAVER,N/A
Folded & Laminated Leaflets,PRD-W6P1K7DC,400,0.2,A4,Folded to 4pp A5,Both Sides (Matt),300gsm Art Board Coated,93.86,2,85.33,3,76.8,5,N/A,N/A,0,2.5,6.5,15,0.2,210,297,148,210,"{""Size"":""A4"",""Folding"":""Folded to 4pp A5"",""Lamination"":""Both Sides (Matt)"",""Paper Type"":""300gsm Art Board Coated""}",20/09/2021,N/A,FOL-651-513-623-561-EXPRESS,FOL-651-513-623-561-STANDARD,FOL-651-513-623-561-SAVER,N/A
Folded & Laminated Leaflets,PRD-W6P1K7DC,500,0.2,A4,Folded to 4pp A5,Both Sides (Matt),300gsm Art Board Coated,107.74,2,97.95,3,88.16,5,N/A,N/A,0,2.5,6.5,15,0.2,210,297,148,210,"{""Size"":""A4"",""Folding"":""Folded to 4pp A5"",""Lamination"":""Both Sides (Matt)"",""Paper Type"":""300gsm Art Board Coated""}",20/09/2021,N/A,FOL-651-513-623-561-EXPRESS,FOL-651-513-623-561-STANDARD,FOL-651-513-623-561-SAVER,N/A
Folded & Laminated Leaflets,PRD-W6P1K7DC,1000,0.2,A4,Folded to 4pp A5,Both Sides (Matt),300gsm Art Board Coated,177.19,2,161.08,3,144.97,5,N/A,N/A,0,2.5,6.5,15,0.2,210,297,148,210,"{""Size"":""A4"",""Folding"":""Folded to 4pp A5"",""Lamination"":""Both Sides (Matt)"",""Paper Type"":""300gsm Art Board Coated""}",20/09/2021,N/A,FOL-651-513-623-561-EXPRESS,FOL-651-513-623-561-STANDARD,FOL-651-513-623-561-SAVER,N/A
Folded & Laminated Leaflets,PRD-W6P1K7DC,250,0.2,A3,Gate Folded to A4,Both Sides (Gloss),200gsm Silk,106.6,2,96.91,3,87.22,5,N/A,N/A,0,2.5,6.5,15,0.2,297,420,210,297,"{""Size"":""A3"",""Folding"":""Gate Folded to A4"",""Lamination"":""Both Sides (Gloss)"",""Paper Type"":""200gsm Silk""}",20/09/2021,N/A,FOL-471-546-464-469-EXPRESS,FOL-471-546-464-469-STANDARD,FOL-471-546-464-469-SAVER,N/A
Folded & Laminated Leaflets,PRD-W6P1K7DC,400,0.2,A3,Gate Folded to A4,Both Sides (Gloss),200gsm Silk,143.94,2,130.85,3,117.76,5,N/A,N/A,0,2.5,6.5,15,0.2,297,420,210,297,"{""Size"":""A3"",""Folding"":""Gate Folded to A4"",""Lamination"":""Both Sides (Gloss)"",""Paper Type"":""200gsm Silk""}",20/09/2021,N/A,FOL-471-546-464-469-EXPRESS,FOL-471-546-464-469-STANDARD,FOL-471-546-464-469-SAVER,N/A
Folded & Laminated Leaflets,PRD-W6P1K7DC,500,0.2,A3,Gate Folded to A4,Both Sides (Gloss),200gsm Silk,157.55,2,143.23,3,128.91,5,N/A,N/A,0,2.5,6.5,15,0.2,297,420,210,297,"{""Size"":""A3"",""Folding"":""Gate Folded to A4"",""Lamination"":""Both Sides (Gloss)"",""Paper Type"":""200gsm Silk""}",20/09/2021,N/A,FOL-471-546-464-469-EXPRESS,FOL-471-546-464-469-STANDARD,FOL-471-546-464-469-SAVER,N/A
Folded & Laminated Leaflets,PRD-W6P1K7DC,1000,0.2,A3,Gate Folded to A4,Both Sides (Gloss),200gsm Silk,279.08,2,253.71,3,228.34,5,N/A,N/A,0,2.5,6.5,15,0.2,297,420,210,297,"{""Size"":""A3"",""Folding"":""Gate Folded to A4"",""Lamination"":""Both Sides (Gloss)"",""Paper Type"":""200gsm Silk""}",20/09/2021,N/A,FOL-471-546-464-469-EXPRESS,FOL-471-546-464-469-STANDARD,FOL-471-546-464-469-SAVER,N/A
Folded & Laminated Leaflets,PRD-W6P1K7DC,250,0.2,A4,Roll Folded to 6pp 1/3 A4,Both Sides (Matt),300gsm Art Board Coated,76.31,2,69.37,3,62.43,5,N/A,N/A,0,2.5,6.5,15,0.2,210,297,99,210,"{""Size"":""A4"",""Folding"":""Roll Folded to 6pp 1/3 A4"",""Lamination"":""Both Sides (Matt)"",""Paper Type"":""300gsm Art Board Coated""}",20/09/2021,N/A,FOL-504-562-552-710-EXPRESS,FOL-504-562-552-710-STANDARD,FOL-504-562-552-710-SAVER,N/A
Folded & Laminated Leaflets,PRD-W6P1K7DC,400,0.2,A4,Roll Folded to 6pp 1/3 A4,Both Sides (Matt),300gsm Art Board Coated,97.12,2,88.29,3,79.46,5,N/A,N/A,0,2.5,6.5,15,0.2,210,297,99,210,"{""Size"":""A4"",""Folding"":""Roll Folded to 6pp 1/3 A4"",""Lamination"":""Both Sides (Matt)"",""Paper Type"":""300gsm Art Board Coated""}",20/09/2021,N/A,FOL-504-562-552-710-EXPRESS,FOL-504-562-552-710-STANDARD,FOL-504-562-552-710-SAVER,N/A
Folded & Laminated Leaflets,PRD-W6P1K7DC,500,0.2,A4,Roll Folded to 6pp 1/3 A4,Both Sides (Matt),300gsm Art Board Coated,111.01,2,100.92,3,90.83,5,N/A,N/A,0,2.5,6.5,15,0.2,210,297,99,210,"{""Size"":""A4"",""Folding"":""Roll Folded to 6pp 1/3 A4"",""Lamination"":""Both Sides (Matt)"",""Paper Type"":""300gsm Art Board Coated""}",20/09/2021,N/A,FOL-504-562-552-710-EXPRESS,FOL-504-562-552-710-STANDARD,FOL-504-562-552-710-SAVER,N/A
Folded & Laminated Leaflets,PRD-W6P1K7DC,1000,0.2,A4,Roll Folded to 6pp 1/3 A4,Both Sides (Matt),300gsm Art Board Coated,180.47,2,164.06,3,147.65,5,N/A,N/A,0,2.5,6.5,15,0.2,210,297,99,210,"{""Size"":""A4"",""Folding"":""Roll Folded to 6pp 1/3 A4"",""Lamination"":""Both Sides (Matt)"",""Paper Type"":""300gsm Art Board Coated""}",20/09/2021,N/A,FOL-504-562-552-710-EXPRESS,FOL-504-562-552-710-STANDARD,FOL-504-562-552-710-SAVER,N/A
Folded & Laminated Leaflets,PRD-W6P1K7DC,250,0.2,A4,Roll Folded to 6pp 1/3 A4,Both Sides (Gloss),200gsm Silk,76.63,2,69.66,3,62.69,5,N/A,N/A,0,2.5,6.5,15,0.2,210,297,99,210,"{""Size"":""A4"",""Folding"":""Roll Folded to 6pp 1/3 A4"",""Lamination"":""Both Sides (Gloss)"",""Paper Type"":""200gsm Silk""}",20/09/2021,N/A,FOL-569-561-612-642-EXPRESS,FOL-569-561-612-642-STANDARD,FOL-569-561-612-642-SAVER,N/A
Folded & Laminated Leaflets,PRD-W6P1K7DC,400,0.2,A4,Roll Folded to 6pp 1/3 A4,Both Sides (Gloss),200gsm Silk,95.95,2,87.23,3,78.51,5,N/A,N/A,0,2.5,6.5,15,0.2,210,297,99,210,"{""Size"":""A4"",""Folding"":""Roll Folded to 6pp 1/3 A4"",""Lamination"":""Both Sides (Gloss)"",""Paper Type"":""200gsm Silk""}",20/09/2021,N/A,FOL-569-561-612-642-EXPRESS,FOL-569-561-612-642-STANDARD,FOL-569-561-612-642-SAVER,N/A
Folded & Laminated Leaflets,PRD-W6P1K7DC,500,0.2,A4,Roll Folded to 6pp 1/3 A4,Both Sides (Gloss),200gsm Silk,101.6,2,92.36,3,83.12,5,N/A,N/A,0,2.5,6.5,15,0.2,210,297,99,210,"{""Size"":""A4"",""Folding"":""Roll Folded to 6pp 1/3 A4"",""Lamination"":""Both Sides (Gloss)"",""Paper Type"":""200gsm Silk""}",20/09/2021,N/A,FOL-569-561-612-642-EXPRESS,FOL-569-561-612-642-STANDARD,FOL-569-561-612-642-SAVER,N/A
Folded & Laminated Leaflets,PRD-W6P1K7DC,1000,0.2,A4,Roll Folded to 6pp 1/3 A4,Both Sides (Gloss),200gsm Silk,161.78,2,147.07,3,132.36,5,N/A,N/A,0,2.5,6.5,15,0.2,210,297,99,210,"{""Size"":""A4"",""Folding"":""Roll Folded to 6pp 1/3 A4"",""Lamination"":""Both Sides (Gloss)"",""Paper Type"":""200gsm Silk""}",20/09/2021,N/A,FOL-569-561-612-642-EXPRESS,FOL-569-561-612-642-STANDARD,FOL-569-561-612-642-SAVER,N/A
Folded & Laminated Leaflets,PRD-W6P1K7DC,250,0.2,A4,Folded to 105mm x 297mm,Both Sides (Matt),200gsm Silk,73.23,2,66.57,3,59.91,5,N/A,N/A,0,2.5,6.5,15,0.2,210,297,105,297,"{""Size"":""A4"",""Folding"":""Folded to 105mm x 297mm"",""Lamination"":""Both Sides (Matt)"",""Paper Type"":""200gsm Silk""}",20/09/2021,N/A,FOL-607-519-548-479-EXPRESS,FOL-607-519-548-479-STANDARD,FOL-607-519-548-479-SAVER,N/A
Folded & Laminated Leaflets,PRD-W6P1K7DC,400,0.2,A4,Folded to 105mm x 297mm,Both Sides (Matt),200gsm Silk,92.57,2,84.15,3,75.74,5,N/A,N/A,0,2.5,6.5,15,0.2,210,297,105,297,"{""Size"":""A4"",""Folding"":""Folded to 105mm x 297mm"",""Lamination"":""Both Sides (Matt)"",""Paper Type"":""200gsm Silk""}",20/09/2021,N/A,FOL-607-519-548-479-EXPRESS,FOL-607-519-548-479-STANDARD,FOL-607-519-548-479-SAVER,N/A
Folded & Laminated Leaflets,PRD-W6P1K7DC,500,0.2,A4,Folded to 105mm x 297mm,Both Sides (Matt),200gsm Silk,98.43,2,89.48,3,80.53,5,N/A,N/A,0,2.5,6.5,15,0.2,210,297,105,297,"{""Size"":""A4"",""Folding"":""Folded to 105mm x 297mm"",""Lamination"":""Both Sides (Matt)"",""Paper Type"":""200gsm Silk""}",20/09/2021,N/A,FOL-607-519-548-479-EXPRESS,FOL-607-519-548-479-STANDARD,FOL-607-519-548-479-SAVER,N/A
Folded & Laminated Leaflets,PRD-W6P1K7DC,1000,0.2,A4,Folded to 105mm x 297mm,Both Sides (Matt),200gsm Silk,158.61,2,144.19,3,129.77,5,N/A,N/A,0,2.5,6.5,15,0.2,210,297,105,297,"{""Size"":""A4"",""Folding"":""Folded to 105mm x 297mm"",""Lamination"":""Both Sides (Matt)"",""Paper Type"":""200gsm Silk""}",20/09/2021,N/A,FOL-607-519-548-479-EXPRESS,FOL-607-519-548-479-STANDARD,FOL-607-519-548-479-SAVER,N/A
