ProductName,ProductID,Quantity,Tax,Sets,Paper Type,Sides Printed,PriceExpress,Production Days Express,PriceStandard,Production Days Standard,PriceSaver,Production Days Saver,PriceSameday,Production Days Sameday,Price Just Print,Price File Check,Price File Check with Proofing,Price File Assist,Artwork Tax,Size,Flat Width (mm),Flat Height (mm),Finished Width (mm),Finished Height (mm),productionDataJSON,updatedAt,Preflight,Express Sku,Standard Sku,Saver Sku,Same Day Sku
Letterheads,PRD-OB1THP9H,250,0.2,2,120gsm Premium Smooth White Paper,Single Sided,29.51,1,26.83,2,24.15,4,N/A,N/A,0,5,13,30,0.2,A4,210,297,210,297,"{""Sets"":""2"",""Paper Type"":""120gsm Premium Smooth White Paper"",""Sides Printed"":""Single Sided""}",20/09/2021,Available,LET-564-505-563-705-EXPRESS,LET-564-505-563-705-STANDARD,LET-564-505-563-705-SAVER,N/A
Letterheads,PRD-OB1THP9H,500,0.2,2,120gsm Premium Smooth White Paper,Single Sided,42.67,1,38.79,2,34.91,4,N/A,N/A,0,5,13,30,0.2,A4,210,297,210,297,"{""Sets"":""2"",""Paper Type"":""120gsm Premium Smooth White Paper"",""Sides Printed"":""Single Sided""}",20/09/2021,Available,LET-564-505-563-705-EXPRESS,LET-564-505-563-705-STANDARD,LET-564-505-563-705-SAVER,N/A
Letterheads,PRD-OB1THP9H,1000,0.2,2,120gsm Premium Smooth White Paper,Single Sided,51.56,1,46.87,2,42.18,4,N/A,N/A,0,5,13,30,0.2,A4,210,297,210,297,"{""Sets"":""2"",""Paper Type"":""120gsm Premium Smooth White Paper"",""Sides Printed"":""Single Sided""}",20/09/2021,Available,LET-564-505-563-705-EXPRESS,LET-564-505-563-705-STANDARD,LET-564-505-563-705-SAVER,N/A
Letterheads,PRD-OB1THP9H,2000,0.2,2,120gsm Premium Smooth White Paper,Single Sided,68.02,1,61.84,2,55.66,4,N/A,N/A,0,5,13,30,0.2,A4,210,297,210,297,"{""Sets"":""2"",""Paper Type"":""120gsm Premium Smooth White Paper"",""Sides Printed"":""Single Sided""}",20/09/2021,Available,LET-564-505-563-705-EXPRESS,LET-564-505-563-705-STANDARD,LET-564-505-563-705-SAVER,N/A
Letterheads,PRD-OB1THP9H,2500,0.2,2,120gsm Premium Smooth White Paper,Single Sided,73.28,1,66.62,2,59.96,4,N/A,N/A,0,5,13,30,0.2,A4,210,297,210,297,"{""Sets"":""2"",""Paper Type"":""120gsm Premium Smooth White Paper"",""Sides Printed"":""Single Sided""}",20/09/2021,Available,LET-564-505-563-705-EXPRESS,LET-564-505-563-705-STANDARD,LET-564-505-563-705-SAVER,N/A
Letterheads,PRD-OB1THP9H,5000,0.2,2,120gsm Premium Smooth White Paper,Single Sided,120.85,1,109.86,2,98.87,4,N/A,N/A,0,5,13,30,0.2,A4,210,297,210,297,"{""Sets"":""2"",""Paper Type"":""120gsm Premium Smooth White Paper"",""Sides Printed"":""Single Sided""}",20/09/2021,Available,LET-564-505-563-705-EXPRESS,LET-564-505-563-705-STANDARD,LET-564-505-563-705-SAVER,N/A
Letterheads,PRD-OB1THP9H,7500,0.2,2,120gsm Premium Smooth White Paper,Single Sided,165.09,1,150.08,2,135.07,4,N/A,N/A,0,5,13,30,0.2,A4,210,297,210,297,"{""Sets"":""2"",""Paper Type"":""120gsm Premium Smooth White Paper"",""Sides Printed"":""Single Sided""}",20/09/2021,Available,LET-564-505-563-705-EXPRESS,LET-564-505-563-705-STANDARD,LET-564-505-563-705-SAVER,N/A
Letterheads,PRD-OB1THP9H,10000,0.2,2,120gsm Premium Smooth White Paper,Single Sided,215.72,1,196.11,2,176.5,4,N/A,N/A,0,5,13,30,0.2,A4,210,297,210,297,"{""Sets"":""2"",""Paper Type"":""120gsm Premium Smooth White Paper"",""Sides Printed"":""Single Sided""}",20/09/2021,Available,LET-564-505-563-705-EXPRESS,LET-564-505-563-705-STANDARD,LET-564-505-563-705-SAVER,N/A
Letterheads,PRD-OB1THP9H,12500,0.2,2,120gsm Premium Smooth White Paper,Single Sided,290.2,1,263.82,2,237.44,4,N/A,N/A,0,5,13,30,0.2,A4,210,297,210,297,"{""Sets"":""2"",""Paper Type"":""120gsm Premium Smooth White Paper"",""Sides Printed"":""Single Sided""}",20/09/2021,Available,LET-564-505-563-705-EXPRESS,LET-564-505-563-705-STANDARD,LET-564-505-563-705-SAVER,N/A
Letterheads,PRD-OB1THP9H,15000,0.2,2,120gsm Premium Smooth White Paper,Single Sided,316.77,1,287.97,2,259.17,4,N/A,N/A,0,5,13,30,0.2,A4,210,297,210,297,"{""Sets"":""2"",""Paper Type"":""120gsm Premium Smooth White Paper"",""Sides Printed"":""Single Sided""}",20/09/2021,Available,LET-564-505-563-705-EXPRESS,LET-564-505-563-705-STANDARD,LET-564-505-563-705-SAVER,N/A
Letterheads,PRD-OB1THP9H,20000,0.2,2,120gsm Premium Smooth White Paper,Single Sided,408.1,1,371,2,333.9,4,N/A,N/A,0,5,13,30,0.2,A4,210,297,210,297,"{""Sets"":""2"",""Paper Type"":""120gsm Premium Smooth White Paper"",""Sides Printed"":""Single Sided""}",20/09/2021,Available,LET-564-505-563-705-EXPRESS,LET-564-505-563-705-STANDARD,LET-564-505-563-705-SAVER,N/A
Letterheads,PRD-OB1THP9H,25000,0.2,2,120gsm Premium Smooth White Paper,Single Sided,528.12,1,480.11,2,432.1,4,N/A,N/A,0,5,13,30,0.2,A4,210,297,210,297,"{""Sets"":""2"",""Paper Type"":""120gsm Premium Smooth White Paper"",""Sides Printed"":""Single Sided""}",20/09/2021,Available,LET-564-505-563-705-EXPRESS,LET-564-505-563-705-STANDARD,LET-564-505-563-705-SAVER,N/A
Letterheads,PRD-OB1THP9H,30000,0.2,2,120gsm Premium Smooth White Paper,Single Sided,565.58,1,514.16,2,462.74,4,N/A,N/A,0,5,13,30,0.2,A4,210,297,210,297,"{""Sets"":""2"",""Paper Type"":""120gsm Premium Smooth White Paper"",""Sides Printed"":""Single Sided""}",20/09/2021,Available,LET-564-505-563-705-EXPRESS,LET-564-505-563-705-STANDARD,LET-564-505-563-705-SAVER,N/A
Letterheads,PRD-OB1THP9H,35000,0.2,2,120gsm Premium Smooth White Paper,Single Sided,659.15,1,599.23,2,539.31,4,N/A,N/A,0,5,13,30,0.2,A4,210,297,210,297,"{""Sets"":""2"",""Paper Type"":""120gsm Premium Smooth White Paper"",""Sides Printed"":""Single Sided""}",20/09/2021,Available,LET-564-505-563-705-EXPRESS,LET-564-505-563-705-STANDARD,LET-564-505-563-705-SAVER,N/A
Letterheads,PRD-OB1THP9H,40000,0.2,2,120gsm Premium Smooth White Paper,Single Sided,744.56,1,676.87,2,609.18,4,N/A,N/A,0,5,13,30,0.2,A4,210,297,210,297,"{""Sets"":""2"",""Paper Type"":""120gsm Premium Smooth White Paper"",""Sides Printed"":""Single Sided""}",20/09/2021,Available,LET-564-505-563-705-EXPRESS,LET-564-505-563-705-STANDARD,LET-564-505-563-705-SAVER,N/A
Letterheads,PRD-OB1THP9H,45000,0.2,2,120gsm Premium Smooth White Paper,Single Sided,838.13,1,761.94,2,685.75,4,N/A,N/A,0,5,13,30,0.2,A4,210,297,210,297,"{""Sets"":""2"",""Paper Type"":""120gsm Premium Smooth White Paper"",""Sides Printed"":""Single Sided""}",20/09/2021,Available,LET-564-505-563-705-EXPRESS,LET-564-505-563-705-STANDARD,LET-564-505-563-705-SAVER,N/A
Letterheads,PRD-OB1THP9H,50000,0.2,2,120gsm Premium Smooth White Paper,Single Sided,935.41,1,850.37,2,765.33,4,N/A,N/A,0,5,13,30,0.2,A4,210,297,210,297,"{""Sets"":""2"",""Paper Type"":""120gsm Premium Smooth White Paper"",""Sides Printed"":""Single Sided""}",20/09/2021,Available,LET-564-505-563-705-EXPRESS,LET-564-505-563-705-STANDARD,LET-564-505-563-705-SAVER,N/A
Letterheads,PRD-OB1THP9H,55000,0.2,2,120gsm Premium Smooth White Paper,Single Sided,1176.52,2,1069.56,3,962.6,5,N/A,N/A,0,5,13,30,0.2,A4,210,297,210,297,"{""Sets"":""2"",""Paper Type"":""120gsm Premium Smooth White Paper"",""Sides Printed"":""Single Sided""}",20/09/2021,Available,LET-564-505-563-705-EXPRESS,LET-564-505-563-705-STANDARD,LET-564-505-563-705-SAVER,N/A
Letterheads,PRD-OB1THP9H,60000,0.2,2,120gsm Premium Smooth White Paper,Single Sided,1277.31,2,1161.19,3,1045.07,5,N/A,N/A,0,5,13,30,0.2,A4,210,297,210,297,"{""Sets"":""2"",""Paper Type"":""120gsm Premium Smooth White Paper"",""Sides Printed"":""Single Sided""}",20/09/2021,Available,LET-564-505-563-705-EXPRESS,LET-564-505-563-705-STANDARD,LET-564-505-563-705-SAVER,N/A
Letterheads,PRD-OB1THP9H,65000,0.2,2,120gsm Premium Smooth White Paper,Single Sided,1354.66,2,1231.51,3,1108.36,5,N/A,N/A,0,5,13,30,0.2,A4,210,297,210,297,"{""Sets"":""2"",""Paper Type"":""120gsm Premium Smooth White Paper"",""Sides Printed"":""Single Sided""}",20/09/2021,Available,LET-564-505-563-705-EXPRESS,LET-564-505-563-705-STANDARD,LET-564-505-563-705-SAVER,N/A
Letterheads,PRD-OB1THP9H,70000,0.2,2,120gsm Premium Smooth White Paper,Single Sided,1432,2,1301.82,3,1171.64,5,N/A,N/A,0,5,13,30,0.2,A4,210,297,210,297,"{""Sets"":""2"",""Paper Type"":""120gsm Premium Smooth White Paper"",""Sides Printed"":""Single Sided""}",20/09/2021,Available,LET-564-505-563-705-EXPRESS,LET-564-505-563-705-STANDARD,LET-564-505-563-705-SAVER,N/A
Letterheads,PRD-OB1THP9H,75000,0.2,2,120gsm Premium Smooth White Paper,Single Sided,1509.36,2,1372.15,3,1234.94,5,N/A,N/A,0,5,13,30,0.2,A4,210,297,210,297,"{""Sets"":""2"",""Paper Type"":""120gsm Premium Smooth White Paper"",""Sides Printed"":""Single Sided""}",20/09/2021,Available,LET-564-505-563-705-EXPRESS,LET-564-505-563-705-STANDARD,LET-564-505-563-705-SAVER,N/A
Letterheads,PRD-OB1THP9H,80000,0.2,2,120gsm Premium Smooth White Paper,Single Sided,1586.71,2,1442.46,3,1298.21,5,N/A,N/A,0,5,13,30,0.2,A4,210,297,210,297,"{""Sets"":""2"",""Paper Type"":""120gsm Premium Smooth White Paper"",""Sides Printed"":""Single Sided""}",20/09/2021,Available,LET-564-505-563-705-EXPRESS,LET-564-505-563-705-STANDARD,LET-564-505-563-705-SAVER,N/A
Letterheads,PRD-OB1THP9H,85000,0.2,2,120gsm Premium Smooth White Paper,Single Sided,1664.06,2,1512.78,3,1361.5,5,N/A,N/A,0,5,13,30,0.2,A4,210,297,210,297,"{""Sets"":""2"",""Paper Type"":""120gsm Premium Smooth White Paper"",""Sides Printed"":""Single Sided""}",20/09/2021,Available,LET-564-505-563-705-EXPRESS,LET-564-505-563-705-STANDARD,LET-564-505-563-705-SAVER,N/A
Letterheads,PRD-OB1THP9H,90000,0.2,2,120gsm Premium Smooth White Paper,Single Sided,1741.4,2,1583.09,3,1424.78,5,N/A,N/A,0,5,13,30,0.2,A4,210,297,210,297,"{""Sets"":""2"",""Paper Type"":""120gsm Premium Smooth White Paper"",""Sides Printed"":""Single Sided""}",20/09/2021,Available,LET-564-505-563-705-EXPRESS,LET-564-505-563-705-STANDARD,LET-564-505-563-705-SAVER,N/A
Letterheads,PRD-OB1THP9H,95000,0.2,2,120gsm Premium Smooth White Paper,Single Sided,1818.75,2,1653.41,3,1488.07,5,N/A,N/A,0,5,13,30,0.2,A4,210,297,210,297,"{""Sets"":""2"",""Paper Type"":""120gsm Premium Smooth White Paper"",""Sides Printed"":""Single Sided""}",20/09/2021,Available,LET-564-505-563-705-EXPRESS,LET-564-505-563-705-STANDARD,LET-564-505-563-705-SAVER,N/A
Letterheads,PRD-OB1THP9H,100000,0.2,2,120gsm Premium Smooth White Paper,Single Sided,1896.09,2,1723.72,3,1551.35,5,N/A,N/A,0,5,13,30,0.2,A4,210,297,210,297,"{""Sets"":""2"",""Paper Type"":""120gsm Premium Smooth White Paper"",""Sides Printed"":""Single Sided""}",20/09/2021,Available,LET-564-505-563-705-EXPRESS,LET-564-505-563-705-STANDARD,LET-564-505-563-705-SAVER,N/A
Letterheads,PRD-OB1THP9H,250,0.2,1,120gsm Premium Smooth White Paper,Single Sided,29.51,1,26.83,2,24.15,4,N/A,N/A,0,5,13,30,0.2,A4,210,297,210,297,"{""Sets"":""1"",""Paper Type"":""120gsm Premium Smooth White Paper"",""Sides Printed"":""Single Sided""}",20/09/2021,Available,LET-552-460-569-556-EXPRESS,LET-552-460-569-556-STANDARD,LET-552-460-569-556-SAVER,N/A
Letterheads,PRD-OB1THP9H,500,0.2,1,120gsm Premium Smooth White Paper,Single Sided,42.67,1,38.79,2,34.91,4,N/A,N/A,0,5,13,30,0.2,A4,210,297,210,297,"{""Sets"":""1"",""Paper Type"":""120gsm Premium Smooth White Paper"",""Sides Printed"":""Single Sided""}",20/09/2021,Available,LET-552-460-569-556-EXPRESS,LET-552-460-569-556-STANDARD,LET-552-460-569-556-SAVER,N/A
Letterheads,PRD-OB1THP9H,1000,0.2,1,120gsm Premium Smooth White Paper,Single Sided,51.56,1,46.87,2,42.18,4,N/A,N/A,0,5,13,30,0.2,A4,210,297,210,297,"{""Sets"":""1"",""Paper Type"":""120gsm Premium Smooth White Paper"",""Sides Printed"":""Single Sided""}",20/09/2021,Available,LET-552-460-569-556-EXPRESS,LET-552-460-569-556-STANDARD,LET-552-460-569-556-SAVER,N/A
Letterheads,PRD-OB1THP9H,2000,0.2,1,120gsm Premium Smooth White Paper,Single Sided,68.02,1,61.84,2,55.66,4,N/A,N/A,0,5,13,30,0.2,A4,210,297,210,297,"{""Sets"":""1"",""Paper Type"":""120gsm Premium Smooth White Paper"",""Sides Printed"":""Single Sided""}",20/09/2021,Available,LET-552-460-569-556-EXPRESS,LET-552-460-569-556-STANDARD,LET-552-460-569-556-SAVER,N/A
Letterheads,PRD-OB1THP9H,2500,0.2,1,120gsm Premium Smooth White Paper,Single Sided,73.28,1,66.62,2,59.96,4,N/A,N/A,0,5,13,30,0.2,A4,210,297,210,297,"{""Sets"":""1"",""Paper Type"":""120gsm Premium Smooth White Paper"",""Sides Printed"":""Single Sided""}",20/09/2021,Available,LET-552-460-569-556-EXPRESS,LET-552-460-569-556-STANDARD,LET-552-460-569-556-SAVER,N/A
Letterheads,PRD-OB1THP9H,5000,0.2,1,120gsm Premium Smooth White Paper,Single Sided,120.85,1,109.86,2,98.87,4,N/A,N/A,0,5,13,30,0.2,A4,210,297,210,297,"{""Sets"":""1"",""Paper Type"":""120gsm Premium Smooth White Paper"",""Sides Printed"":""Single Sided""}",20/09/2021,Available,LET-552-460-569-556-EXPRESS,LET-552-460-569-556-STANDARD,LET-552-460-569-556-SAVER,N/A
Letterheads,PRD-OB1THP9H,7500,0.2,1,120gsm Premium Smooth White Paper,Single Sided,165.09,1,150.08,2,135.07,4,N/A,N/A,0,5,13,30,0.2,A4,210,297,210,297,"{""Sets"":""1"",""Paper Type"":""120gsm Premium Smooth White Paper"",""Sides Printed"":""Single Sided""}",20/09/2021,Available,LET-552-460-569-556-EXPRESS,LET-552-460-569-556-STANDARD,LET-552-460-569-556-SAVER,N/A
Letterheads,PRD-OB1THP9H,10000,0.2,1,120gsm Premium Smooth White Paper,Single Sided,215.72,1,196.11,2,176.5,4,N/A,N/A,0,5,13,30,0.2,A4,210,297,210,297,"{""Sets"":""1"",""Paper Type"":""120gsm Premium Smooth White Paper"",""Sides Printed"":""Single Sided""}",20/09/2021,Available,LET-552-460-569-556-EXPRESS,LET-552-460-569-556-STANDARD,LET-552-460-569-556-SAVER,N/A
Letterheads,PRD-OB1THP9H,12500,0.2,1,120gsm Premium Smooth White Paper,Single Sided,290.2,1,263.82,2,237.44,4,N/A,N/A,0,5,13,30,0.2,A4,210,297,210,297,"{""Sets"":""1"",""Paper Type"":""120gsm Premium Smooth White Paper"",""Sides Printed"":""Single Sided""}",20/09/2021,Available,LET-552-460-569-556-EXPRESS,LET-552-460-569-556-STANDARD,LET-552-460-569-556-SAVER,N/A
Letterheads,PRD-OB1THP9H,15000,0.2,1,120gsm Premium Smooth White Paper,Single Sided,316.77,1,287.97,2,259.17,4,N/A,N/A,0,5,13,30,0.2,A4,210,297,210,297,"{""Sets"":""1"",""Paper Type"":""120gsm Premium Smooth White Paper"",""Sides Printed"":""Single Sided""}",20/09/2021,Available,LET-552-460-569-556-EXPRESS,LET-552-460-569-556-STANDARD,LET-552-460-569-556-SAVER,N/A
Letterheads,PRD-OB1THP9H,20000,0.2,1,120gsm Premium Smooth White Paper,Single Sided,408.1,1,371,2,333.9,4,N/A,N/A,0,5,13,30,0.2,A4,210,297,210,297,"{""Sets"":""1"",""Paper Type"":""120gsm Premium Smooth White Paper"",""Sides Printed"":""Single Sided""}",20/09/2021,Available,LET-552-460-569-556-EXPRESS,LET-552-460-569-556-STANDARD,LET-552-460-569-556-SAVER,N/A
Letterheads,PRD-OB1THP9H,25000,0.2,1,120gsm Premium Smooth White Paper,Single Sided,528.12,1,480.11,2,432.1,4,N/A,N/A,0,5,13,30,0.2,A4,210,297,210,297,"{""Sets"":""1"",""Paper Type"":""120gsm Premium Smooth White Paper"",""Sides Printed"":""Single Sided""}",20/09/2021,Available,LET-552-460-569-556-EXPRESS,LET-552-460-569-556-STANDARD,LET-552-460-569-556-SAVER,N/A
Letterheads,PRD-OB1THP9H,30000,0.2,1,120gsm Premium Smooth White Paper,Single Sided,565.58,1,514.16,2,462.74,4,N/A,N/A,0,5,13,30,0.2,A4,210,297,210,297,"{""Sets"":""1"",""Paper Type"":""120gsm Premium Smooth White Paper"",""Sides Printed"":""Single Sided""}",20/09/2021,Available,LET-552-460-569-556-EXPRESS,LET-552-460-569-556-STANDARD,LET-552-460-569-556-SAVER,N/A
Letterheads,PRD-OB1THP9H,35000,0.2,1,120gsm Premium Smooth White Paper,Single Sided,659.15,1,599.23,2,539.31,4,N/A,N/A,0,5,13,30,0.2,A4,210,297,210,297,"{""Sets"":""1"",""Paper Type"":""120gsm Premium Smooth White Paper"",""Sides Printed"":""Single Sided""}",20/09/2021,Available,LET-552-460-569-556-EXPRESS,LET-552-460-569-556-STANDARD,LET-552-460-569-556-SAVER,N/A
Letterheads,PRD-OB1THP9H,40000,0.2,1,120gsm Premium Smooth White Paper,Single Sided,744.56,1,676.87,2,609.18,4,N/A,N/A,0,5,13,30,0.2,A4,210,297,210,297,"{""Sets"":""1"",""Paper Type"":""120gsm Premium Smooth White Paper"",""Sides Printed"":""Single Sided""}",20/09/2021,Available,LET-552-460-569-556-EXPRESS,LET-552-460-569-556-STANDARD,LET-552-460-569-556-SAVER,N/A
Letterheads,PRD-OB1THP9H,45000,0.2,1,120gsm Premium Smooth White Paper,Single Sided,838.13,1,761.94,2,685.75,4,N/A,N/A,0,5,13,30,0.2,A4,210,297,210,297,"{""Sets"":""1"",""Paper Type"":""120gsm Premium Smooth White Paper"",""Sides Printed"":""Single Sided""}",20/09/2021,Available,LET-552-460-569-556-EXPRESS,LET-552-460-569-556-STANDARD,LET-552-460-569-556-SAVER,N/A
Letterheads,PRD-OB1THP9H,50000,0.2,1,120gsm Premium Smooth White Paper,Single Sided,935.41,1,850.37,2,765.33,4,N/A,N/A,0,5,13,30,0.2,A4,210,297,210,297,"{""Sets"":""1"",""Paper Type"":""120gsm Premium Smooth White Paper"",""Sides Printed"":""Single Sided""}",20/09/2021,Available,LET-552-460-569-556-EXPRESS,LET-552-460-569-556-STANDARD,LET-552-460-569-556-SAVER,N/A
Letterheads,PRD-OB1THP9H,55000,0.2,1,120gsm Premium Smooth White Paper,Single Sided,1176.52,2,1069.56,3,962.6,5,N/A,N/A,0,5,13,30,0.2,A4,210,297,210,297,"{""Sets"":""1"",""Paper Type"":""120gsm Premium Smooth White Paper"",""Sides Printed"":""Single Sided""}",20/09/2021,Available,LET-552-460-569-556-EXPRESS,LET-552-460-569-556-STANDARD,LET-552-460-569-556-SAVER,N/A
Letterheads,PRD-OB1THP9H,60000,0.2,1,120gsm Premium Smooth White Paper,Single Sided,1277.31,2,1161.19,3,1045.07,5,N/A,N/A,0,5,13,30,0.2,A4,210,297,210,297,"{""Sets"":""1"",""Paper Type"":""120gsm Premium Smooth White Paper"",""Sides Printed"":""Single Sided""}",20/09/2021,Available,LET-552-460-569-556-EXPRESS,LET-552-460-569-556-STANDARD,LET-552-460-569-556-SAVER,N/A
Letterheads,PRD-OB1THP9H,65000,0.2,1,120gsm Premium Smooth White Paper,Single Sided,1354.66,2,1231.51,3,1108.36,5,N/A,N/A,0,5,13,30,0.2,A4,210,297,210,297,"{""Sets"":""1"",""Paper Type"":""120gsm Premium Smooth White Paper"",""Sides Printed"":""Single Sided""}",20/09/2021,Available,LET-552-460-569-556-EXPRESS,LET-552-460-569-556-STANDARD,LET-552-460-569-556-SAVER,N/A
Letterheads,PRD-OB1THP9H,70000,0.2,1,120gsm Premium Smooth White Paper,Single Sided,1432,2,1301.82,3,1171.64,5,N/A,N/A,0,5,13,30,0.2,A4,210,297,210,297,"{""Sets"":""1"",""Paper Type"":""120gsm Premium Smooth White Paper"",""Sides Printed"":""Single Sided""}",20/09/2021,Available,LET-552-460-569-556-EXPRESS,LET-552-460-569-556-STANDARD,LET-552-460-569-556-SAVER,N/A
Letterheads,PRD-OB1THP9H,75000,0.2,1,120gsm Premium Smooth White Paper,Single Sided,1509.36,2,1372.15,3,1234.94,5,N/A,N/A,0,5,13,30,0.2,A4,210,297,210,297,"{""Sets"":""1"",""Paper Type"":""120gsm Premium Smooth White Paper"",""Sides Printed"":""Single Sided""}",20/09/2021,Available,LET-552-460-569-556-EXPRESS,LET-552-460-569-556-STANDARD,LET-552-460-569-556-SAVER,N/A
Letterheads,PRD-OB1THP9H,80000,0.2,1,120gsm Premium Smooth White Paper,Single Sided,1586.71,2,1442.46,3,1298.21,5,N/A,N/A,0,5,13,30,0.2,A4,210,297,210,297,"{""Sets"":""1"",""Paper Type"":""120gsm Premium Smooth White Paper"",""Sides Printed"":""Single Sided""}",20/09/2021,Available,LET-552-460-569-556-EXPRESS,LET-552-460-569-556-STANDARD,LET-552-460-569-556-SAVER,N/A
Letterheads,PRD-OB1THP9H,85000,0.2,1,120gsm Premium Smooth White Paper,Single Sided,1664.06,2,1512.78,3,1361.5,5,N/A,N/A,0,5,13,30,0.2,A4,210,297,210,297,"{""Sets"":""1"",""Paper Type"":""120gsm Premium Smooth White Paper"",""Sides Printed"":""Single Sided""}",20/09/2021,Available,LET-552-460-569-556-EXPRESS,LET-552-460-569-556-STANDARD,LET-552-460-569-556-SAVER,N/A
Letterheads,PRD-OB1THP9H,90000,0.2,1,120gsm Premium Smooth White Paper,Single Sided,1741.4,2,1583.09,3,1424.78,5,N/A,N/A,0,5,13,30,0.2,A4,210,297,210,297,"{""Sets"":""1"",""Paper Type"":""120gsm Premium Smooth White Paper"",""Sides Printed"":""Single Sided""}",20/09/2021,Available,LET-552-460-569-556-EXPRESS,LET-552-460-569-556-STANDARD,LET-552-460-569-556-SAVER,N/A
Letterheads,PRD-OB1THP9H,95000,0.2,1,120gsm Premium Smooth White Paper,Single Sided,1818.75,2,1653.41,3,1488.07,5,N/A,N/A,0,5,13,30,0.2,A4,210,297,210,297,"{""Sets"":""1"",""Paper Type"":""120gsm Premium Smooth White Paper"",""Sides Printed"":""Single Sided""}",20/09/2021,Available,LET-552-460-569-556-EXPRESS,LET-552-460-569-556-STANDARD,LET-552-460-569-556-SAVER,N/A
Letterheads,PRD-OB1THP9H,100000,0.2,1,120gsm Premium Smooth White Paper,Single Sided,1896.09,2,1723.72,3,1551.35,5,N/A,N/A,0,5,13,30,0.2,A4,210,297,210,297,"{""Sets"":""1"",""Paper Type"":""120gsm Premium Smooth White Paper"",""Sides Printed"":""Single Sided""}",20/09/2021,Available,LET-552-460-569-556-EXPRESS,LET-552-460-569-556-STANDARD,LET-552-460-569-556-SAVER,N/A
Letterheads,PRD-OB1THP9H,250,0.2,1,100gsm Premium Smooth White Paper,Double Sided,21.86,3,19.87,4,17.88,6,N/A,N/A,0,5,13,30,0.2,A4,210,297,210,297,"{""Sets"":""1"",""Paper Type"":""100gsm Premium Smooth White Paper"",""Sides Printed"":""Double Sided""}",20/09/2021,Available,LET-744-562-566-510-EXPRESS,LET-744-562-566-510-STANDARD,LET-744-562-566-510-SAVER,N/A
Letterheads,PRD-OB1THP9H,500,0.2,1,100gsm Premium Smooth White Paper,Double Sided,36.6,3,33.27,4,29.94,6,N/A,N/A,0,5,13,30,0.2,A4,210,297,210,297,"{""Sets"":""1"",""Paper Type"":""100gsm Premium Smooth White Paper"",""Sides Printed"":""Double Sided""}",20/09/2021,Available,LET-744-562-566-510-EXPRESS,LET-744-562-566-510-STANDARD,LET-744-562-566-510-SAVER,N/A
Letterheads,PRD-OB1THP9H,1000,0.2,1,100gsm Premium Smooth White Paper,Double Sided,53.31,3,48.46,4,43.61,6,N/A,N/A,0,5,13,30,0.2,A4,210,297,210,297,"{""Sets"":""1"",""Paper Type"":""100gsm Premium Smooth White Paper"",""Sides Printed"":""Double Sided""}",20/09/2021,Available,LET-744-562-566-510-EXPRESS,LET-744-562-566-510-STANDARD,LET-744-562-566-510-SAVER,N/A
Letterheads,PRD-OB1THP9H,2000,0.2,1,100gsm Premium Smooth White Paper,Double Sided,66.34,3,60.31,4,54.28,6,N/A,N/A,0,5,13,30,0.2,A4,210,297,210,297,"{""Sets"":""1"",""Paper Type"":""100gsm Premium Smooth White Paper"",""Sides Printed"":""Double Sided""}",20/09/2021,Available,LET-744-562-566-510-EXPRESS,LET-744-562-566-510-STANDARD,LET-744-562-566-510-SAVER,N/A
Letterheads,PRD-OB1THP9H,2500,0.2,1,100gsm Premium Smooth White Paper,Double Sided,63.39,3,57.63,4,51.87,6,N/A,N/A,0,5,13,30,0.2,A4,210,297,210,297,"{""Sets"":""1"",""Paper Type"":""100gsm Premium Smooth White Paper"",""Sides Printed"":""Double Sided""}",20/09/2021,Available,LET-744-562-566-510-EXPRESS,LET-744-562-566-510-STANDARD,LET-744-562-566-510-SAVER,N/A
Letterheads,PRD-OB1THP9H,5000,0.2,1,100gsm Premium Smooth White Paper,Double Sided,114.02,3,103.65,4,93.28,6,N/A,N/A,0,5,13,30,0.2,A4,210,297,210,297,"{""Sets"":""1"",""Paper Type"":""100gsm Premium Smooth White Paper"",""Sides Printed"":""Double Sided""}",20/09/2021,Available,LET-744-562-566-510-EXPRESS,LET-744-562-566-510-STANDARD,LET-744-562-566-510-SAVER,N/A
Letterheads,PRD-OB1THP9H,7500,0.2,1,100gsm Premium Smooth White Paper,Double Sided,156.3,3,142.09,4,127.88,6,N/A,N/A,0,5,13,30,0.2,A4,210,297,210,297,"{""Sets"":""1"",""Paper Type"":""100gsm Premium Smooth White Paper"",""Sides Printed"":""Double Sided""}",20/09/2021,Available,LET-744-562-566-510-EXPRESS,LET-744-562-566-510-STANDARD,LET-744-562-566-510-SAVER,N/A
Letterheads,PRD-OB1THP9H,10000,0.2,1,100gsm Premium Smooth White Paper,Double Sided,210.98,3,191.8,4,172.62,6,N/A,N/A,0,5,13,30,0.2,A4,210,297,210,297,"{""Sets"":""1"",""Paper Type"":""100gsm Premium Smooth White Paper"",""Sides Printed"":""Double Sided""}",20/09/2021,Available,LET-744-562-566-510-EXPRESS,LET-744-562-566-510-STANDARD,LET-744-562-566-510-SAVER,N/A
Letterheads,PRD-OB1THP9H,12500,0.2,1,100gsm Premium Smooth White Paper,Double Sided,313.42,3,284.93,4,256.44,6,N/A,N/A,0,5,13,30,0.2,A4,210,297,210,297,"{""Sets"":""1"",""Paper Type"":""100gsm Premium Smooth White Paper"",""Sides Printed"":""Double Sided""}",20/09/2021,Available,LET-744-562-566-510-EXPRESS,LET-744-562-566-510-STANDARD,LET-744-562-566-510-SAVER,N/A
Letterheads,PRD-OB1THP9H,15000,0.2,1,100gsm Premium Smooth White Paper,Double Sided,320.1,3,291,4,261.9,6,N/A,N/A,0,5,13,30,0.2,A4,210,297,210,297,"{""Sets"":""1"",""Paper Type"":""100gsm Premium Smooth White Paper"",""Sides Printed"":""Double Sided""}",20/09/2021,Available,LET-744-562-566-510-EXPRESS,LET-744-562-566-510-STANDARD,LET-744-562-566-510-SAVER,N/A
Letterheads,PRD-OB1THP9H,20000,0.2,1,100gsm Premium Smooth White Paper,Double Sided,418.75,3,380.68,4,342.61,6,N/A,N/A,0,5,13,30,0.2,A4,210,297,210,297,"{""Sets"":""1"",""Paper Type"":""100gsm Premium Smooth White Paper"",""Sides Printed"":""Double Sided""}",20/09/2021,Available,LET-744-562-566-510-EXPRESS,LET-744-562-566-510-STANDARD,LET-744-562-566-510-SAVER,N/A
Letterheads,PRD-OB1THP9H,25000,0.2,1,100gsm Premium Smooth White Paper,Double Sided,548.37,3,498.52,4,448.67,6,N/A,N/A,0,5,13,30,0.2,A4,210,297,210,297,"{""Sets"":""1"",""Paper Type"":""100gsm Premium Smooth White Paper"",""Sides Printed"":""Double Sided""}",20/09/2021,Available,LET-744-562-566-510-EXPRESS,LET-744-562-566-510-STANDARD,LET-744-562-566-510-SAVER,N/A
Letterheads,PRD-OB1THP9H,30000,0.2,1,100gsm Premium Smooth White Paper,Double Sided,588.83,3,535.3,4,481.77,6,N/A,N/A,0,5,13,30,0.2,A4,210,297,210,297,"{""Sets"":""1"",""Paper Type"":""100gsm Premium Smooth White Paper"",""Sides Printed"":""Double Sided""}",20/09/2021,Available,LET-744-562-566-510-EXPRESS,LET-744-562-566-510-STANDARD,LET-744-562-566-510-SAVER,N/A
Letterheads,PRD-OB1THP9H,35000,0.2,1,100gsm Premium Smooth White Paper,Double Sided,689.89,3,627.17,4,564.45,6,N/A,N/A,0,5,13,30,0.2,A4,210,297,210,297,"{""Sets"":""1"",""Paper Type"":""100gsm Premium Smooth White Paper"",""Sides Printed"":""Double Sided""}",20/09/2021,Available,LET-744-562-566-510-EXPRESS,LET-744-562-566-510-STANDARD,LET-744-562-566-510-SAVER,N/A
Letterheads,PRD-OB1THP9H,40000,0.2,1,100gsm Premium Smooth White Paper,Double Sided,782.12,3,711.02,4,639.92,6,N/A,N/A,0,5,13,30,0.2,A4,210,297,210,297,"{""Sets"":""1"",""Paper Type"":""100gsm Premium Smooth White Paper"",""Sides Printed"":""Double Sided""}",20/09/2021,Available,LET-744-562-566-510-EXPRESS,LET-744-562-566-510-STANDARD,LET-744-562-566-510-SAVER,N/A
Letterheads,PRD-OB1THP9H,45000,0.2,1,100gsm Premium Smooth White Paper,Double Sided,883.19,3,802.9,4,722.61,6,N/A,N/A,0,5,13,30,0.2,A4,210,297,210,297,"{""Sets"":""1"",""Paper Type"":""100gsm Premium Smooth White Paper"",""Sides Printed"":""Double Sided""}",20/09/2021,Available,LET-744-562-566-510-EXPRESS,LET-744-562-566-510-STANDARD,LET-744-562-566-510-SAVER,N/A
Letterheads,PRD-OB1THP9H,50000,0.2,1,100gsm Premium Smooth White Paper,Double Sided,988.24,3,898.4,4,808.56,6,N/A,N/A,0,5,13,30,0.2,A4,210,297,210,297,"{""Sets"":""1"",""Paper Type"":""100gsm Premium Smooth White Paper"",""Sides Printed"":""Double Sided""}",20/09/2021,Available,LET-744-562-566-510-EXPRESS,LET-744-562-566-510-STANDARD,LET-744-562-566-510-SAVER,N/A
Letterheads,PRD-OB1THP9H,55000,0.2,1,100gsm Premium Smooth White Paper,Double Sided,1104.9,4,1004.45,5,904,7,N/A,N/A,0,5,13,30,0.2,A4,210,297,210,297,"{""Sets"":""1"",""Paper Type"":""100gsm Premium Smooth White Paper"",""Sides Printed"":""Double Sided""}",20/09/2021,Available,LET-744-562-566-510-EXPRESS,LET-744-562-566-510-STANDARD,LET-744-562-566-510-SAVER,N/A
Letterheads,PRD-OB1THP9H,60000,0.2,1,100gsm Premium Smooth White Paper,Double Sided,1199.56,4,1090.51,5,981.46,7,N/A,N/A,0,5,13,30,0.2,A4,210,297,210,297,"{""Sets"":""1"",""Paper Type"":""100gsm Premium Smooth White Paper"",""Sides Printed"":""Double Sided""}",20/09/2021,Available,LET-744-562-566-510-EXPRESS,LET-744-562-566-510-STANDARD,LET-744-562-566-510-SAVER,N/A
Letterheads,PRD-OB1THP9H,65000,0.2,1,100gsm Premium Smooth White Paper,Double Sided,1272.2,4,1156.55,5,1040.9,7,N/A,N/A,0,5,13,30,0.2,A4,210,297,210,297,"{""Sets"":""1"",""Paper Type"":""100gsm Premium Smooth White Paper"",""Sides Printed"":""Double Sided""}",20/09/2021,Available,LET-744-562-566-510-EXPRESS,LET-744-562-566-510-STANDARD,LET-744-562-566-510-SAVER,N/A
Letterheads,PRD-OB1THP9H,70000,0.2,1,100gsm Premium Smooth White Paper,Double Sided,1344.84,4,1222.58,5,1100.32,7,N/A,N/A,0,5,13,30,0.2,A4,210,297,210,297,"{""Sets"":""1"",""Paper Type"":""100gsm Premium Smooth White Paper"",""Sides Printed"":""Double Sided""}",20/09/2021,Available,LET-744-562-566-510-EXPRESS,LET-744-562-566-510-STANDARD,LET-744-562-566-510-SAVER,N/A
Letterheads,PRD-OB1THP9H,75000,0.2,1,100gsm Premium Smooth White Paper,Double Sided,1417.48,4,1288.62,5,1159.76,7,N/A,N/A,0,5,13,30,0.2,A4,210,297,210,297,"{""Sets"":""1"",""Paper Type"":""100gsm Premium Smooth White Paper"",""Sides Printed"":""Double Sided""}",20/09/2021,Available,LET-744-562-566-510-EXPRESS,LET-744-562-566-510-STANDARD,LET-744-562-566-510-SAVER,N/A
Letterheads,PRD-OB1THP9H,80000,0.2,1,100gsm Premium Smooth White Paper,Double Sided,1490.12,4,1354.65,5,1219.19,7,N/A,N/A,0,5,13,30,0.2,A4,210,297,210,297,"{""Sets"":""1"",""Paper Type"":""100gsm Premium Smooth White Paper"",""Sides Printed"":""Double Sided""}",20/09/2021,Available,LET-744-562-566-510-EXPRESS,LET-744-562-566-510-STANDARD,LET-744-562-566-510-SAVER,N/A
Letterheads,PRD-OB1THP9H,85000,0.2,1,100gsm Premium Smooth White Paper,Double Sided,1562.77,4,1420.7,5,1278.63,7,N/A,N/A,0,5,13,30,0.2,A4,210,297,210,297,"{""Sets"":""1"",""Paper Type"":""100gsm Premium Smooth White Paper"",""Sides Printed"":""Double Sided""}",20/09/2021,Available,LET-744-562-566-510-EXPRESS,LET-744-562-566-510-STANDARD,LET-744-562-566-510-SAVER,N/A
Letterheads,PRD-OB1THP9H,90000,0.2,1,100gsm Premium Smooth White Paper,Double Sided,1635.4,4,1486.73,5,1338.06,7,N/A,N/A,0,5,13,30,0.2,A4,210,297,210,297,"{""Sets"":""1"",""Paper Type"":""100gsm Premium Smooth White Paper"",""Sides Printed"":""Double Sided""}",20/09/2021,Available,LET-744-562-566-510-EXPRESS,LET-744-562-566-510-STANDARD,LET-744-562-566-510-SAVER,N/A
Letterheads,PRD-OB1THP9H,95000,0.2,1,100gsm Premium Smooth White Paper,Double Sided,1708.05,4,1552.77,5,1397.49,7,N/A,N/A,0,5,13,30,0.2,A4,210,297,210,297,"{""Sets"":""1"",""Paper Type"":""100gsm Premium Smooth White Paper"",""Sides Printed"":""Double Sided""}",20/09/2021,Available,LET-744-562-566-510-EXPRESS,LET-744-562-566-510-STANDARD,LET-744-562-566-510-SAVER,N/A
Letterheads,PRD-OB1THP9H,100000,0.2,1,100gsm Premium Smooth White Paper,Double Sided,1780.68,4,1618.8,5,1456.92,7,N/A,N/A,0,5,13,30,0.2,A4,210,297,210,297,"{""Sets"":""1"",""Paper Type"":""100gsm Premium Smooth White Paper"",""Sides Printed"":""Double Sided""}",20/09/2021,Available,LET-744-562-566-510-EXPRESS,LET-744-562-566-510-STANDARD,LET-744-562-566-510-SAVER,N/A
Letterheads,PRD-OB1THP9H,250,0.2,1,120gsm Premium Smooth White Paper,Double Sided,30.99,3,28.17,4,25.35,6,N/A,N/A,0,5,13,30,0.2,A4,210,297,210,297,"{""Sets"":""1"",""Paper Type"":""120gsm Premium Smooth White Paper"",""Sides Printed"":""Double Sided""}",20/09/2021,Available,LET-550-603-421-577-EXPRESS,LET-550-603-421-577-STANDARD,LET-550-603-421-577-SAVER,N/A
Letterheads,PRD-OB1THP9H,500,0.2,1,120gsm Premium Smooth White Paper,Double Sided,44.8,3,40.73,4,36.66,6,N/A,N/A,0,5,13,30,0.2,A4,210,297,210,297,"{""Sets"":""1"",""Paper Type"":""120gsm Premium Smooth White Paper"",""Sides Printed"":""Double Sided""}",20/09/2021,Available,LET-550-603-421-577-EXPRESS,LET-550-603-421-577-STANDARD,LET-550-603-421-577-SAVER,N/A
Letterheads,PRD-OB1THP9H,1000,0.2,1,120gsm Premium Smooth White Paper,Double Sided,61.42,3,55.84,4,50.26,6,N/A,N/A,0,5,13,30,0.2,A4,210,297,210,297,"{""Sets"":""1"",""Paper Type"":""120gsm Premium Smooth White Paper"",""Sides Printed"":""Double Sided""}",20/09/2021,Available,LET-550-603-421-577-EXPRESS,LET-550-603-421-577-STANDARD,LET-550-603-421-577-SAVER,N/A
Letterheads,PRD-OB1THP9H,2000,0.2,1,120gsm Premium Smooth White Paper,Double Sided,75.91,3,69.01,4,62.11,6,N/A,N/A,0,5,13,30,0.2,A4,210,297,210,297,"{""Sets"":""1"",""Paper Type"":""120gsm Premium Smooth White Paper"",""Sides Printed"":""Double Sided""}",20/09/2021,Available,LET-550-603-421-577-EXPRESS,LET-550-603-421-577-STANDARD,LET-550-603-421-577-SAVER,N/A
Letterheads,PRD-OB1THP9H,2500,0.2,1,120gsm Premium Smooth White Paper,Double Sided,76.87,3,69.88,4,62.89,6,N/A,N/A,0,5,13,30,0.2,A4,210,297,210,297,"{""Sets"":""1"",""Paper Type"":""120gsm Premium Smooth White Paper"",""Sides Printed"":""Double Sided""}",20/09/2021,Available,LET-550-603-421-577-EXPRESS,LET-550-603-421-577-STANDARD,LET-550-603-421-577-SAVER,N/A
Letterheads,PRD-OB1THP9H,5000,0.2,1,120gsm Premium Smooth White Paper,Double Sided,145.01,3,131.83,4,118.65,6,N/A,N/A,0,5,13,30,0.2,A4,210,297,210,297,"{""Sets"":""1"",""Paper Type"":""120gsm Premium Smooth White Paper"",""Sides Printed"":""Double Sided""}",20/09/2021,Available,LET-550-603-421-577-EXPRESS,LET-550-603-421-577-STANDARD,LET-550-603-421-577-SAVER,N/A
Letterheads,PRD-OB1THP9H,7500,0.2,1,120gsm Premium Smooth White Paper,Double Sided,198.11,3,180.1,4,162.09,6,N/A,N/A,0,5,13,30,0.2,A4,210,297,210,297,"{""Sets"":""1"",""Paper Type"":""120gsm Premium Smooth White Paper"",""Sides Printed"":""Double Sided""}",20/09/2021,Available,LET-550-603-421-577-EXPRESS,LET-550-603-421-577-STANDARD,LET-550-603-421-577-SAVER,N/A
Letterheads,PRD-OB1THP9H,10000,0.2,1,120gsm Premium Smooth White Paper,Double Sided,240.75,3,218.86,4,196.97,6,N/A,N/A,0,5,13,30,0.2,A4,210,297,210,297,"{""Sets"":""1"",""Paper Type"":""120gsm Premium Smooth White Paper"",""Sides Printed"":""Double Sided""}",20/09/2021,Available,LET-550-603-421-577-EXPRESS,LET-550-603-421-577-STANDARD,LET-550-603-421-577-SAVER,N/A
Letterheads,PRD-OB1THP9H,12500,0.2,1,120gsm Premium Smooth White Paper,Double Sided,323.86,3,294.42,4,264.98,6,N/A,N/A,0,5,13,30,0.2,A4,210,297,210,297,"{""Sets"":""1"",""Paper Type"":""120gsm Premium Smooth White Paper"",""Sides Printed"":""Double Sided""}",20/09/2021,Available,LET-550-603-421-577-EXPRESS,LET-550-603-421-577-STANDARD,LET-550-603-421-577-SAVER,N/A
Letterheads,PRD-OB1THP9H,15000,0.2,1,120gsm Premium Smooth White Paper,Double Sided,353.51,3,321.37,4,289.23,6,N/A,N/A,0,5,13,30,0.2,A4,210,297,210,297,"{""Sets"":""1"",""Paper Type"":""120gsm Premium Smooth White Paper"",""Sides Printed"":""Double Sided""}",20/09/2021,Available,LET-550-603-421-577-EXPRESS,LET-550-603-421-577-STANDARD,LET-550-603-421-577-SAVER,N/A
Letterheads,PRD-OB1THP9H,20000,0.2,1,120gsm Premium Smooth White Paper,Double Sided,455.44,3,414.04,4,372.64,6,N/A,N/A,0,5,13,30,0.2,A4,210,297,210,297,"{""Sets"":""1"",""Paper Type"":""120gsm Premium Smooth White Paper"",""Sides Printed"":""Double Sided""}",20/09/2021,Available,LET-550-603-421-577-EXPRESS,LET-550-603-421-577-STANDARD,LET-550-603-421-577-SAVER,N/A
Letterheads,PRD-OB1THP9H,25000,0.2,1,120gsm Premium Smooth White Paper,Double Sided,589.38,3,535.8,4,482.22,6,N/A,N/A,0,5,13,30,0.2,A4,210,297,210,297,"{""Sets"":""1"",""Paper Type"":""120gsm Premium Smooth White Paper"",""Sides Printed"":""Double Sided""}",20/09/2021,Available,LET-550-603-421-577-EXPRESS,LET-550-603-421-577-STANDARD,LET-550-603-421-577-SAVER,N/A
Letterheads,PRD-OB1THP9H,30000,0.2,1,120gsm Premium Smooth White Paper,Double Sided,631.18,3,573.8,4,516.42,6,N/A,N/A,0,5,13,30,0.2,A4,210,297,210,297,"{""Sets"":""1"",""Paper Type"":""120gsm Premium Smooth White Paper"",""Sides Printed"":""Double Sided""}",20/09/2021,Available,LET-550-603-421-577-EXPRESS,LET-550-603-421-577-STANDARD,LET-550-603-421-577-SAVER,N/A
Letterheads,PRD-OB1THP9H,35000,0.2,1,120gsm Premium Smooth White Paper,Double Sided,735.61,3,668.74,4,601.87,6,N/A,N/A,0,5,13,30,0.2,A4,210,297,210,297,"{""Sets"":""1"",""Paper Type"":""120gsm Premium Smooth White Paper"",""Sides Printed"":""Double Sided""}",20/09/2021,Available,LET-550-603-421-577-EXPRESS,LET-550-603-421-577-STANDARD,LET-550-603-421-577-SAVER,N/A
Letterheads,PRD-OB1THP9H,40000,0.2,1,120gsm Premium Smooth White Paper,Double Sided,830.92,3,755.38,4,679.84,6,N/A,N/A,0,5,13,30,0.2,A4,210,297,210,297,"{""Sets"":""1"",""Paper Type"":""120gsm Premium Smooth White Paper"",""Sides Printed"":""Double Sided""}",20/09/2021,Available,LET-550-603-421-577-EXPRESS,LET-550-603-421-577-STANDARD,LET-550-603-421-577-SAVER,N/A
Letterheads,PRD-OB1THP9H,45000,0.2,1,120gsm Premium Smooth White Paper,Double Sided,935.36,3,850.33,4,765.3,6,N/A,N/A,0,5,13,30,0.2,A4,210,297,210,297,"{""Sets"":""1"",""Paper Type"":""120gsm Premium Smooth White Paper"",""Sides Printed"":""Double Sided""}",20/09/2021,Available,LET-550-603-421-577-EXPRESS,LET-550-603-421-577-STANDARD,LET-550-603-421-577-SAVER,N/A
Letterheads,PRD-OB1THP9H,50000,0.2,1,120gsm Premium Smooth White Paper,Double Sided,1043.91,3,949.01,4,854.11,6,N/A,N/A,0,5,13,30,0.2,A4,210,297,210,297,"{""Sets"":""1"",""Paper Type"":""120gsm Premium Smooth White Paper"",""Sides Printed"":""Double Sided""}",20/09/2021,Available,LET-550-603-421-577-EXPRESS,LET-550-603-421-577-STANDARD,LET-550-603-421-577-SAVER,N/A
Letterheads,PRD-OB1THP9H,55000,0.2,1,120gsm Premium Smooth White Paper,Double Sided,1227.67,4,1116.06,5,1004.45,7,N/A,N/A,0,5,13,30,0.2,A4,210,297,210,297,"{""Sets"":""1"",""Paper Type"":""120gsm Premium Smooth White Paper"",""Sides Printed"":""Double Sided""}",20/09/2021,Available,LET-550-603-421-577-EXPRESS,LET-550-603-421-577-STANDARD,LET-550-603-421-577-SAVER,N/A
Letterheads,PRD-OB1THP9H,60000,0.2,1,120gsm Premium Smooth White Paper,Double Sided,1332.85,4,1211.68,5,1090.51,7,N/A,N/A,0,5,13,30,0.2,A4,210,297,210,297,"{""Sets"":""1"",""Paper Type"":""120gsm Premium Smooth White Paper"",""Sides Printed"":""Double Sided""}",20/09/2021,Available,LET-550-603-421-577-EXPRESS,LET-550-603-421-577-STANDARD,LET-550-603-421-577-SAVER,N/A
Letterheads,PRD-OB1THP9H,65000,0.2,1,120gsm Premium Smooth White Paper,Double Sided,1413.57,4,1285.06,5,1156.55,7,N/A,N/A,0,5,13,30,0.2,A4,210,297,210,297,"{""Sets"":""1"",""Paper Type"":""120gsm Premium Smooth White Paper"",""Sides Printed"":""Double Sided""}",20/09/2021,Available,LET-550-603-421-577-EXPRESS,LET-550-603-421-577-STANDARD,LET-550-603-421-577-SAVER,N/A
Letterheads,PRD-OB1THP9H,70000,0.2,1,120gsm Premium Smooth White Paper,Double Sided,1494.26,4,1358.42,5,1222.58,7,N/A,N/A,0,5,13,30,0.2,A4,210,297,210,297,"{""Sets"":""1"",""Paper Type"":""120gsm Premium Smooth White Paper"",""Sides Printed"":""Double Sided""}",20/09/2021,Available,LET-550-603-421-577-EXPRESS,LET-550-603-421-577-STANDARD,LET-550-603-421-577-SAVER,N/A
Letterheads,PRD-OB1THP9H,75000,0.2,1,120gsm Premium Smooth White Paper,Double Sided,1574.98,4,1431.8,5,1288.62,7,N/A,N/A,0,5,13,30,0.2,A4,210,297,210,297,"{""Sets"":""1"",""Paper Type"":""120gsm Premium Smooth White Paper"",""Sides Printed"":""Double Sided""}",20/09/2021,Available,LET-550-603-421-577-EXPRESS,LET-550-603-421-577-STANDARD,LET-550-603-421-577-SAVER,N/A
Letterheads,PRD-OB1THP9H,80000,0.2,1,120gsm Premium Smooth White Paper,Double Sided,1655.69,4,1505.17,5,1354.65,7,N/A,N/A,0,5,13,30,0.2,A4,210,297,210,297,"{""Sets"":""1"",""Paper Type"":""120gsm Premium Smooth White Paper"",""Sides Printed"":""Double Sided""}",20/09/2021,Available,LET-550-603-421-577-EXPRESS,LET-550-603-421-577-STANDARD,LET-550-603-421-577-SAVER,N/A
Letterheads,PRD-OB1THP9H,85000,0.2,1,120gsm Premium Smooth White Paper,Double Sided,1736.4,4,1578.55,5,1420.7,7,N/A,N/A,0,5,13,30,0.2,A4,210,297,210,297,"{""Sets"":""1"",""Paper Type"":""120gsm Premium Smooth White Paper"",""Sides Printed"":""Double Sided""}",20/09/2021,Available,LET-550-603-421-577-EXPRESS,LET-550-603-421-577-STANDARD,LET-550-603-421-577-SAVER,N/A
Letterheads,PRD-OB1THP9H,90000,0.2,1,120gsm Premium Smooth White Paper,Double Sided,1817.11,4,1651.92,5,1486.73,7,N/A,N/A,0,5,13,30,0.2,A4,210,297,210,297,"{""Sets"":""1"",""Paper Type"":""120gsm Premium Smooth White Paper"",""Sides Printed"":""Double Sided""}",20/09/2021,Available,LET-550-603-421-577-EXPRESS,LET-550-603-421-577-STANDARD,LET-550-603-421-577-SAVER,N/A
Letterheads,PRD-OB1THP9H,95000,0.2,1,120gsm Premium Smooth White Paper,Double Sided,1897.83,4,1725.3,5,1552.77,7,N/A,N/A,0,5,13,30,0.2,A4,210,297,210,297,"{""Sets"":""1"",""Paper Type"":""120gsm Premium Smooth White Paper"",""Sides Printed"":""Double Sided""}",20/09/2021,Available,LET-550-603-421-577-EXPRESS,LET-550-603-421-577-STANDARD,LET-550-603-421-577-SAVER,N/A
Letterheads,PRD-OB1THP9H,100000,0.2,1,120gsm Premium Smooth White Paper,Double Sided,1978.54,4,1798.67,5,1618.8,7,N/A,N/A,0,5,13,30,0.2,A4,210,297,210,297,"{""Sets"":""1"",""Paper Type"":""120gsm Premium Smooth White Paper"",""Sides Printed"":""Double Sided""}",20/09/2021,Available,LET-550-603-421-577-EXPRESS,LET-550-603-421-577-STANDARD,LET-550-603-421-577-SAVER,N/A
Letterheads,PRD-OB1THP9H,250,0.2,2,100gsm Premium Smooth White Paper,Single Sided,20.33,1,18.48,2,16.63,4,N/A,N/A,0,5,13,30,0.2,A4,210,297,210,297,"{""Sets"":""2"",""Paper Type"":""100gsm Premium Smooth White Paper"",""Sides Printed"":""Single Sided""}",20/09/2021,Available,LET-645-469-607-516-EXPRESS,LET-645-469-607-516-STANDARD,LET-645-469-607-516-SAVER,N/A
Letterheads,PRD-OB1THP9H,500,0.2,2,100gsm Premium Smooth White Paper,Single Sided,34.04,1,30.95,2,27.86,4,N/A,N/A,0,5,13,30,0.2,A4,210,297,210,297,"{""Sets"":""2"",""Paper Type"":""100gsm Premium Smooth White Paper"",""Sides Printed"":""Single Sided""}",20/09/2021,Available,LET-645-469-607-516-EXPRESS,LET-645-469-607-516-STANDARD,LET-645-469-607-516-SAVER,N/A
Letterheads,PRD-OB1THP9H,1000,0.2,2,100gsm Premium Smooth White Paper,Single Sided,44.42,1,40.38,2,36.34,4,N/A,N/A,0,5,13,30,0.2,A4,210,297,210,297,"{""Sets"":""2"",""Paper Type"":""100gsm Premium Smooth White Paper"",""Sides Printed"":""Single Sided""}",20/09/2021,Available,LET-645-469-607-516-EXPRESS,LET-645-469-607-516-STANDARD,LET-645-469-607-516-SAVER,N/A
Letterheads,PRD-OB1THP9H,2000,0.2,2,100gsm Premium Smooth White Paper,Single Sided,55.29,1,50.26,2,45.23,4,N/A,N/A,0,5,13,30,0.2,A4,210,297,210,297,"{""Sets"":""2"",""Paper Type"":""100gsm Premium Smooth White Paper"",""Sides Printed"":""Single Sided""}",20/09/2021,Available,LET-645-469-607-516-EXPRESS,LET-645-469-607-516-STANDARD,LET-645-469-607-516-SAVER,N/A
Letterheads,PRD-OB1THP9H,2500,0.2,2,100gsm Premium Smooth White Paper,Single Sided,62,1,56.36,2,50.72,4,N/A,N/A,0,5,13,30,0.2,A4,210,297,210,297,"{""Sets"":""2"",""Paper Type"":""100gsm Premium Smooth White Paper"",""Sides Printed"":""Single Sided""}",20/09/2021,Available,LET-645-469-607-516-EXPRESS,LET-645-469-607-516-STANDARD,LET-645-469-607-516-SAVER,N/A
Letterheads,PRD-OB1THP9H,5000,0.2,2,100gsm Premium Smooth White Paper,Single Sided,108.76,1,98.87,2,88.98,4,N/A,N/A,0,5,13,30,0.2,A4,210,297,210,297,"{""Sets"":""2"",""Paper Type"":""100gsm Premium Smooth White Paper"",""Sides Printed"":""Single Sided""}",20/09/2021,Available,LET-645-469-607-516-EXPRESS,LET-645-469-607-516-STANDARD,LET-645-469-607-516-SAVER,N/A
Letterheads,PRD-OB1THP9H,7500,0.2,2,100gsm Premium Smooth White Paper,Single Sided,148.58,1,135.07,2,121.56,4,N/A,N/A,0,5,13,30,0.2,A4,210,297,210,297,"{""Sets"":""2"",""Paper Type"":""100gsm Premium Smooth White Paper"",""Sides Printed"":""Single Sided""}",20/09/2021,Available,LET-645-469-607-516-EXPRESS,LET-645-469-607-516-STANDARD,LET-645-469-607-516-SAVER,N/A
Letterheads,PRD-OB1THP9H,10000,0.2,2,100gsm Premium Smooth White Paper,Single Sided,194.15,1,176.5,2,158.85,4,N/A,N/A,0,5,13,30,0.2,A4,210,297,210,297,"{""Sets"":""2"",""Paper Type"":""100gsm Premium Smooth White Paper"",""Sides Printed"":""Single Sided""}",20/09/2021,Available,LET-645-469-607-516-EXPRESS,LET-645-469-607-516-STANDARD,LET-645-469-607-516-SAVER,N/A
Letterheads,PRD-OB1THP9H,12500,0.2,2,100gsm Premium Smooth White Paper,Single Sided,261.18,1,237.44,2,213.7,4,N/A,N/A,0,5,13,30,0.2,A4,210,297,210,297,"{""Sets"":""2"",""Paper Type"":""100gsm Premium Smooth White Paper"",""Sides Printed"":""Single Sided""}",20/09/2021,Available,LET-645-469-607-516-EXPRESS,LET-645-469-607-516-STANDARD,LET-645-469-607-516-SAVER,N/A
Letterheads,PRD-OB1THP9H,15000,0.2,2,100gsm Premium Smooth White Paper,Single Sided,285.09,1,259.17,2,233.25,4,N/A,N/A,0,5,13,30,0.2,A4,210,297,210,297,"{""Sets"":""2"",""Paper Type"":""100gsm Premium Smooth White Paper"",""Sides Printed"":""Single Sided""}",20/09/2021,Available,LET-645-469-607-516-EXPRESS,LET-645-469-607-516-STANDARD,LET-645-469-607-516-SAVER,N/A
Letterheads,PRD-OB1THP9H,20000,0.2,2,100gsm Premium Smooth White Paper,Single Sided,301.32,1,273.93,2,246.54,4,N/A,N/A,0,5,13,30,0.2,A4,210,297,210,297,"{""Sets"":""2"",""Paper Type"":""100gsm Premium Smooth White Paper"",""Sides Printed"":""Single Sided""}",20/09/2021,Available,LET-645-469-607-516-EXPRESS,LET-645-469-607-516-STANDARD,LET-645-469-607-516-SAVER,N/A
Letterheads,PRD-OB1THP9H,25000,0.2,2,100gsm Premium Smooth White Paper,Single Sided,367.29,1,333.9,2,300.51,4,N/A,N/A,0,5,13,30,0.2,A4,210,297,210,297,"{""Sets"":""2"",""Paper Type"":""100gsm Premium Smooth White Paper"",""Sides Printed"":""Single Sided""}",20/09/2021,Available,LET-645-469-607-516-EXPRESS,LET-645-469-607-516-STANDARD,LET-645-469-607-516-SAVER,N/A
Letterheads,PRD-OB1THP9H,30000,0.2,2,100gsm Premium Smooth White Paper,Single Sided,475.31,1,432.1,2,388.89,4,N/A,N/A,0,5,13,30,0.2,A4,210,297,210,297,"{""Sets"":""2"",""Paper Type"":""100gsm Premium Smooth White Paper"",""Sides Printed"":""Single Sided""}",20/09/2021,Available,LET-645-469-607-516-EXPRESS,LET-645-469-607-516-STANDARD,LET-645-469-607-516-SAVER,N/A
Letterheads,PRD-OB1THP9H,35000,0.2,2,100gsm Premium Smooth White Paper,Single Sided,509.01,1,462.74,2,416.47,4,N/A,N/A,0,5,13,30,0.2,A4,210,297,210,297,"{""Sets"":""2"",""Paper Type"":""100gsm Premium Smooth White Paper"",""Sides Printed"":""Single Sided""}",20/09/2021,Available,LET-645-469-607-516-EXPRESS,LET-645-469-607-516-STANDARD,LET-645-469-607-516-SAVER,N/A
Letterheads,PRD-OB1THP9H,40000,0.2,2,100gsm Premium Smooth White Paper,Single Sided,593.24,1,539.31,2,485.38,4,N/A,N/A,0,5,13,30,0.2,A4,210,297,210,297,"{""Sets"":""2"",""Paper Type"":""100gsm Premium Smooth White Paper"",""Sides Printed"":""Single Sided""}",20/09/2021,Available,LET-645-469-607-516-EXPRESS,LET-645-469-607-516-STANDARD,LET-645-469-607-516-SAVER,N/A
Letterheads,PRD-OB1THP9H,45000,0.2,2,100gsm Premium Smooth White Paper,Single Sided,670.1,1,609.18,2,548.26,4,N/A,N/A,0,5,13,30,0.2,A4,210,297,210,297,"{""Sets"":""2"",""Paper Type"":""100gsm Premium Smooth White Paper"",""Sides Printed"":""Single Sided""}",20/09/2021,Available,LET-645-469-607-516-EXPRESS,LET-645-469-607-516-STANDARD,LET-645-469-607-516-SAVER,N/A
Letterheads,PRD-OB1THP9H,50000,0.2,2,100gsm Premium Smooth White Paper,Single Sided,754.32,1,685.75,2,617.18,4,N/A,N/A,0,5,13,30,0.2,A4,210,297,210,297,"{""Sets"":""2"",""Paper Type"":""100gsm Premium Smooth White Paper"",""Sides Printed"":""Single Sided""}",20/09/2021,Available,LET-645-469-607-516-EXPRESS,LET-645-469-607-516-STANDARD,LET-645-469-607-516-SAVER,N/A
Letterheads,PRD-OB1THP9H,55000,0.2,2,100gsm Premium Smooth White Paper,Single Sided,841.86,2,765.33,3,688.8,5,N/A,N/A,0,5,13,30,0.2,A4,210,297,210,297,"{""Sets"":""2"",""Paper Type"":""100gsm Premium Smooth White Paper"",""Sides Printed"":""Single Sided""}",20/09/2021,Available,LET-645-469-607-516-EXPRESS,LET-645-469-607-516-STANDARD,LET-645-469-607-516-SAVER,N/A
Letterheads,PRD-OB1THP9H,60000,0.2,2,100gsm Premium Smooth White Paper,Single Sided,920.76,2,837.05,3,753.34,5,N/A,N/A,0,5,13,30,0.2,A4,210,297,210,297,"{""Sets"":""2"",""Paper Type"":""100gsm Premium Smooth White Paper"",""Sides Printed"":""Single Sided""}",20/09/2021,Available,LET-645-469-607-516-EXPRESS,LET-645-469-607-516-STANDARD,LET-645-469-607-516-SAVER,N/A
Letterheads,PRD-OB1THP9H,65000,0.2,2,100gsm Premium Smooth White Paper,Single Sided,999.64,2,908.76,3,817.88,5,N/A,N/A,0,5,13,30,0.2,A4,210,297,210,297,"{""Sets"":""2"",""Paper Type"":""100gsm Premium Smooth White Paper"",""Sides Printed"":""Single Sided""}",20/09/2021,Available,LET-645-469-607-516-EXPRESS,LET-645-469-607-516-STANDARD,LET-645-469-607-516-SAVER,N/A
Letterheads,PRD-OB1THP9H,70000,0.2,2,100gsm Premium Smooth White Paper,Single Sided,1060.17,2,963.79,3,867.41,5,N/A,N/A,0,5,13,30,0.2,A4,210,297,210,297,"{""Sets"":""2"",""Paper Type"":""100gsm Premium Smooth White Paper"",""Sides Printed"":""Single Sided""}",20/09/2021,Available,LET-645-469-607-516-EXPRESS,LET-645-469-607-516-STANDARD,LET-645-469-607-516-SAVER,N/A
Letterheads,PRD-OB1THP9H,75000,0.2,2,100gsm Premium Smooth White Paper,Single Sided,1120.7,2,1018.82,3,916.94,5,N/A,N/A,0,5,13,30,0.2,A4,210,297,210,297,"{""Sets"":""2"",""Paper Type"":""100gsm Premium Smooth White Paper"",""Sides Printed"":""Single Sided""}",20/09/2021,Available,LET-645-469-607-516-EXPRESS,LET-645-469-607-516-STANDARD,LET-645-469-607-516-SAVER,N/A
Letterheads,PRD-OB1THP9H,80000,0.2,2,100gsm Premium Smooth White Paper,Single Sided,1181.24,2,1073.85,3,966.46,5,N/A,N/A,0,5,13,30,0.2,A4,210,297,210,297,"{""Sets"":""2"",""Paper Type"":""100gsm Premium Smooth White Paper"",""Sides Printed"":""Single Sided""}",20/09/2021,Available,LET-645-469-607-516-EXPRESS,LET-645-469-607-516-STANDARD,LET-645-469-607-516-SAVER,N/A
Letterheads,PRD-OB1THP9H,85000,0.2,2,100gsm Premium Smooth White Paper,Single Sided,1241.77,2,1128.88,3,1015.99,5,N/A,N/A,0,5,13,30,0.2,A4,210,297,210,297,"{""Sets"":""2"",""Paper Type"":""100gsm Premium Smooth White Paper"",""Sides Printed"":""Single Sided""}",20/09/2021,Available,LET-645-469-607-516-EXPRESS,LET-645-469-607-516-STANDARD,LET-645-469-607-516-SAVER,N/A
Letterheads,PRD-OB1THP9H,90000,0.2,2,100gsm Premium Smooth White Paper,Single Sided,1302.3,2,1183.91,3,1065.52,5,N/A,N/A,0,5,13,30,0.2,A4,210,297,210,297,"{""Sets"":""2"",""Paper Type"":""100gsm Premium Smooth White Paper"",""Sides Printed"":""Single Sided""}",20/09/2021,Available,LET-645-469-607-516-EXPRESS,LET-645-469-607-516-STANDARD,LET-645-469-607-516-SAVER,N/A
Letterheads,PRD-OB1THP9H,95000,0.2,2,100gsm Premium Smooth White Paper,Single Sided,1362.83,2,1238.94,3,1115.05,5,N/A,N/A,0,5,13,30,0.2,A4,210,297,210,297,"{""Sets"":""2"",""Paper Type"":""100gsm Premium Smooth White Paper"",""Sides Printed"":""Single Sided""}",20/09/2021,Available,LET-645-469-607-516-EXPRESS,LET-645-469-607-516-STANDARD,LET-645-469-607-516-SAVER,N/A
Letterheads,PRD-OB1THP9H,100000,0.2,2,100gsm Premium Smooth White Paper,Single Sided,1423.37,2,1293.97,3,1164.57,5,N/A,N/A,0,5,13,30,0.2,A4,210,297,210,297,"{""Sets"":""2"",""Paper Type"":""100gsm Premium Smooth White Paper"",""Sides Printed"":""Single Sided""}",20/09/2021,Available,LET-645-469-607-516-EXPRESS,LET-645-469-607-516-STANDARD,LET-645-469-607-516-SAVER,N/A
Letterheads,PRD-OB1THP9H,250,0.2,1,100gsm Premium Smooth White Paper,Single Sided,20.33,1,18.48,2,16.63,4,N/A,N/A,0,5,13,30,0.2,A4,210,297,210,297,"{""Sets"":""1"",""Paper Type"":""100gsm Premium Smooth White Paper"",""Sides Printed"":""Single Sided""}",20/09/2021,Available,LET-516-570-657-518-EXPRESS,LET-516-570-657-518-STANDARD,LET-516-570-657-518-SAVER,N/A
Letterheads,PRD-OB1THP9H,500,0.2,1,100gsm Premium Smooth White Paper,Single Sided,34.04,1,30.95,2,27.86,4,N/A,N/A,0,5,13,30,0.2,A4,210,297,210,297,"{""Sets"":""1"",""Paper Type"":""100gsm Premium Smooth White Paper"",""Sides Printed"":""Single Sided""}",20/09/2021,Available,LET-516-570-657-518-EXPRESS,LET-516-570-657-518-STANDARD,LET-516-570-657-518-SAVER,N/A
Letterheads,PRD-OB1THP9H,1000,0.2,1,100gsm Premium Smooth White Paper,Single Sided,44.42,1,40.38,2,36.34,4,N/A,N/A,0,5,13,30,0.2,A4,210,297,210,297,"{""Sets"":""1"",""Paper Type"":""100gsm Premium Smooth White Paper"",""Sides Printed"":""Single Sided""}",20/09/2021,Available,LET-516-570-657-518-EXPRESS,LET-516-570-657-518-STANDARD,LET-516-570-657-518-SAVER,N/A
Letterheads,PRD-OB1THP9H,2000,0.2,1,100gsm Premium Smooth White Paper,Single Sided,55.29,1,50.26,2,45.23,4,N/A,N/A,0,5,13,30,0.2,A4,210,297,210,297,"{""Sets"":""1"",""Paper Type"":""100gsm Premium Smooth White Paper"",""Sides Printed"":""Single Sided""}",20/09/2021,Available,LET-516-570-657-518-EXPRESS,LET-516-570-657-518-STANDARD,LET-516-570-657-518-SAVER,N/A
Letterheads,PRD-OB1THP9H,2500,0.2,1,100gsm Premium Smooth White Paper,Single Sided,62,1,56.36,2,50.72,4,N/A,N/A,0,5,13,30,0.2,A4,210,297,210,297,"{""Sets"":""1"",""Paper Type"":""100gsm Premium Smooth White Paper"",""Sides Printed"":""Single Sided""}",20/09/2021,Available,LET-516-570-657-518-EXPRESS,LET-516-570-657-518-STANDARD,LET-516-570-657-518-SAVER,N/A
Letterheads,PRD-OB1THP9H,5000,0.2,1,100gsm Premium Smooth White Paper,Single Sided,108.76,1,98.87,2,88.98,4,N/A,N/A,0,5,13,30,0.2,A4,210,297,210,297,"{""Sets"":""1"",""Paper Type"":""100gsm Premium Smooth White Paper"",""Sides Printed"":""Single Sided""}",20/09/2021,Available,LET-516-570-657-518-EXPRESS,LET-516-570-657-518-STANDARD,LET-516-570-657-518-SAVER,N/A
Letterheads,PRD-OB1THP9H,7500,0.2,1,100gsm Premium Smooth White Paper,Single Sided,148.58,1,135.07,2,121.56,4,N/A,N/A,0,5,13,30,0.2,A4,210,297,210,297,"{""Sets"":""1"",""Paper Type"":""100gsm Premium Smooth White Paper"",""Sides Printed"":""Single Sided""}",20/09/2021,Available,LET-516-570-657-518-EXPRESS,LET-516-570-657-518-STANDARD,LET-516-570-657-518-SAVER,N/A
Letterheads,PRD-OB1THP9H,10000,0.2,1,100gsm Premium Smooth White Paper,Single Sided,194.15,1,176.5,2,158.85,4,N/A,N/A,0,5,13,30,0.2,A4,210,297,210,297,"{""Sets"":""1"",""Paper Type"":""100gsm Premium Smooth White Paper"",""Sides Printed"":""Single Sided""}",20/09/2021,Available,LET-516-570-657-518-EXPRESS,LET-516-570-657-518-STANDARD,LET-516-570-657-518-SAVER,N/A
Letterheads,PRD-OB1THP9H,12500,0.2,1,100gsm Premium Smooth White Paper,Single Sided,261.18,1,237.44,2,213.7,4,N/A,N/A,0,5,13,30,0.2,A4,210,297,210,297,"{""Sets"":""1"",""Paper Type"":""100gsm Premium Smooth White Paper"",""Sides Printed"":""Single Sided""}",20/09/2021,Available,LET-516-570-657-518-EXPRESS,LET-516-570-657-518-STANDARD,LET-516-570-657-518-SAVER,N/A
Letterheads,PRD-OB1THP9H,15000,0.2,1,100gsm Premium Smooth White Paper,Single Sided,285.09,1,259.17,2,233.25,4,N/A,N/A,0,5,13,30,0.2,A4,210,297,210,297,"{""Sets"":""1"",""Paper Type"":""100gsm Premium Smooth White Paper"",""Sides Printed"":""Single Sided""}",20/09/2021,Available,LET-516-570-657-518-EXPRESS,LET-516-570-657-518-STANDARD,LET-516-570-657-518-SAVER,N/A
Letterheads,PRD-OB1THP9H,20000,0.2,1,100gsm Premium Smooth White Paper,Single Sided,301.32,1,273.93,2,246.54,4,N/A,N/A,0,5,13,30,0.2,A4,210,297,210,297,"{""Sets"":""1"",""Paper Type"":""100gsm Premium Smooth White Paper"",""Sides Printed"":""Single Sided""}",20/09/2021,Available,LET-516-570-657-518-EXPRESS,LET-516-570-657-518-STANDARD,LET-516-570-657-518-SAVER,N/A
Letterheads,PRD-OB1THP9H,25000,0.2,1,100gsm Premium Smooth White Paper,Single Sided,367.29,1,333.9,2,300.51,4,N/A,N/A,0,5,13,30,0.2,A4,210,297,210,297,"{""Sets"":""1"",""Paper Type"":""100gsm Premium Smooth White Paper"",""Sides Printed"":""Single Sided""}",20/09/2021,Available,LET-516-570-657-518-EXPRESS,LET-516-570-657-518-STANDARD,LET-516-570-657-518-SAVER,N/A
Letterheads,PRD-OB1THP9H,30000,0.2,1,100gsm Premium Smooth White Paper,Single Sided,475.31,1,432.1,2,388.89,4,N/A,N/A,0,5,13,30,0.2,A4,210,297,210,297,"{""Sets"":""1"",""Paper Type"":""100gsm Premium Smooth White Paper"",""Sides Printed"":""Single Sided""}",20/09/2021,Available,LET-516-570-657-518-EXPRESS,LET-516-570-657-518-STANDARD,LET-516-570-657-518-SAVER,N/A
Letterheads,PRD-OB1THP9H,35000,0.2,1,100gsm Premium Smooth White Paper,Single Sided,509.01,1,462.74,2,416.47,4,N/A,N/A,0,5,13,30,0.2,A4,210,297,210,297,"{""Sets"":""1"",""Paper Type"":""100gsm Premium Smooth White Paper"",""Sides Printed"":""Single Sided""}",20/09/2021,Available,LET-516-570-657-518-EXPRESS,LET-516-570-657-518-STANDARD,LET-516-570-657-518-SAVER,N/A
Letterheads,PRD-OB1THP9H,40000,0.2,1,100gsm Premium Smooth White Paper,Single Sided,593.24,1,539.31,2,485.38,4,N/A,N/A,0,5,13,30,0.2,A4,210,297,210,297,"{""Sets"":""1"",""Paper Type"":""100gsm Premium Smooth White Paper"",""Sides Printed"":""Single Sided""}",20/09/2021,Available,LET-516-570-657-518-EXPRESS,LET-516-570-657-518-STANDARD,LET-516-570-657-518-SAVER,N/A
Letterheads,PRD-OB1THP9H,45000,0.2,1,100gsm Premium Smooth White Paper,Single Sided,670.1,1,609.18,2,548.26,4,N/A,N/A,0,5,13,30,0.2,A4,210,297,210,297,"{""Sets"":""1"",""Paper Type"":""100gsm Premium Smooth White Paper"",""Sides Printed"":""Single Sided""}",20/09/2021,Available,LET-516-570-657-518-EXPRESS,LET-516-570-657-518-STANDARD,LET-516-570-657-518-SAVER,N/A
Letterheads,PRD-OB1THP9H,50000,0.2,1,100gsm Premium Smooth White Paper,Single Sided,754.32,1,685.75,2,617.18,4,N/A,N/A,0,5,13,30,0.2,A4,210,297,210,297,"{""Sets"":""1"",""Paper Type"":""100gsm Premium Smooth White Paper"",""Sides Printed"":""Single Sided""}",20/09/2021,Available,LET-516-570-657-518-EXPRESS,LET-516-570-657-518-STANDARD,LET-516-570-657-518-SAVER,N/A
Letterheads,PRD-OB1THP9H,55000,0.2,1,100gsm Premium Smooth White Paper,Single Sided,841.86,2,765.33,3,688.8,5,N/A,N/A,0,5,13,30,0.2,A4,210,297,210,297,"{""Sets"":""1"",""Paper Type"":""100gsm Premium Smooth White Paper"",""Sides Printed"":""Single Sided""}",20/09/2021,Available,LET-516-570-657-518-EXPRESS,LET-516-570-657-518-STANDARD,LET-516-570-657-518-SAVER,N/A
Letterheads,PRD-OB1THP9H,60000,0.2,1,100gsm Premium Smooth White Paper,Single Sided,920.76,2,837.05,3,753.34,5,N/A,N/A,0,5,13,30,0.2,A4,210,297,210,297,"{""Sets"":""1"",""Paper Type"":""100gsm Premium Smooth White Paper"",""Sides Printed"":""Single Sided""}",20/09/2021,Available,LET-516-570-657-518-EXPRESS,LET-516-570-657-518-STANDARD,LET-516-570-657-518-SAVER,N/A
Letterheads,PRD-OB1THP9H,65000,0.2,1,100gsm Premium Smooth White Paper,Single Sided,999.64,2,908.76,3,817.88,5,N/A,N/A,0,5,13,30,0.2,A4,210,297,210,297,"{""Sets"":""1"",""Paper Type"":""100gsm Premium Smooth White Paper"",""Sides Printed"":""Single Sided""}",20/09/2021,Available,LET-516-570-657-518-EXPRESS,LET-516-570-657-518-STANDARD,LET-516-570-657-518-SAVER,N/A
Letterheads,PRD-OB1THP9H,70000,0.2,1,100gsm Premium Smooth White Paper,Single Sided,1060.17,2,963.79,3,867.41,5,N/A,N/A,0,5,13,30,0.2,A4,210,297,210,297,"{""Sets"":""1"",""Paper Type"":""100gsm Premium Smooth White Paper"",""Sides Printed"":""Single Sided""}",20/09/2021,Available,LET-516-570-657-518-EXPRESS,LET-516-570-657-518-STANDARD,LET-516-570-657-518-SAVER,N/A
Letterheads,PRD-OB1THP9H,75000,0.2,1,100gsm Premium Smooth White Paper,Single Sided,1120.7,2,1018.82,3,916.94,5,N/A,N/A,0,5,13,30,0.2,A4,210,297,210,297,"{""Sets"":""1"",""Paper Type"":""100gsm Premium Smooth White Paper"",""Sides Printed"":""Single Sided""}",20/09/2021,Available,LET-516-570-657-518-EXPRESS,LET-516-570-657-518-STANDARD,LET-516-570-657-518-SAVER,N/A
Letterheads,PRD-OB1THP9H,80000,0.2,1,100gsm Premium Smooth White Paper,Single Sided,1181.24,2,1073.85,3,966.46,5,N/A,N/A,0,5,13,30,0.2,A4,210,297,210,297,"{""Sets"":""1"",""Paper Type"":""100gsm Premium Smooth White Paper"",""Sides Printed"":""Single Sided""}",20/09/2021,Available,LET-516-570-657-518-EXPRESS,LET-516-570-657-518-STANDARD,LET-516-570-657-518-SAVER,N/A
Letterheads,PRD-OB1THP9H,85000,0.2,1,100gsm Premium Smooth White Paper,Single Sided,1241.77,2,1128.88,3,1015.99,5,N/A,N/A,0,5,13,30,0.2,A4,210,297,210,297,"{""Sets"":""1"",""Paper Type"":""100gsm Premium Smooth White Paper"",""Sides Printed"":""Single Sided""}",20/09/2021,Available,LET-516-570-657-518-EXPRESS,LET-516-570-657-518-STANDARD,LET-516-570-657-518-SAVER,N/A
Letterheads,PRD-OB1THP9H,90000,0.2,1,100gsm Premium Smooth White Paper,Single Sided,1302.3,2,1183.91,3,1065.52,5,N/A,N/A,0,5,13,30,0.2,A4,210,297,210,297,"{""Sets"":""1"",""Paper Type"":""100gsm Premium Smooth White Paper"",""Sides Printed"":""Single Sided""}",20/09/2021,Available,LET-516-570-657-518-EXPRESS,LET-516-570-657-518-STANDARD,LET-516-570-657-518-SAVER,N/A
Letterheads,PRD-OB1THP9H,95000,0.2,1,100gsm Premium Smooth White Paper,Single Sided,1362.83,2,1238.94,3,1115.05,5,N/A,N/A,0,5,13,30,0.2,A4,210,297,210,297,"{""Sets"":""1"",""Paper Type"":""100gsm Premium Smooth White Paper"",""Sides Printed"":""Single Sided""}",20/09/2021,Available,LET-516-570-657-518-EXPRESS,LET-516-570-657-518-STANDARD,LET-516-570-657-518-SAVER,N/A
Letterheads,PRD-OB1THP9H,100000,0.2,1,100gsm Premium Smooth White Paper,Single Sided,1423.37,2,1293.97,3,1164.57,5,N/A,N/A,0,5,13,30,0.2,A4,210,297,210,297,"{""Sets"":""1"",""Paper Type"":""100gsm Premium Smooth White Paper"",""Sides Printed"":""Single Sided""}",20/09/2021,Available,LET-516-570-657-518-EXPRESS,LET-516-570-657-518-STANDARD,LET-516-570-657-518-SAVER,N/A
Letterheads,PRD-OB1THP9H,250,0.2,2,120gsm Premium Smooth White Paper,Double Sided,30.99,3,28.17,4,25.35,6,N/A,N/A,0,5,13,30,0.2,A4,210,297,210,297,"{""Sets"":""2"",""Paper Type"":""120gsm Premium Smooth White Paper"",""Sides Printed"":""Double Sided""}",20/09/2021,Available,LET-476-563-698-567-EXPRESS,LET-476-563-698-567-STANDARD,LET-476-563-698-567-SAVER,N/A
Letterheads,PRD-OB1THP9H,500,0.2,2,120gsm Premium Smooth White Paper,Double Sided,44.8,3,40.73,4,36.66,6,N/A,N/A,0,5,13,30,0.2,A4,210,297,210,297,"{""Sets"":""2"",""Paper Type"":""120gsm Premium Smooth White Paper"",""Sides Printed"":""Double Sided""}",20/09/2021,Available,LET-476-563-698-567-EXPRESS,LET-476-563-698-567-STANDARD,LET-476-563-698-567-SAVER,N/A
Letterheads,PRD-OB1THP9H,1000,0.2,2,120gsm Premium Smooth White Paper,Double Sided,61.42,3,55.84,4,50.26,6,N/A,N/A,0,5,13,30,0.2,A4,210,297,210,297,"{""Sets"":""2"",""Paper Type"":""120gsm Premium Smooth White Paper"",""Sides Printed"":""Double Sided""}",20/09/2021,Available,LET-476-563-698-567-EXPRESS,LET-476-563-698-567-STANDARD,LET-476-563-698-567-SAVER,N/A
Letterheads,PRD-OB1THP9H,2000,0.2,2,120gsm Premium Smooth White Paper,Double Sided,75.91,3,69.01,4,62.11,6,N/A,N/A,0,5,13,30,0.2,A4,210,297,210,297,"{""Sets"":""2"",""Paper Type"":""120gsm Premium Smooth White Paper"",""Sides Printed"":""Double Sided""}",20/09/2021,Available,LET-476-563-698-567-EXPRESS,LET-476-563-698-567-STANDARD,LET-476-563-698-567-SAVER,N/A
Letterheads,PRD-OB1THP9H,2500,0.2,2,120gsm Premium Smooth White Paper,Double Sided,76.87,3,69.88,4,62.89,6,N/A,N/A,0,5,13,30,0.2,A4,210,297,210,297,"{""Sets"":""2"",""Paper Type"":""120gsm Premium Smooth White Paper"",""Sides Printed"":""Double Sided""}",20/09/2021,Available,LET-476-563-698-567-EXPRESS,LET-476-563-698-567-STANDARD,LET-476-563-698-567-SAVER,N/A
Letterheads,PRD-OB1THP9H,5000,0.2,2,120gsm Premium Smooth White Paper,Double Sided,145.01,3,131.83,4,118.65,6,N/A,N/A,0,5,13,30,0.2,A4,210,297,210,297,"{""Sets"":""2"",""Paper Type"":""120gsm Premium Smooth White Paper"",""Sides Printed"":""Double Sided""}",20/09/2021,Available,LET-476-563-698-567-EXPRESS,LET-476-563-698-567-STANDARD,LET-476-563-698-567-SAVER,N/A
Letterheads,PRD-OB1THP9H,7500,0.2,2,120gsm Premium Smooth White Paper,Double Sided,198.11,3,180.1,4,162.09,6,N/A,N/A,0,5,13,30,0.2,A4,210,297,210,297,"{""Sets"":""2"",""Paper Type"":""120gsm Premium Smooth White Paper"",""Sides Printed"":""Double Sided""}",20/09/2021,Available,LET-476-563-698-567-EXPRESS,LET-476-563-698-567-STANDARD,LET-476-563-698-567-SAVER,N/A
Letterheads,PRD-OB1THP9H,10000,0.2,2,120gsm Premium Smooth White Paper,Double Sided,240.75,3,218.86,4,196.97,6,N/A,N/A,0,5,13,30,0.2,A4,210,297,210,297,"{""Sets"":""2"",""Paper Type"":""120gsm Premium Smooth White Paper"",""Sides Printed"":""Double Sided""}",20/09/2021,Available,LET-476-563-698-567-EXPRESS,LET-476-563-698-567-STANDARD,LET-476-563-698-567-SAVER,N/A
Letterheads,PRD-OB1THP9H,12500,0.2,2,120gsm Premium Smooth White Paper,Double Sided,323.86,3,294.42,4,264.98,6,N/A,N/A,0,5,13,30,0.2,A4,210,297,210,297,"{""Sets"":""2"",""Paper Type"":""120gsm Premium Smooth White Paper"",""Sides Printed"":""Double Sided""}",20/09/2021,Available,LET-476-563-698-567-EXPRESS,LET-476-563-698-567-STANDARD,LET-476-563-698-567-SAVER,N/A
Letterheads,PRD-OB1THP9H,15000,0.2,2,120gsm Premium Smooth White Paper,Double Sided,353.51,3,321.37,4,289.23,6,N/A,N/A,0,5,13,30,0.2,A4,210,297,210,297,"{""Sets"":""2"",""Paper Type"":""120gsm Premium Smooth White Paper"",""Sides Printed"":""Double Sided""}",20/09/2021,Available,LET-476-563-698-567-EXPRESS,LET-476-563-698-567-STANDARD,LET-476-563-698-567-SAVER,N/A
Letterheads,PRD-OB1THP9H,20000,0.2,2,120gsm Premium Smooth White Paper,Double Sided,455.44,3,414.04,4,372.64,6,N/A,N/A,0,5,13,30,0.2,A4,210,297,210,297,"{""Sets"":""2"",""Paper Type"":""120gsm Premium Smooth White Paper"",""Sides Printed"":""Double Sided""}",20/09/2021,Available,LET-476-563-698-567-EXPRESS,LET-476-563-698-567-STANDARD,LET-476-563-698-567-SAVER,N/A
Letterheads,PRD-OB1THP9H,25000,0.2,2,120gsm Premium Smooth White Paper,Double Sided,589.38,3,535.8,4,482.22,6,N/A,N/A,0,5,13,30,0.2,A4,210,297,210,297,"{""Sets"":""2"",""Paper Type"":""120gsm Premium Smooth White Paper"",""Sides Printed"":""Double Sided""}",20/09/2021,Available,LET-476-563-698-567-EXPRESS,LET-476-563-698-567-STANDARD,LET-476-563-698-567-SAVER,N/A
Letterheads,PRD-OB1THP9H,30000,0.2,2,120gsm Premium Smooth White Paper,Double Sided,631.18,3,573.8,4,516.42,6,N/A,N/A,0,5,13,30,0.2,A4,210,297,210,297,"{""Sets"":""2"",""Paper Type"":""120gsm Premium Smooth White Paper"",""Sides Printed"":""Double Sided""}",20/09/2021,Available,LET-476-563-698-567-EXPRESS,LET-476-563-698-567-STANDARD,LET-476-563-698-567-SAVER,N/A
Letterheads,PRD-OB1THP9H,35000,0.2,2,120gsm Premium Smooth White Paper,Double Sided,735.61,3,668.74,4,601.87,6,N/A,N/A,0,5,13,30,0.2,A4,210,297,210,297,"{""Sets"":""2"",""Paper Type"":""120gsm Premium Smooth White Paper"",""Sides Printed"":""Double Sided""}",20/09/2021,Available,LET-476-563-698-567-EXPRESS,LET-476-563-698-567-STANDARD,LET-476-563-698-567-SAVER,N/A
Letterheads,PRD-OB1THP9H,40000,0.2,2,120gsm Premium Smooth White Paper,Double Sided,830.92,3,755.38,4,679.84,6,N/A,N/A,0,5,13,30,0.2,A4,210,297,210,297,"{""Sets"":""2"",""Paper Type"":""120gsm Premium Smooth White Paper"",""Sides Printed"":""Double Sided""}",20/09/2021,Available,LET-476-563-698-567-EXPRESS,LET-476-563-698-567-STANDARD,LET-476-563-698-567-SAVER,N/A
Letterheads,PRD-OB1THP9H,45000,0.2,2,120gsm Premium Smooth White Paper,Double Sided,935.36,3,850.33,4,765.3,6,N/A,N/A,0,5,13,30,0.2,A4,210,297,210,297,"{""Sets"":""2"",""Paper Type"":""120gsm Premium Smooth White Paper"",""Sides Printed"":""Double Sided""}",20/09/2021,Available,LET-476-563-698-567-EXPRESS,LET-476-563-698-567-STANDARD,LET-476-563-698-567-SAVER,N/A
Letterheads,PRD-OB1THP9H,50000,0.2,2,120gsm Premium Smooth White Paper,Double Sided,1043.91,3,949.01,4,854.11,6,N/A,N/A,0,5,13,30,0.2,A4,210,297,210,297,"{""Sets"":""2"",""Paper Type"":""120gsm Premium Smooth White Paper"",""Sides Printed"":""Double Sided""}",20/09/2021,Available,LET-476-563-698-567-EXPRESS,LET-476-563-698-567-STANDARD,LET-476-563-698-567-SAVER,N/A
Letterheads,PRD-OB1THP9H,55000,0.2,2,120gsm Premium Smooth White Paper,Double Sided,1227.67,4,1116.06,5,1004.45,7,N/A,N/A,0,5,13,30,0.2,A4,210,297,210,297,"{""Sets"":""2"",""Paper Type"":""120gsm Premium Smooth White Paper"",""Sides Printed"":""Double Sided""}",20/09/2021,Available,LET-476-563-698-567-EXPRESS,LET-476-563-698-567-STANDARD,LET-476-563-698-567-SAVER,N/A
Letterheads,PRD-OB1THP9H,60000,0.2,2,120gsm Premium Smooth White Paper,Double Sided,1332.85,4,1211.68,5,1090.51,7,N/A,N/A,0,5,13,30,0.2,A4,210,297,210,297,"{""Sets"":""2"",""Paper Type"":""120gsm Premium Smooth White Paper"",""Sides Printed"":""Double Sided""}",20/09/2021,Available,LET-476-563-698-567-EXPRESS,LET-476-563-698-567-STANDARD,LET-476-563-698-567-SAVER,N/A
Letterheads,PRD-OB1THP9H,65000,0.2,2,120gsm Premium Smooth White Paper,Double Sided,1413.57,4,1285.06,5,1156.55,7,N/A,N/A,0,5,13,30,0.2,A4,210,297,210,297,"{""Sets"":""2"",""Paper Type"":""120gsm Premium Smooth White Paper"",""Sides Printed"":""Double Sided""}",20/09/2021,Available,LET-476-563-698-567-EXPRESS,LET-476-563-698-567-STANDARD,LET-476-563-698-567-SAVER,N/A
Letterheads,PRD-OB1THP9H,70000,0.2,2,120gsm Premium Smooth White Paper,Double Sided,1494.26,4,1358.42,5,1222.58,7,N/A,N/A,0,5,13,30,0.2,A4,210,297,210,297,"{""Sets"":""2"",""Paper Type"":""120gsm Premium Smooth White Paper"",""Sides Printed"":""Double Sided""}",20/09/2021,Available,LET-476-563-698-567-EXPRESS,LET-476-563-698-567-STANDARD,LET-476-563-698-567-SAVER,N/A
Letterheads,PRD-OB1THP9H,75000,0.2,2,120gsm Premium Smooth White Paper,Double Sided,1574.98,4,1431.8,5,1288.62,7,N/A,N/A,0,5,13,30,0.2,A4,210,297,210,297,"{""Sets"":""2"",""Paper Type"":""120gsm Premium Smooth White Paper"",""Sides Printed"":""Double Sided""}",20/09/2021,Available,LET-476-563-698-567-EXPRESS,LET-476-563-698-567-STANDARD,LET-476-563-698-567-SAVER,N/A
Letterheads,PRD-OB1THP9H,80000,0.2,2,120gsm Premium Smooth White Paper,Double Sided,1655.69,4,1505.17,5,1354.65,7,N/A,N/A,0,5,13,30,0.2,A4,210,297,210,297,"{""Sets"":""2"",""Paper Type"":""120gsm Premium Smooth White Paper"",""Sides Printed"":""Double Sided""}",20/09/2021,Available,LET-476-563-698-567-EXPRESS,LET-476-563-698-567-STANDARD,LET-476-563-698-567-SAVER,N/A
Letterheads,PRD-OB1THP9H,85000,0.2,2,120gsm Premium Smooth White Paper,Double Sided,1736.4,4,1578.55,5,1420.7,7,N/A,N/A,0,5,13,30,0.2,A4,210,297,210,297,"{""Sets"":""2"",""Paper Type"":""120gsm Premium Smooth White Paper"",""Sides Printed"":""Double Sided""}",20/09/2021,Available,LET-476-563-698-567-EXPRESS,LET-476-563-698-567-STANDARD,LET-476-563-698-567-SAVER,N/A
Letterheads,PRD-OB1THP9H,90000,0.2,2,120gsm Premium Smooth White Paper,Double Sided,1817.11,4,1651.92,5,1486.73,7,N/A,N/A,0,5,13,30,0.2,A4,210,297,210,297,"{""Sets"":""2"",""Paper Type"":""120gsm Premium Smooth White Paper"",""Sides Printed"":""Double Sided""}",20/09/2021,Available,LET-476-563-698-567-EXPRESS,LET-476-563-698-567-STANDARD,LET-476-563-698-567-SAVER,N/A
Letterheads,PRD-OB1THP9H,95000,0.2,2,120gsm Premium Smooth White Paper,Double Sided,1897.83,4,1725.3,5,1552.77,7,N/A,N/A,0,5,13,30,0.2,A4,210,297,210,297,"{""Sets"":""2"",""Paper Type"":""120gsm Premium Smooth White Paper"",""Sides Printed"":""Double Sided""}",20/09/2021,Available,LET-476-563-698-567-EXPRESS,LET-476-563-698-567-STANDARD,LET-476-563-698-567-SAVER,N/A
Letterheads,PRD-OB1THP9H,100000,0.2,2,120gsm Premium Smooth White Paper,Double Sided,1978.54,4,1798.67,5,1618.8,7,N/A,N/A,0,5,13,30,0.2,A4,210,297,210,297,"{""Sets"":""2"",""Paper Type"":""120gsm Premium Smooth White Paper"",""Sides Printed"":""Double Sided""}",20/09/2021,Available,LET-476-563-698-567-EXPRESS,LET-476-563-698-567-STANDARD,LET-476-563-698-567-SAVER,N/A
Letterheads,PRD-OB1THP9H,250,0.2,2,100gsm Premium Smooth White Paper,Double Sided,21.86,3,19.87,4,17.88,6,N/A,N/A,0,5,13,30,0.2,A4,210,297,210,297,"{""Sets"":""2"",""Paper Type"":""100gsm Premium Smooth White Paper"",""Sides Printed"":""Double Sided""}",20/09/2021,Available,LET-602-513-565-527-EXPRESS,LET-602-513-565-527-STANDARD,LET-602-513-565-527-SAVER,N/A
Letterheads,PRD-OB1THP9H,500,0.2,2,100gsm Premium Smooth White Paper,Double Sided,36.6,3,33.27,4,29.94,6,N/A,N/A,0,5,13,30,0.2,A4,210,297,210,297,"{""Sets"":""2"",""Paper Type"":""100gsm Premium Smooth White Paper"",""Sides Printed"":""Double Sided""}",20/09/2021,Available,LET-602-513-565-527-EXPRESS,LET-602-513-565-527-STANDARD,LET-602-513-565-527-SAVER,N/A
Letterheads,PRD-OB1THP9H,1000,0.2,2,100gsm Premium Smooth White Paper,Double Sided,53.31,3,48.46,4,43.61,6,N/A,N/A,0,5,13,30,0.2,A4,210,297,210,297,"{""Sets"":""2"",""Paper Type"":""100gsm Premium Smooth White Paper"",""Sides Printed"":""Double Sided""}",20/09/2021,Available,LET-602-513-565-527-EXPRESS,LET-602-513-565-527-STANDARD,LET-602-513-565-527-SAVER,N/A
Letterheads,PRD-OB1THP9H,2000,0.2,2,100gsm Premium Smooth White Paper,Double Sided,66.34,3,60.31,4,54.28,6,N/A,N/A,0,5,13,30,0.2,A4,210,297,210,297,"{""Sets"":""2"",""Paper Type"":""100gsm Premium Smooth White Paper"",""Sides Printed"":""Double Sided""}",20/09/2021,Available,LET-602-513-565-527-EXPRESS,LET-602-513-565-527-STANDARD,LET-602-513-565-527-SAVER,N/A
Letterheads,PRD-OB1THP9H,2500,0.2,2,100gsm Premium Smooth White Paper,Double Sided,63.39,3,57.63,4,51.87,6,N/A,N/A,0,5,13,30,0.2,A4,210,297,210,297,"{""Sets"":""2"",""Paper Type"":""100gsm Premium Smooth White Paper"",""Sides Printed"":""Double Sided""}",20/09/2021,Available,LET-602-513-565-527-EXPRESS,LET-602-513-565-527-STANDARD,LET-602-513-565-527-SAVER,N/A
Letterheads,PRD-OB1THP9H,5000,0.2,2,100gsm Premium Smooth White Paper,Double Sided,114.02,3,103.65,4,93.28,6,N/A,N/A,0,5,13,30,0.2,A4,210,297,210,297,"{""Sets"":""2"",""Paper Type"":""100gsm Premium Smooth White Paper"",""Sides Printed"":""Double Sided""}",20/09/2021,Available,LET-602-513-565-527-EXPRESS,LET-602-513-565-527-STANDARD,LET-602-513-565-527-SAVER,N/A
Letterheads,PRD-OB1THP9H,7500,0.2,2,100gsm Premium Smooth White Paper,Double Sided,156.3,3,142.09,4,127.88,6,N/A,N/A,0,5,13,30,0.2,A4,210,297,210,297,"{""Sets"":""2"",""Paper Type"":""100gsm Premium Smooth White Paper"",""Sides Printed"":""Double Sided""}",20/09/2021,Available,LET-602-513-565-527-EXPRESS,LET-602-513-565-527-STANDARD,LET-602-513-565-527-SAVER,N/A
Letterheads,PRD-OB1THP9H,10000,0.2,2,100gsm Premium Smooth White Paper,Double Sided,210.98,3,191.8,4,172.62,6,N/A,N/A,0,5,13,30,0.2,A4,210,297,210,297,"{""Sets"":""2"",""Paper Type"":""100gsm Premium Smooth White Paper"",""Sides Printed"":""Double Sided""}",20/09/2021,Available,LET-602-513-565-527-EXPRESS,LET-602-513-565-527-STANDARD,LET-602-513-565-527-SAVER,N/A
Letterheads,PRD-OB1THP9H,12500,0.2,2,100gsm Premium Smooth White Paper,Double Sided,313.42,3,284.93,4,256.44,6,N/A,N/A,0,5,13,30,0.2,A4,210,297,210,297,"{""Sets"":""2"",""Paper Type"":""100gsm Premium Smooth White Paper"",""Sides Printed"":""Double Sided""}",20/09/2021,Available,LET-602-513-565-527-EXPRESS,LET-602-513-565-527-STANDARD,LET-602-513-565-527-SAVER,N/A
Letterheads,PRD-OB1THP9H,15000,0.2,2,100gsm Premium Smooth White Paper,Double Sided,320.1,3,291,4,261.9,6,N/A,N/A,0,5,13,30,0.2,A4,210,297,210,297,"{""Sets"":""2"",""Paper Type"":""100gsm Premium Smooth White Paper"",""Sides Printed"":""Double Sided""}",20/09/2021,Available,LET-602-513-565-527-EXPRESS,LET-602-513-565-527-STANDARD,LET-602-513-565-527-SAVER,N/A
Letterheads,PRD-OB1THP9H,20000,0.2,2,100gsm Premium Smooth White Paper,Double Sided,418.75,3,380.68,4,342.61,6,N/A,N/A,0,5,13,30,0.2,A4,210,297,210,297,"{""Sets"":""2"",""Paper Type"":""100gsm Premium Smooth White Paper"",""Sides Printed"":""Double Sided""}",20/09/2021,Available,LET-602-513-565-527-EXPRESS,LET-602-513-565-527-STANDARD,LET-602-513-565-527-SAVER,N/A
Letterheads,PRD-OB1THP9H,25000,0.2,2,100gsm Premium Smooth White Paper,Double Sided,548.37,3,498.52,4,448.67,6,N/A,N/A,0,5,13,30,0.2,A4,210,297,210,297,"{""Sets"":""2"",""Paper Type"":""100gsm Premium Smooth White Paper"",""Sides Printed"":""Double Sided""}",20/09/2021,Available,LET-602-513-565-527-EXPRESS,LET-602-513-565-527-STANDARD,LET-602-513-565-527-SAVER,N/A
Letterheads,PRD-OB1THP9H,30000,0.2,2,100gsm Premium Smooth White Paper,Double Sided,588.83,3,535.3,4,481.77,6,N/A,N/A,0,5,13,30,0.2,A4,210,297,210,297,"{""Sets"":""2"",""Paper Type"":""100gsm Premium Smooth White Paper"",""Sides Printed"":""Double Sided""}",20/09/2021,Available,LET-602-513-565-527-EXPRESS,LET-602-513-565-527-STANDARD,LET-602-513-565-527-SAVER,N/A
Letterheads,PRD-OB1THP9H,35000,0.2,2,100gsm Premium Smooth White Paper,Double Sided,689.89,3,627.17,4,564.45,6,N/A,N/A,0,5,13,30,0.2,A4,210,297,210,297,"{""Sets"":""2"",""Paper Type"":""100gsm Premium Smooth White Paper"",""Sides Printed"":""Double Sided""}",20/09/2021,Available,LET-602-513-565-527-EXPRESS,LET-602-513-565-527-STANDARD,LET-602-513-565-527-SAVER,N/A
Letterheads,PRD-OB1THP9H,40000,0.2,2,100gsm Premium Smooth White Paper,Double Sided,782.12,3,711.02,4,639.92,6,N/A,N/A,0,5,13,30,0.2,A4,210,297,210,297,"{""Sets"":""2"",""Paper Type"":""100gsm Premium Smooth White Paper"",""Sides Printed"":""Double Sided""}",20/09/2021,Available,LET-602-513-565-527-EXPRESS,LET-602-513-565-527-STANDARD,LET-602-513-565-527-SAVER,N/A
Letterheads,PRD-OB1THP9H,45000,0.2,2,100gsm Premium Smooth White Paper,Double Sided,883.19,3,802.9,4,722.61,6,N/A,N/A,0,5,13,30,0.2,A4,210,297,210,297,"{""Sets"":""2"",""Paper Type"":""100gsm Premium Smooth White Paper"",""Sides Printed"":""Double Sided""}",20/09/2021,Available,LET-602-513-565-527-EXPRESS,LET-602-513-565-527-STANDARD,LET-602-513-565-527-SAVER,N/A
Letterheads,PRD-OB1THP9H,50000,0.2,2,100gsm Premium Smooth White Paper,Double Sided,988.24,3,898.4,4,808.56,6,N/A,N/A,0,5,13,30,0.2,A4,210,297,210,297,"{""Sets"":""2"",""Paper Type"":""100gsm Premium Smooth White Paper"",""Sides Printed"":""Double Sided""}",20/09/2021,Available,LET-602-513-565-527-EXPRESS,LET-602-513-565-527-STANDARD,LET-602-513-565-527-SAVER,N/A
Letterheads,PRD-OB1THP9H,55000,0.2,2,100gsm Premium Smooth White Paper,Double Sided,1104.9,4,1004.45,5,904,7,N/A,N/A,0,5,13,30,0.2,A4,210,297,210,297,"{""Sets"":""2"",""Paper Type"":""100gsm Premium Smooth White Paper"",""Sides Printed"":""Double Sided""}",20/09/2021,Available,LET-602-513-565-527-EXPRESS,LET-602-513-565-527-STANDARD,LET-602-513-565-527-SAVER,N/A
Letterheads,PRD-OB1THP9H,60000,0.2,2,100gsm Premium Smooth White Paper,Double Sided,1199.56,4,1090.51,5,981.46,7,N/A,N/A,0,5,13,30,0.2,A4,210,297,210,297,"{""Sets"":""2"",""Paper Type"":""100gsm Premium Smooth White Paper"",""Sides Printed"":""Double Sided""}",20/09/2021,Available,LET-602-513-565-527-EXPRESS,LET-602-513-565-527-STANDARD,LET-602-513-565-527-SAVER,N/A
Letterheads,PRD-OB1THP9H,65000,0.2,2,100gsm Premium Smooth White Paper,Double Sided,1272.2,4,1156.55,5,1040.9,7,N/A,N/A,0,5,13,30,0.2,A4,210,297,210,297,"{""Sets"":""2"",""Paper Type"":""100gsm Premium Smooth White Paper"",""Sides Printed"":""Double Sided""}",20/09/2021,Available,LET-602-513-565-527-EXPRESS,LET-602-513-565-527-STANDARD,LET-602-513-565-527-SAVER,N/A
Letterheads,PRD-OB1THP9H,70000,0.2,2,100gsm Premium Smooth White Paper,Double Sided,1344.84,4,1222.58,5,1100.32,7,N/A,N/A,0,5,13,30,0.2,A4,210,297,210,297,"{""Sets"":""2"",""Paper Type"":""100gsm Premium Smooth White Paper"",""Sides Printed"":""Double Sided""}",20/09/2021,Available,LET-602-513-565-527-EXPRESS,LET-602-513-565-527-STANDARD,LET-602-513-565-527-SAVER,N/A
Letterheads,PRD-OB1THP9H,75000,0.2,2,100gsm Premium Smooth White Paper,Double Sided,1417.48,4,1288.62,5,1159.76,7,N/A,N/A,0,5,13,30,0.2,A4,210,297,210,297,"{""Sets"":""2"",""Paper Type"":""100gsm Premium Smooth White Paper"",""Sides Printed"":""Double Sided""}",20/09/2021,Available,LET-602-513-565-527-EXPRESS,LET-602-513-565-527-STANDARD,LET-602-513-565-527-SAVER,N/A
Letterheads,PRD-OB1THP9H,80000,0.2,2,100gsm Premium Smooth White Paper,Double Sided,1490.12,4,1354.65,5,1219.19,7,N/A,N/A,0,5,13,30,0.2,A4,210,297,210,297,"{""Sets"":""2"",""Paper Type"":""100gsm Premium Smooth White Paper"",""Sides Printed"":""Double Sided""}",20/09/2021,Available,LET-602-513-565-527-EXPRESS,LET-602-513-565-527-STANDARD,LET-602-513-565-527-SAVER,N/A
Letterheads,PRD-OB1THP9H,85000,0.2,2,100gsm Premium Smooth White Paper,Double Sided,1562.77,4,1420.7,5,1278.63,7,N/A,N/A,0,5,13,30,0.2,A4,210,297,210,297,"{""Sets"":""2"",""Paper Type"":""100gsm Premium Smooth White Paper"",""Sides Printed"":""Double Sided""}",20/09/2021,Available,LET-602-513-565-527-EXPRESS,LET-602-513-565-527-STANDARD,LET-602-513-565-527-SAVER,N/A
Letterheads,PRD-OB1THP9H,90000,0.2,2,100gsm Premium Smooth White Paper,Double Sided,1635.4,4,1486.73,5,1338.06,7,N/A,N/A,0,5,13,30,0.2,A4,210,297,210,297,"{""Sets"":""2"",""Paper Type"":""100gsm Premium Smooth White Paper"",""Sides Printed"":""Double Sided""}",20/09/2021,Available,LET-602-513-565-527-EXPRESS,LET-602-513-565-527-STANDARD,LET-602-513-565-527-SAVER,N/A
Letterheads,PRD-OB1THP9H,95000,0.2,2,100gsm Premium Smooth White Paper,Double Sided,1708.05,4,1552.77,5,1397.49,7,N/A,N/A,0,5,13,30,0.2,A4,210,297,210,297,"{""Sets"":""2"",""Paper Type"":""100gsm Premium Smooth White Paper"",""Sides Printed"":""Double Sided""}",20/09/2021,Available,LET-602-513-565-527-EXPRESS,LET-602-513-565-527-STANDARD,LET-602-513-565-527-SAVER,N/A
Letterheads,PRD-OB1THP9H,100000,0.2,2,100gsm Premium Smooth White Paper,Double Sided,1780.68,4,1618.8,5,1456.92,7,N/A,N/A,0,5,13,30,0.2,A4,210,297,210,297,"{""Sets"":""2"",""Paper Type"":""100gsm Premium Smooth White Paper"",""Sides Printed"":""Double Sided""}",20/09/2021,Available,LET-602-513-565-527-EXPRESS,LET-602-513-565-527-STANDARD,LET-602-513-565-527-SAVER,N/A
