ProductName,ProductID,Quantity,Tax,Sets,Size,Paper Type,PriceExpress,Production Days Express,PriceStandard,Production Days Standard,PriceSaver,Production Days Saver,PriceSameday,Production Days Sameday,Price Just Print,Price File Check,Price File Check with Proofing,Price File Assist,Artwork Tax,Flat Width (mm),Flat Height (mm),Finished Width (mm),Finished Height (mm),productionDataJSON,updatedAt,Preflight,Express Sku,Standard Sku,Saver Sku,Same Day Sku
Long Run Posters,PRD-KAZOQNCF,250,0.2,1,A4,130gsm Art Paper Silk Finish,21.24,1,19.31,2,17.38,4,N/A,N/A,0,2.5,6.5,15,0.2,210,297,210,297,"{""Sets"":""1"",""Size"":""A4"",""Paper Type"":""130gsm Art Paper Silk Finish""}",20/09/2021,Available,LON-514-553-466-547-EXPRESS,LON-514-553-466-547-STANDARD,LON-514-553-466-547-SAVER,N/A
Long Run Posters,PRD-KAZOQNCF,500,0.2,1,A4,130gsm Art Paper Silk Finish,29.74,1,27.04,2,24.34,4,N/A,N/A,0,2.5,6.5,15,0.2,210,297,210,297,"{""Sets"":""1"",""Size"":""A4"",""Paper Type"":""130gsm Art Paper Silk Finish""}",20/09/2021,Available,LON-514-553-466-547-EXPRESS,LON-514-553-466-547-STANDARD,LON-514-553-466-547-SAVER,N/A
Long Run Posters,PRD-KAZOQNCF,250,0.2,1,A2,170gsm Art Paper Silk Finish,81.75,1,74.32,2,66.89,4,N/A,N/A,0,2.5,6.5,15,0.2,420,594,420,594,"{""Sets"":""1"",""Size"":""A2"",""Paper Type"":""170gsm Art Paper Silk Finish""}",20/09/2021,Available,LON-606-553-508-509-EXPRESS,LON-606-553-508-509-STANDARD,LON-606-553-508-509-SAVER,N/A
Long Run Posters,PRD-KAZOQNCF,500,0.2,1,A2,170gsm Art Paper Silk Finish,119.37,1,108.52,2,97.67,4,N/A,N/A,0,2.5,6.5,15,0.2,420,594,420,594,"{""Sets"":""1"",""Size"":""A2"",""Paper Type"":""170gsm Art Paper Silk Finish""}",20/09/2021,Available,LON-606-553-508-509-EXPRESS,LON-606-553-508-509-STANDARD,LON-606-553-508-509-SAVER,N/A
Long Run Posters,PRD-KAZOQNCF,250,0.2,1,A3,170gsm Art Paper Silk Finish,31.53,1,28.66,2,25.79,4,N/A,N/A,0,2.5,6.5,15,0.2,297,420,297,420,"{""Sets"":""1"",""Size"":""A3"",""Paper Type"":""170gsm Art Paper Silk Finish""}",20/09/2021,Available,LON-412-574-554-561-EXPRESS,LON-412-574-554-561-STANDARD,LON-412-574-554-561-SAVER,N/A
Long Run Posters,PRD-KAZOQNCF,500,0.2,1,A3,170gsm Art Paper Silk Finish,49.56,1,45.05,2,40.54,4,N/A,N/A,0,2.5,6.5,15,0.2,297,420,297,420,"{""Sets"":""1"",""Size"":""A3"",""Paper Type"":""170gsm Art Paper Silk Finish""}",20/09/2021,Available,LON-412-574-554-561-EXPRESS,LON-412-574-554-561-STANDARD,LON-412-574-554-561-SAVER,N/A
Long Run Posters,PRD-KAZOQNCF,250,0.2,2,A3,130gsm Art Paper Silk Finish,59.49,1,54.08,2,48.67,4,N/A,N/A,0,2.5,6.5,15,0.2,297,420,297,420,"{""Sets"":""2"",""Size"":""A3"",""Paper Type"":""130gsm Art Paper Silk Finish""}",20/09/2021,Available,LON-613-601-611-511-EXPRESS,LON-613-601-611-511-STANDARD,LON-613-601-611-511-SAVER,N/A
Long Run Posters,PRD-KAZOQNCF,500,0.2,2,A3,130gsm Art Paper Silk Finish,93.5,1,85,2,76.5,4,N/A,N/A,0,2.5,6.5,15,0.2,297,420,297,420,"{""Sets"":""2"",""Size"":""A3"",""Paper Type"":""130gsm Art Paper Silk Finish""}",20/09/2021,Available,LON-613-601-611-511-EXPRESS,LON-613-601-611-511-STANDARD,LON-613-601-611-511-SAVER,N/A
Long Run Posters,PRD-KAZOQNCF,250,0.2,1,A1,130gsm Art Paper Gloss Finish,116.93,1,106.3,2,95.67,4,N/A,N/A,0,2.5,6.5,15,0.2,594,841,594,841,"{""Sets"":""1"",""Size"":""A1"",""Paper Type"":""130gsm Art Paper Gloss Finish""}",20/09/2021,Available,LON-612-568-563-654-EXPRESS,LON-612-568-563-654-STANDARD,LON-612-568-563-654-SAVER,N/A
Long Run Posters,PRD-KAZOQNCF,500,0.2,1,A1,130gsm Art Paper Gloss Finish,154.15,1,140.14,2,126.13,4,N/A,N/A,0,2.5,6.5,15,0.2,594,841,594,841,"{""Sets"":""1"",""Size"":""A1"",""Paper Type"":""130gsm Art Paper Gloss Finish""}",20/09/2021,Available,LON-612-568-563-654-EXPRESS,LON-612-568-563-654-STANDARD,LON-612-568-563-654-SAVER,N/A
Long Run Posters,PRD-KAZOQNCF,250,0.2,1,A4,130gsm Art Paper Gloss Finish,21.24,1,19.31,2,17.38,4,N/A,N/A,0,2.5,6.5,15,0.2,210,297,210,297,"{""Sets"":""1"",""Size"":""A4"",""Paper Type"":""130gsm Art Paper Gloss Finish""}",20/09/2021,Available,LON-506-547-568-504-EXPRESS,LON-506-547-568-504-STANDARD,LON-506-547-568-504-SAVER,N/A
Long Run Posters,PRD-KAZOQNCF,500,0.2,1,A4,130gsm Art Paper Gloss Finish,29.74,1,27.04,2,24.34,4,N/A,N/A,0,2.5,6.5,15,0.2,210,297,210,297,"{""Sets"":""1"",""Size"":""A4"",""Paper Type"":""130gsm Art Paper Gloss Finish""}",20/09/2021,Available,LON-506-547-568-504-EXPRESS,LON-506-547-568-504-STANDARD,LON-506-547-568-504-SAVER,N/A
Long Run Posters,PRD-KAZOQNCF,250,0.2,2,A2,170gsm Art Paper Gloss Finish,163.52,1,148.65,2,133.78,4,N/A,N/A,0,2.5,6.5,15,0.2,420,594,420,594,"{""Sets"":""2"",""Size"":""A2"",""Paper Type"":""170gsm Art Paper Gloss Finish""}",20/09/2021,Available,LON-605-604-503-501-EXPRESS,LON-605-604-503-501-STANDARD,LON-605-604-503-501-SAVER,N/A
Long Run Posters,PRD-KAZOQNCF,500,0.2,2,A2,170gsm Art Paper Gloss Finish,238.73,1,217.03,2,195.33,4,N/A,N/A,0,2.5,6.5,15,0.2,420,594,420,594,"{""Sets"":""2"",""Size"":""A2"",""Paper Type"":""170gsm Art Paper Gloss Finish""}",20/09/2021,Available,LON-605-604-503-501-EXPRESS,LON-605-604-503-501-STANDARD,LON-605-604-503-501-SAVER,N/A
Long Run Posters,PRD-KAZOQNCF,250,0.2,2,A2,130gsm Art Paper Gloss Finish,136.26,1,123.87,2,111.48,4,N/A,N/A,0,2.5,6.5,15,0.2,420,594,420,594,"{""Sets"":""2"",""Size"":""A2"",""Paper Type"":""130gsm Art Paper Gloss Finish""}",20/09/2021,Available,LON-501-604-707-603-EXPRESS,LON-501-604-707-603-STANDARD,LON-501-604-707-603-SAVER,N/A
Long Run Posters,PRD-KAZOQNCF,500,0.2,2,A2,130gsm Art Paper Gloss Finish,198.95,1,180.86,2,162.77,4,N/A,N/A,0,2.5,6.5,15,0.2,420,594,420,594,"{""Sets"":""2"",""Size"":""A2"",""Paper Type"":""130gsm Art Paper Gloss Finish""}",20/09/2021,Available,LON-501-604-707-603-EXPRESS,LON-501-604-707-603-STANDARD,LON-501-604-707-603-SAVER,N/A
Long Run Posters,PRD-KAZOQNCF,250,0.2,2,A4,130gsm Art Paper Gloss Finish,42.48,1,38.62,2,34.76,4,N/A,N/A,0,2.5,6.5,15,0.2,210,297,210,297,"{""Sets"":""2"",""Size"":""A4"",""Paper Type"":""130gsm Art Paper Gloss Finish""}",20/09/2021,Available,LON-568-511-471-657-EXPRESS,LON-568-511-471-657-STANDARD,LON-568-511-471-657-SAVER,N/A
Long Run Posters,PRD-KAZOQNCF,500,0.2,2,A4,130gsm Art Paper Gloss Finish,59.49,1,54.08,2,48.67,4,N/A,N/A,0,2.5,6.5,15,0.2,210,297,210,297,"{""Sets"":""2"",""Size"":""A4"",""Paper Type"":""130gsm Art Paper Gloss Finish""}",20/09/2021,Available,LON-568-511-471-657-EXPRESS,LON-568-511-471-657-STANDARD,LON-568-511-471-657-SAVER,N/A
Long Run Posters,PRD-KAZOQNCF,250,0.2,2,A4,130gsm Art Paper Silk Finish,42.48,1,38.62,2,34.76,4,N/A,N/A,0,2.5,6.5,15,0.2,210,297,210,297,"{""Sets"":""2"",""Size"":""A4"",""Paper Type"":""130gsm Art Paper Silk Finish""}",20/09/2021,Available,LON-518-518-572-458-EXPRESS,LON-518-518-572-458-STANDARD,LON-518-518-572-458-SAVER,N/A
Long Run Posters,PRD-KAZOQNCF,500,0.2,2,A4,130gsm Art Paper Silk Finish,59.49,1,54.08,2,48.67,4,N/A,N/A,0,2.5,6.5,15,0.2,210,297,210,297,"{""Sets"":""2"",""Size"":""A4"",""Paper Type"":""130gsm Art Paper Silk Finish""}",20/09/2021,Available,LON-518-518-572-458-EXPRESS,LON-518-518-572-458-STANDARD,LON-518-518-572-458-SAVER,N/A
Long Run Posters,PRD-KAZOQNCF,250,0.2,2,A3,130gsm Art Paper Gloss Finish,59.49,1,54.08,2,48.67,4,N/A,N/A,0,2.5,6.5,15,0.2,297,420,297,420,"{""Sets"":""2"",""Size"":""A3"",""Paper Type"":""130gsm Art Paper Gloss Finish""}",20/09/2021,Available,LON-507-564-608-604-EXPRESS,LON-507-564-608-604-STANDARD,LON-507-564-608-604-SAVER,N/A
Long Run Posters,PRD-KAZOQNCF,500,0.2,2,A3,130gsm Art Paper Gloss Finish,93.5,1,85,2,76.5,4,N/A,N/A,0,2.5,6.5,15,0.2,297,420,297,420,"{""Sets"":""2"",""Size"":""A3"",""Paper Type"":""130gsm Art Paper Gloss Finish""}",20/09/2021,Available,LON-507-564-608-604-EXPRESS,LON-507-564-608-604-STANDARD,LON-507-564-608-604-SAVER,N/A
Long Run Posters,PRD-KAZOQNCF,250,0.2,1,A4,170gsm Art Paper Silk Finish,22.51,1,20.46,2,18.41,4,N/A,N/A,0,2.5,6.5,15,0.2,210,297,210,297,"{""Sets"":""1"",""Size"":""A4"",""Paper Type"":""170gsm Art Paper Silk Finish""}",20/09/2021,Available,LON-600-566-485-605-EXPRESS,LON-600-566-485-605-STANDARD,LON-600-566-485-605-SAVER,N/A
Long Run Posters,PRD-KAZOQNCF,500,0.2,1,A4,170gsm Art Paper Silk Finish,31.53,1,28.66,2,25.79,4,N/A,N/A,0,2.5,6.5,15,0.2,210,297,210,297,"{""Sets"":""1"",""Size"":""A4"",""Paper Type"":""170gsm Art Paper Silk Finish""}",20/09/2021,Available,LON-600-566-485-605-EXPRESS,LON-600-566-485-605-STANDARD,LON-600-566-485-605-SAVER,N/A
Long Run Posters,PRD-KAZOQNCF,250,0.2,1,A1,170gsm Art Paper Gloss Finish,134.48,1,122.25,2,110.02,4,N/A,N/A,0,2.5,6.5,15,0.2,594,841,594,841,"{""Sets"":""1"",""Size"":""A1"",""Paper Type"":""170gsm Art Paper Gloss Finish""}",20/09/2021,Available,LON-600-699-611-606-EXPRESS,LON-600-699-611-606-STANDARD,LON-600-699-611-606-SAVER,N/A
Long Run Posters,PRD-KAZOQNCF,500,0.2,1,A1,170gsm Art Paper Gloss Finish,177.28,1,161.16,2,145.04,4,N/A,N/A,0,2.5,6.5,15,0.2,594,841,594,841,"{""Sets"":""1"",""Size"":""A1"",""Paper Type"":""170gsm Art Paper Gloss Finish""}",20/09/2021,Available,LON-600-699-611-606-EXPRESS,LON-600-699-611-606-STANDARD,LON-600-699-611-606-SAVER,N/A
Long Run Posters,PRD-KAZOQNCF,250,0.2,1,A2,170gsm Art Paper Gloss Finish,81.75,1,74.32,2,66.89,4,N/A,N/A,0,2.5,6.5,15,0.2,420,594,420,594,"{""Sets"":""1"",""Size"":""A2"",""Paper Type"":""170gsm Art Paper Gloss Finish""}",20/09/2021,Available,LON-546-606-520-557-EXPRESS,LON-546-606-520-557-STANDARD,LON-546-606-520-557-SAVER,N/A
Long Run Posters,PRD-KAZOQNCF,500,0.2,1,A2,170gsm Art Paper Gloss Finish,119.37,1,108.52,2,97.67,4,N/A,N/A,0,2.5,6.5,15,0.2,420,594,420,594,"{""Sets"":""1"",""Size"":""A2"",""Paper Type"":""170gsm Art Paper Gloss Finish""}",20/09/2021,Available,LON-546-606-520-557-EXPRESS,LON-546-606-520-557-STANDARD,LON-546-606-520-557-SAVER,N/A
Long Run Posters,PRD-KAZOQNCF,250,0.2,1,A2,130gsm Art Paper Gloss Finish,68.13,1,61.94,2,55.75,4,N/A,N/A,0,2.5,6.5,15,0.2,420,594,420,594,"{""Sets"":""1"",""Size"":""A2"",""Paper Type"":""130gsm Art Paper Gloss Finish""}",20/09/2021,Available,LON-560-744-556-609-EXPRESS,LON-560-744-556-609-STANDARD,LON-560-744-556-609-SAVER,N/A
Long Run Posters,PRD-KAZOQNCF,500,0.2,1,A2,130gsm Art Paper Gloss Finish,99.47,1,90.43,2,81.39,4,N/A,N/A,0,2.5,6.5,15,0.2,420,594,420,594,"{""Sets"":""1"",""Size"":""A2"",""Paper Type"":""130gsm Art Paper Gloss Finish""}",20/09/2021,Available,LON-560-744-556-609-EXPRESS,LON-560-744-556-609-STANDARD,LON-560-744-556-609-SAVER,N/A
Long Run Posters,PRD-KAZOQNCF,250,0.2,2,A2,130gsm Art Paper Silk Finish,136.26,1,123.87,2,111.48,4,N/A,N/A,0,2.5,6.5,15,0.2,420,594,420,594,"{""Sets"":""2"",""Size"":""A2"",""Paper Type"":""130gsm Art Paper Silk Finish""}",20/09/2021,Available,LON-647-606-526-464-EXPRESS,LON-647-606-526-464-STANDARD,LON-647-606-526-464-SAVER,N/A
Long Run Posters,PRD-KAZOQNCF,500,0.2,2,A2,130gsm Art Paper Silk Finish,198.95,1,180.86,2,162.77,4,N/A,N/A,0,2.5,6.5,15,0.2,420,594,420,594,"{""Sets"":""2"",""Size"":""A2"",""Paper Type"":""130gsm Art Paper Silk Finish""}",20/09/2021,Available,LON-647-606-526-464-EXPRESS,LON-647-606-526-464-STANDARD,LON-647-606-526-464-SAVER,N/A
Long Run Posters,PRD-KAZOQNCF,250,0.2,1,A2,130gsm Art Paper Silk Finish,68.13,1,61.94,2,55.75,4,N/A,N/A,0,2.5,6.5,15,0.2,420,594,420,594,"{""Sets"":""1"",""Size"":""A2"",""Paper Type"":""130gsm Art Paper Silk Finish""}",20/09/2021,Available,LON-466-561-507-554-EXPRESS,LON-466-561-507-554-STANDARD,LON-466-561-507-554-SAVER,N/A
Long Run Posters,PRD-KAZOQNCF,500,0.2,1,A2,130gsm Art Paper Silk Finish,99.47,1,90.43,2,81.39,4,N/A,N/A,0,2.5,6.5,15,0.2,420,594,420,594,"{""Sets"":""1"",""Size"":""A2"",""Paper Type"":""130gsm Art Paper Silk Finish""}",20/09/2021,Available,LON-466-561-507-554-EXPRESS,LON-466-561-507-554-STANDARD,LON-466-561-507-554-SAVER,N/A
Long Run Posters,PRD-KAZOQNCF,250,0.2,2,A4,170gsm Art Paper Gloss Finish,45.01,1,40.92,2,36.83,4,N/A,N/A,0,2.5,6.5,15,0.2,210,297,210,297,"{""Sets"":""2"",""Size"":""A4"",""Paper Type"":""170gsm Art Paper Gloss Finish""}",20/09/2021,Available,LON-650-552-505-457-EXPRESS,LON-650-552-505-457-STANDARD,LON-650-552-505-457-SAVER,N/A
Long Run Posters,PRD-KAZOQNCF,500,0.2,2,A4,170gsm Art Paper Gloss Finish,63.05,1,57.32,2,51.59,4,N/A,N/A,0,2.5,6.5,15,0.2,210,297,210,297,"{""Sets"":""2"",""Size"":""A4"",""Paper Type"":""170gsm Art Paper Gloss Finish""}",20/09/2021,Available,LON-650-552-505-457-EXPRESS,LON-650-552-505-457-STANDARD,LON-650-552-505-457-SAVER,N/A
Long Run Posters,PRD-KAZOQNCF,250,0.2,2,A3,170gsm Art Paper Gloss Finish,63.05,1,57.32,2,51.59,4,N/A,N/A,0,2.5,6.5,15,0.2,297,420,297,420,"{""Sets"":""2"",""Size"":""A3"",""Paper Type"":""170gsm Art Paper Gloss Finish""}",20/09/2021,Available,LON-452-553-503-554-EXPRESS,LON-452-553-503-554-STANDARD,LON-452-553-503-554-SAVER,N/A
Long Run Posters,PRD-KAZOQNCF,500,0.2,2,A3,170gsm Art Paper Gloss Finish,99.11,1,90.1,2,81.09,4,N/A,N/A,0,2.5,6.5,15,0.2,297,420,297,420,"{""Sets"":""2"",""Size"":""A3"",""Paper Type"":""170gsm Art Paper Gloss Finish""}",20/09/2021,Available,LON-452-553-503-554-EXPRESS,LON-452-553-503-554-STANDARD,LON-452-553-503-554-SAVER,N/A
Long Run Posters,PRD-KAZOQNCF,250,0.2,2,A2,170gsm Art Paper Silk Finish,163.52,1,148.65,2,133.78,4,N/A,N/A,0,2.5,6.5,15,0.2,420,594,420,594,"{""Sets"":""2"",""Size"":""A2"",""Paper Type"":""170gsm Art Paper Silk Finish""}",20/09/2021,Available,LON-528-472-417-515-EXPRESS,LON-528-472-417-515-STANDARD,LON-528-472-417-515-SAVER,N/A
Long Run Posters,PRD-KAZOQNCF,500,0.2,2,A2,170gsm Art Paper Silk Finish,238.73,1,217.03,2,195.33,4,N/A,N/A,0,2.5,6.5,15,0.2,420,594,420,594,"{""Sets"":""2"",""Size"":""A2"",""Paper Type"":""170gsm Art Paper Silk Finish""}",20/09/2021,Available,LON-528-472-417-515-EXPRESS,LON-528-472-417-515-STANDARD,LON-528-472-417-515-SAVER,N/A
Long Run Posters,PRD-KAZOQNCF,250,0.2,1,A4,170gsm Art Paper Gloss Finish,22.51,1,20.46,2,18.41,4,N/A,N/A,0,2.5,6.5,15,0.2,210,297,210,297,"{""Sets"":""1"",""Size"":""A4"",""Paper Type"":""170gsm Art Paper Gloss Finish""}",20/09/2021,Available,LON-562-608-522-696-EXPRESS,LON-562-608-522-696-STANDARD,LON-562-608-522-696-SAVER,N/A
Long Run Posters,PRD-KAZOQNCF,500,0.2,1,A4,170gsm Art Paper Gloss Finish,31.53,1,28.66,2,25.79,4,N/A,N/A,0,2.5,6.5,15,0.2,210,297,210,297,"{""Sets"":""1"",""Size"":""A4"",""Paper Type"":""170gsm Art Paper Gloss Finish""}",20/09/2021,Available,LON-562-608-522-696-EXPRESS,LON-562-608-522-696-STANDARD,LON-562-608-522-696-SAVER,N/A
Long Run Posters,PRD-KAZOQNCF,250,0.2,2,A4,170gsm Art Paper Silk Finish,45.01,1,40.92,2,36.83,4,N/A,N/A,0,2.5,6.5,15,0.2,210,297,210,297,"{""Sets"":""2"",""Size"":""A4"",""Paper Type"":""170gsm Art Paper Silk Finish""}",20/09/2021,Available,LON-608-471-605-615-EXPRESS,LON-608-471-605-615-STANDARD,LON-608-471-605-615-SAVER,N/A
Long Run Posters,PRD-KAZOQNCF,500,0.2,2,A4,170gsm Art Paper Silk Finish,63.05,1,57.32,2,51.59,4,N/A,N/A,0,2.5,6.5,15,0.2,210,297,210,297,"{""Sets"":""2"",""Size"":""A4"",""Paper Type"":""170gsm Art Paper Silk Finish""}",20/09/2021,Available,LON-608-471-605-615-EXPRESS,LON-608-471-605-615-STANDARD,LON-608-471-605-615-SAVER,N/A
Long Run Posters,PRD-KAZOQNCF,250,0.2,1,A3,130gsm Art Paper Gloss Finish,29.74,1,27.04,2,24.34,4,N/A,N/A,0,2.5,6.5,15,0.2,297,420,297,420,"{""Sets"":""1"",""Size"":""A3"",""Paper Type"":""130gsm Art Paper Gloss Finish""}",20/09/2021,Available,LON-514-623-598-563-EXPRESS,LON-514-623-598-563-STANDARD,LON-514-623-598-563-SAVER,N/A
Long Run Posters,PRD-KAZOQNCF,500,0.2,1,A3,130gsm Art Paper Gloss Finish,46.75,1,42.5,2,38.25,4,N/A,N/A,0,2.5,6.5,15,0.2,297,420,297,420,"{""Sets"":""1"",""Size"":""A3"",""Paper Type"":""130gsm Art Paper Gloss Finish""}",20/09/2021,Available,LON-514-623-598-563-EXPRESS,LON-514-623-598-563-STANDARD,LON-514-623-598-563-SAVER,N/A
Long Run Posters,PRD-KAZOQNCF,250,0.2,1,A1,170gsm Art Paper Silk Finish,134.48,1,122.25,2,110.02,4,N/A,N/A,0,2.5,6.5,15,0.2,594,841,594,841,"{""Sets"":""1"",""Size"":""A1"",""Paper Type"":""170gsm Art Paper Silk Finish""}",20/09/2021,Available,LON-510-657-471-597-EXPRESS,LON-510-657-471-597-STANDARD,LON-510-657-471-597-SAVER,N/A
Long Run Posters,PRD-KAZOQNCF,500,0.2,1,A1,170gsm Art Paper Silk Finish,177.28,1,161.16,2,145.04,4,N/A,N/A,0,2.5,6.5,15,0.2,594,841,594,841,"{""Sets"":""1"",""Size"":""A1"",""Paper Type"":""170gsm Art Paper Silk Finish""}",20/09/2021,Available,LON-510-657-471-597-EXPRESS,LON-510-657-471-597-STANDARD,LON-510-657-471-597-SAVER,N/A
Long Run Posters,PRD-KAZOQNCF,250,0.2,1,A3,130gsm Art Paper Silk Finish,29.74,1,27.04,2,24.34,4,N/A,N/A,0,2.5,6.5,15,0.2,297,420,297,420,"{""Sets"":""1"",""Size"":""A3"",""Paper Type"":""130gsm Art Paper Silk Finish""}",20/09/2021,Available,LON-505-521-516-575-EXPRESS,LON-505-521-516-575-STANDARD,LON-505-521-516-575-SAVER,N/A
Long Run Posters,PRD-KAZOQNCF,500,0.2,1,A3,130gsm Art Paper Silk Finish,46.75,1,42.5,2,38.25,4,N/A,N/A,0,2.5,6.5,15,0.2,297,420,297,420,"{""Sets"":""1"",""Size"":""A3"",""Paper Type"":""130gsm Art Paper Silk Finish""}",20/09/2021,Available,LON-505-521-516-575-EXPRESS,LON-505-521-516-575-STANDARD,LON-505-521-516-575-SAVER,N/A
Long Run Posters,PRD-KAZOQNCF,250,0.2,2,A3,170gsm Art Paper Silk Finish,63.05,1,57.32,2,51.59,4,N/A,N/A,0,2.5,6.5,15,0.2,297,420,297,420,"{""Sets"":""2"",""Size"":""A3"",""Paper Type"":""170gsm Art Paper Silk Finish""}",20/09/2021,Available,LON-613-522-559-659-EXPRESS,LON-613-522-559-659-STANDARD,LON-613-522-559-659-SAVER,N/A
Long Run Posters,PRD-KAZOQNCF,500,0.2,2,A3,170gsm Art Paper Silk Finish,99.11,1,90.1,2,81.09,4,N/A,N/A,0,2.5,6.5,15,0.2,297,420,297,420,"{""Sets"":""2"",""Size"":""A3"",""Paper Type"":""170gsm Art Paper Silk Finish""}",20/09/2021,Available,LON-613-522-559-659-EXPRESS,LON-613-522-559-659-STANDARD,LON-613-522-559-659-SAVER,N/A
Long Run Posters,PRD-KAZOQNCF,250,0.2,1,A1,130gsm Art Paper Silk Finish,116.93,1,106.3,2,95.67,4,N/A,N/A,0,2.5,6.5,15,0.2,594,841,594,841,"{""Sets"":""1"",""Size"":""A1"",""Paper Type"":""130gsm Art Paper Silk Finish""}",20/09/2021,Available,LON-505-508-560-565-EXPRESS,LON-505-508-560-565-STANDARD,LON-505-508-560-565-SAVER,N/A
Long Run Posters,PRD-KAZOQNCF,500,0.2,1,A1,130gsm Art Paper Silk Finish,154.15,1,140.14,2,126.13,4,N/A,N/A,0,2.5,6.5,15,0.2,594,841,594,841,"{""Sets"":""1"",""Size"":""A1"",""Paper Type"":""130gsm Art Paper Silk Finish""}",20/09/2021,Available,LON-505-508-560-565-EXPRESS,LON-505-508-560-565-STANDARD,LON-505-508-560-565-SAVER,N/A
Long Run Posters,PRD-KAZOQNCF,250,0.2,1,A3,170gsm Art Paper Gloss Finish,31.53,1,28.66,2,25.79,4,N/A,N/A,0,2.5,6.5,15,0.2,297,420,297,420,"{""Sets"":""1"",""Size"":""A3"",""Paper Type"":""170gsm Art Paper Gloss Finish""}",20/09/2021,Available,LON-477-607-563-608-EXPRESS,LON-477-607-563-608-STANDARD,LON-477-607-563-608-SAVER,N/A
Long Run Posters,PRD-KAZOQNCF,500,0.2,1,A3,170gsm Art Paper Gloss Finish,49.56,1,45.05,2,40.54,4,N/A,N/A,0,2.5,6.5,15,0.2,297,420,297,420,"{""Sets"":""1"",""Size"":""A3"",""Paper Type"":""170gsm Art Paper Gloss Finish""}",20/09/2021,Available,LON-477-607-563-608-EXPRESS,LON-477-607-563-608-STANDARD,LON-477-607-563-608-SAVER,N/A
