ProductName,ProductID,Quantity,Tax,Size,Eyelets,Hemming,Material,PriceExpress,Production Days Express,PriceStandard,Production Days Standard,PriceSaver,Production Days Saver,PriceSameday,Production Days Sameday,Price Just Print,Price File Check,Price File Check with Proofing,Price File Assist,Artwork Tax,Flat Width (mm),Flat Height (mm),Finished Width (mm),Finished Height (mm),productionDataJSON,updatedAt,Preflight,Express Sku,Standard Sku,Saver Sku,Same Day Sku
Mesh Banners,PRD-TVUKX7AL,1,0.2,4m x 1m,Metal Eyelets,Hemmed Edges,325gsm Mesh,56.48,1,51.35,2,46.22,4,N/A,N/A,0,2.5,6.5,15,0.2,4000,1000,,,"{""Size"":""4m x 1m"",""Eyelets"":""Metal Eyelets"",""Hemming"":""Hemmed Edges"",""Material"":""325gsm Mesh""}",22/07/2022,N/A,MES-527-515-564-614-EXPRESS,MES-527-515-564-614-STANDARD,MES-527-515-564-614-SAVER,N/A
Mesh Banners,PRD-TVUKX7AL,3,0.2,4m x 1m,Metal Eyelets,Hemmed Edges,325gsm Mesh,151.66,1,137.87,2,124.08,4,N/A,N/A,0,2.5,6.5,15,0.2,4000,1000,,,"{""Size"":""4m x 1m"",""Eyelets"":""Metal Eyelets"",""Hemming"":""Hemmed Edges"",""Material"":""325gsm Mesh""}",22/07/2022,N/A,MES-527-515-564-614-EXPRESS,MES-527-515-564-614-STANDARD,MES-527-515-564-614-SAVER,N/A
Mesh Banners,PRD-TVUKX7AL,5,0.2,4m x 1m,Metal Eyelets,Hemmed Edges,325gsm Mesh,246.83,1,224.39,2,201.95,4,N/A,N/A,0,2.5,6.5,15,0.2,4000,1000,,,"{""Size"":""4m x 1m"",""Eyelets"":""Metal Eyelets"",""Hemming"":""Hemmed Edges"",""Material"":""325gsm Mesh""}",22/07/2022,N/A,MES-527-515-564-614-EXPRESS,MES-527-515-564-614-STANDARD,MES-527-515-564-614-SAVER,N/A
Mesh Banners,PRD-TVUKX7AL,10,0.2,4m x 1m,Metal Eyelets,Hemmed Edges,325gsm Mesh,484.76,1,440.69,2,396.62,4,N/A,N/A,0,2.5,6.5,15,0.2,4000,1000,,,"{""Size"":""4m x 1m"",""Eyelets"":""Metal Eyelets"",""Hemming"":""Hemmed Edges"",""Material"":""325gsm Mesh""}",22/07/2022,N/A,MES-527-515-564-614-EXPRESS,MES-527-515-564-614-STANDARD,MES-527-515-564-614-SAVER,N/A
Mesh Banners,PRD-TVUKX7AL,20,0.2,4m x 1m,Metal Eyelets,Hemmed Edges,325gsm Mesh,960.62,1,873.29,2,785.96,4,N/A,N/A,0,2.5,6.5,15,0.2,4000,1000,,,"{""Size"":""4m x 1m"",""Eyelets"":""Metal Eyelets"",""Hemming"":""Hemmed Edges"",""Material"":""325gsm Mesh""}",22/07/2022,N/A,MES-527-515-564-614-EXPRESS,MES-527-515-564-614-STANDARD,MES-527-515-564-614-SAVER,N/A
Mesh Banners,PRD-TVUKX7AL,50,0.2,4m x 1m,Metal Eyelets,Hemmed Edges,325gsm Mesh,2388.2,1,2171.09,2,1953.98,4,N/A,N/A,0,2.5,6.5,15,0.2,4000,1000,,,"{""Size"":""4m x 1m"",""Eyelets"":""Metal Eyelets"",""Hemming"":""Hemmed Edges"",""Material"":""325gsm Mesh""}",22/07/2022,N/A,MES-527-515-564-614-EXPRESS,MES-527-515-564-614-STANDARD,MES-527-515-564-614-SAVER,N/A
Mesh Banners,PRD-TVUKX7AL,99,0.2,4m x 1m,Metal Eyelets,Hemmed Edges,325gsm Mesh,4719.91,1,4290.83,2,3861.75,4,N/A,N/A,0,2.5,6.5,15,0.2,4000,1000,,,"{""Size"":""4m x 1m"",""Eyelets"":""Metal Eyelets"",""Hemming"":""Hemmed Edges"",""Material"":""325gsm Mesh""}",22/07/2022,N/A,MES-527-515-564-614-EXPRESS,MES-527-515-564-614-STANDARD,MES-527-515-564-614-SAVER,N/A
Mesh Banners,PRD-TVUKX7AL,1,0.2,4m x 1m,Metal Eyelets,Hemmed Edges,260gsm Mesh,55.35,1,50.32,2,45.29,4,N/A,N/A,0,2.5,6.5,15,0.2,4000,1000,,,"{""Size"":""4m x 1m"",""Eyelets"":""Metal Eyelets"",""Hemming"":""Hemmed Edges"",""Material"":""260gsm Mesh""}",22/07/2022,N/A,MES-558-465-464-519-EXPRESS,MES-558-465-464-519-STANDARD,MES-558-465-464-519-SAVER,N/A
Mesh Banners,PRD-TVUKX7AL,3,0.2,4m x 1m,Metal Eyelets,Hemmed Edges,260gsm Mesh,150.52,1,136.84,2,123.16,4,N/A,N/A,0,2.5,6.5,15,0.2,4000,1000,,,"{""Size"":""4m x 1m"",""Eyelets"":""Metal Eyelets"",""Hemming"":""Hemmed Edges"",""Material"":""260gsm Mesh""}",22/07/2022,N/A,MES-558-465-464-519-EXPRESS,MES-558-465-464-519-STANDARD,MES-558-465-464-519-SAVER,N/A
Mesh Banners,PRD-TVUKX7AL,5,0.2,4m x 1m,Metal Eyelets,Hemmed Edges,260gsm Mesh,245.7,1,223.36,2,201.02,4,N/A,N/A,0,2.5,6.5,15,0.2,4000,1000,,,"{""Size"":""4m x 1m"",""Eyelets"":""Metal Eyelets"",""Hemming"":""Hemmed Edges"",""Material"":""260gsm Mesh""}",22/07/2022,N/A,MES-558-465-464-519-EXPRESS,MES-558-465-464-519-STANDARD,MES-558-465-464-519-SAVER,N/A
Mesh Banners,PRD-TVUKX7AL,10,0.2,4m x 1m,Metal Eyelets,Hemmed Edges,260gsm Mesh,483.63,1,439.66,2,395.69,4,N/A,N/A,0,2.5,6.5,15,0.2,4000,1000,,,"{""Size"":""4m x 1m"",""Eyelets"":""Metal Eyelets"",""Hemming"":""Hemmed Edges"",""Material"":""260gsm Mesh""}",22/07/2022,N/A,MES-558-465-464-519-EXPRESS,MES-558-465-464-519-STANDARD,MES-558-465-464-519-SAVER,N/A
Mesh Banners,PRD-TVUKX7AL,20,0.2,4m x 1m,Metal Eyelets,Hemmed Edges,260gsm Mesh,959.49,1,872.26,2,785.03,4,N/A,N/A,0,2.5,6.5,15,0.2,4000,1000,,,"{""Size"":""4m x 1m"",""Eyelets"":""Metal Eyelets"",""Hemming"":""Hemmed Edges"",""Material"":""260gsm Mesh""}",22/07/2022,N/A,MES-558-465-464-519-EXPRESS,MES-558-465-464-519-STANDARD,MES-558-465-464-519-SAVER,N/A
Mesh Banners,PRD-TVUKX7AL,50,0.2,4m x 1m,Metal Eyelets,Hemmed Edges,260gsm Mesh,2387.07,1,2170.06,2,1953.05,4,N/A,N/A,0,2.5,6.5,15,0.2,4000,1000,,,"{""Size"":""4m x 1m"",""Eyelets"":""Metal Eyelets"",""Hemming"":""Hemmed Edges"",""Material"":""260gsm Mesh""}",22/07/2022,N/A,MES-558-465-464-519-EXPRESS,MES-558-465-464-519-STANDARD,MES-558-465-464-519-SAVER,N/A
Mesh Banners,PRD-TVUKX7AL,99,0.2,4m x 1m,Metal Eyelets,Hemmed Edges,260gsm Mesh,4718.78,1,4289.8,2,3860.82,4,N/A,N/A,0,2.5,6.5,15,0.2,4000,1000,,,"{""Size"":""4m x 1m"",""Eyelets"":""Metal Eyelets"",""Hemming"":""Hemmed Edges"",""Material"":""260gsm Mesh""}",22/07/2022,N/A,MES-558-465-464-519-EXPRESS,MES-558-465-464-519-STANDARD,MES-558-465-464-519-SAVER,N/A
Mesh Banners,PRD-TVUKX7AL,1,0.2,2m x 1m,Metal Eyelets,Hemmed Edges,260gsm Mesh,31.56,1,28.69,2,25.82,4,N/A,N/A,0,2.5,6.5,15,0.2,2000,1000,,,"{""Size"":""2m x 1m"",""Eyelets"":""Metal Eyelets"",""Hemming"":""Hemmed Edges"",""Material"":""260gsm Mesh""}",22/07/2022,N/A,MES-696-502-481-600-EXPRESS,MES-696-502-481-600-STANDARD,MES-696-502-481-600-SAVER,N/A
Mesh Banners,PRD-TVUKX7AL,3,0.2,2m x 1m,Metal Eyelets,Hemmed Edges,260gsm Mesh,79.15,1,71.95,2,64.76,4,N/A,N/A,0,2.5,6.5,15,0.2,2000,1000,,,"{""Size"":""2m x 1m"",""Eyelets"":""Metal Eyelets"",""Hemming"":""Hemmed Edges"",""Material"":""260gsm Mesh""}",22/07/2022,N/A,MES-696-502-481-600-EXPRESS,MES-696-502-481-600-STANDARD,MES-696-502-481-600-SAVER,N/A
Mesh Banners,PRD-TVUKX7AL,5,0.2,2m x 1m,Metal Eyelets,Hemmed Edges,260gsm Mesh,126.73,1,115.21,2,103.69,4,N/A,N/A,0,2.5,6.5,15,0.2,2000,1000,,,"{""Size"":""2m x 1m"",""Eyelets"":""Metal Eyelets"",""Hemming"":""Hemmed Edges"",""Material"":""260gsm Mesh""}",22/07/2022,N/A,MES-696-502-481-600-EXPRESS,MES-696-502-481-600-STANDARD,MES-696-502-481-600-SAVER,N/A
Mesh Banners,PRD-TVUKX7AL,10,0.2,2m x 1m,Metal Eyelets,Hemmed Edges,260gsm Mesh,245.7,1,223.36,2,201.02,4,N/A,N/A,0,2.5,6.5,15,0.2,2000,1000,,,"{""Size"":""2m x 1m"",""Eyelets"":""Metal Eyelets"",""Hemming"":""Hemmed Edges"",""Material"":""260gsm Mesh""}",22/07/2022,N/A,MES-696-502-481-600-EXPRESS,MES-696-502-481-600-STANDARD,MES-696-502-481-600-SAVER,N/A
Mesh Banners,PRD-TVUKX7AL,20,0.2,2m x 1m,Metal Eyelets,Hemmed Edges,260gsm Mesh,483.63,1,439.66,2,395.69,4,N/A,N/A,0,2.5,6.5,15,0.2,2000,1000,,,"{""Size"":""2m x 1m"",""Eyelets"":""Metal Eyelets"",""Hemming"":""Hemmed Edges"",""Material"":""260gsm Mesh""}",22/07/2022,N/A,MES-696-502-481-600-EXPRESS,MES-696-502-481-600-STANDARD,MES-696-502-481-600-SAVER,N/A
Mesh Banners,PRD-TVUKX7AL,50,0.2,2m x 1m,Metal Eyelets,Hemmed Edges,260gsm Mesh,1197.42,1,1088.56,2,979.7,4,N/A,N/A,0,2.5,6.5,15,0.2,2000,1000,,,"{""Size"":""2m x 1m"",""Eyelets"":""Metal Eyelets"",""Hemming"":""Hemmed Edges"",""Material"":""260gsm Mesh""}",22/07/2022,N/A,MES-696-502-481-600-EXPRESS,MES-696-502-481-600-STANDARD,MES-696-502-481-600-SAVER,N/A
Mesh Banners,PRD-TVUKX7AL,99,0.2,2m x 1m,Metal Eyelets,Hemmed Edges,260gsm Mesh,2363.27,1,2148.43,2,1933.59,4,N/A,N/A,0,2.5,6.5,15,0.2,2000,1000,,,"{""Size"":""2m x 1m"",""Eyelets"":""Metal Eyelets"",""Hemming"":""Hemmed Edges"",""Material"":""260gsm Mesh""}",22/07/2022,N/A,MES-696-502-481-600-EXPRESS,MES-696-502-481-600-STANDARD,MES-696-502-481-600-SAVER,N/A
Mesh Banners,PRD-TVUKX7AL,1,0.2,2m x 0.5m,Metal Eyelets,Hemmed Edges,260gsm Mesh,19.66,1,17.87,2,16.08,4,N/A,N/A,0,2.5,6.5,15,0.2,2000,500,,,"{""Size"":""2m x 0.5m"",""Eyelets"":""Metal Eyelets"",""Hemming"":""Hemmed Edges"",""Material"":""260gsm Mesh""}",22/07/2022,N/A,MES-574-706-603-542-EXPRESS,MES-574-706-603-542-STANDARD,MES-574-706-603-542-SAVER,N/A
Mesh Banners,PRD-TVUKX7AL,3,0.2,2m x 0.5m,Metal Eyelets,Hemmed Edges,260gsm Mesh,43.45,1,39.5,2,35.55,4,N/A,N/A,0,2.5,6.5,15,0.2,2000,500,,,"{""Size"":""2m x 0.5m"",""Eyelets"":""Metal Eyelets"",""Hemming"":""Hemmed Edges"",""Material"":""260gsm Mesh""}",22/07/2022,N/A,MES-574-706-603-542-EXPRESS,MES-574-706-603-542-STANDARD,MES-574-706-603-542-SAVER,N/A
Mesh Banners,PRD-TVUKX7AL,5,0.2,2m x 0.5m,Metal Eyelets,Hemmed Edges,260gsm Mesh,67.24,1,61.13,2,55.02,4,N/A,N/A,0,2.5,6.5,15,0.2,2000,500,,,"{""Size"":""2m x 0.5m"",""Eyelets"":""Metal Eyelets"",""Hemming"":""Hemmed Edges"",""Material"":""260gsm Mesh""}",22/07/2022,N/A,MES-574-706-603-542-EXPRESS,MES-574-706-603-542-STANDARD,MES-574-706-603-542-SAVER,N/A
Mesh Banners,PRD-TVUKX7AL,10,0.2,2m x 0.5m,Metal Eyelets,Hemmed Edges,260gsm Mesh,126.73,1,115.21,2,103.69,4,N/A,N/A,0,2.5,6.5,15,0.2,2000,500,,,"{""Size"":""2m x 0.5m"",""Eyelets"":""Metal Eyelets"",""Hemming"":""Hemmed Edges"",""Material"":""260gsm Mesh""}",22/07/2022,N/A,MES-574-706-603-542-EXPRESS,MES-574-706-603-542-STANDARD,MES-574-706-603-542-SAVER,N/A
Mesh Banners,PRD-TVUKX7AL,20,0.2,2m x 0.5m,Metal Eyelets,Hemmed Edges,260gsm Mesh,245.7,1,223.36,2,201.02,4,N/A,N/A,0,2.5,6.5,15,0.2,2000,500,,,"{""Size"":""2m x 0.5m"",""Eyelets"":""Metal Eyelets"",""Hemming"":""Hemmed Edges"",""Material"":""260gsm Mesh""}",22/07/2022,N/A,MES-574-706-603-542-EXPRESS,MES-574-706-603-542-STANDARD,MES-574-706-603-542-SAVER,N/A
Mesh Banners,PRD-TVUKX7AL,50,0.2,2m x 0.5m,Metal Eyelets,Hemmed Edges,260gsm Mesh,602.59,1,547.81,2,493.03,4,N/A,N/A,0,2.5,6.5,15,0.2,2000,500,,,"{""Size"":""2m x 0.5m"",""Eyelets"":""Metal Eyelets"",""Hemming"":""Hemmed Edges"",""Material"":""260gsm Mesh""}",22/07/2022,N/A,MES-574-706-603-542-EXPRESS,MES-574-706-603-542-STANDARD,MES-574-706-603-542-SAVER,N/A
Mesh Banners,PRD-TVUKX7AL,99,0.2,2m x 0.5m,Metal Eyelets,Hemmed Edges,260gsm Mesh,1185.51,1,1077.74,2,969.97,4,N/A,N/A,0,2.5,6.5,15,0.2,2000,500,,,"{""Size"":""2m x 0.5m"",""Eyelets"":""Metal Eyelets"",""Hemming"":""Hemmed Edges"",""Material"":""260gsm Mesh""}",22/07/2022,N/A,MES-574-706-603-542-EXPRESS,MES-574-706-603-542-STANDARD,MES-574-706-603-542-SAVER,N/A
Mesh Banners,PRD-TVUKX7AL,1,0.2,8ft x 4ft,Metal Eyelets,Hemmed Edges,260gsm Mesh,43.12,1,39.2,2,35.28,4,N/A,N/A,0,2.5,6.5,15,0.2,2438,1219,,,"{""Size"":""8ft x 4ft"",""Eyelets"":""Metal Eyelets"",""Hemming"":""Hemmed Edges"",""Material"":""260gsm Mesh""}",22/07/2022,N/A,MES-610-533-456-477-EXPRESS,MES-610-533-456-477-STANDARD,MES-610-533-456-477-SAVER,N/A
Mesh Banners,PRD-TVUKX7AL,3,0.2,8ft x 4ft,Metal Eyelets,Hemmed Edges,260gsm Mesh,113.83,1,103.48,2,93.13,4,N/A,N/A,0,2.5,6.5,15,0.2,2438,1219,,,"{""Size"":""8ft x 4ft"",""Eyelets"":""Metal Eyelets"",""Hemming"":""Hemmed Edges"",""Material"":""260gsm Mesh""}",22/07/2022,N/A,MES-610-533-456-477-EXPRESS,MES-610-533-456-477-STANDARD,MES-610-533-456-477-SAVER,N/A
Mesh Banners,PRD-TVUKX7AL,5,0.2,8ft x 4ft,Metal Eyelets,Hemmed Edges,260gsm Mesh,184.54,1,167.76,2,150.98,4,N/A,N/A,0,2.5,6.5,15,0.2,2438,1219,,,"{""Size"":""8ft x 4ft"",""Eyelets"":""Metal Eyelets"",""Hemming"":""Hemmed Edges"",""Material"":""260gsm Mesh""}",22/07/2022,N/A,MES-610-533-456-477-EXPRESS,MES-610-533-456-477-STANDARD,MES-610-533-456-477-SAVER,N/A
Mesh Banners,PRD-TVUKX7AL,10,0.2,8ft x 4ft,Metal Eyelets,Hemmed Edges,260gsm Mesh,361.32,1,328.47,2,295.62,4,N/A,N/A,0,2.5,6.5,15,0.2,2438,1219,,,"{""Size"":""8ft x 4ft"",""Eyelets"":""Metal Eyelets"",""Hemming"":""Hemmed Edges"",""Material"":""260gsm Mesh""}",22/07/2022,N/A,MES-610-533-456-477-EXPRESS,MES-610-533-456-477-STANDARD,MES-610-533-456-477-SAVER,N/A
Mesh Banners,PRD-TVUKX7AL,20,0.2,8ft x 4ft,Metal Eyelets,Hemmed Edges,260gsm Mesh,714.87,1,649.88,2,584.89,4,N/A,N/A,0,2.5,6.5,15,0.2,2438,1219,,,"{""Size"":""8ft x 4ft"",""Eyelets"":""Metal Eyelets"",""Hemming"":""Hemmed Edges"",""Material"":""260gsm Mesh""}",22/07/2022,N/A,MES-610-533-456-477-EXPRESS,MES-610-533-456-477-STANDARD,MES-610-533-456-477-SAVER,N/A
Mesh Banners,PRD-TVUKX7AL,50,0.2,8ft x 4ft,Metal Eyelets,Hemmed Edges,260gsm Mesh,1775.53,1,1614.12,2,1452.71,4,N/A,N/A,0,2.5,6.5,15,0.2,2438,1219,,,"{""Size"":""8ft x 4ft"",""Eyelets"":""Metal Eyelets"",""Hemming"":""Hemmed Edges"",""Material"":""260gsm Mesh""}",22/07/2022,N/A,MES-610-533-456-477-EXPRESS,MES-610-533-456-477-STANDARD,MES-610-533-456-477-SAVER,N/A
Mesh Banners,PRD-TVUKX7AL,99,0.2,8ft x 4ft,Metal Eyelets,Hemmed Edges,260gsm Mesh,3507.96,1,3189.05,2,2870.14,4,N/A,N/A,0,2.5,6.5,15,0.2,2438,1219,,,"{""Size"":""8ft x 4ft"",""Eyelets"":""Metal Eyelets"",""Hemming"":""Hemmed Edges"",""Material"":""260gsm Mesh""}",22/07/2022,N/A,MES-610-533-456-477-EXPRESS,MES-610-533-456-477-STANDARD,MES-610-533-456-477-SAVER,N/A
Mesh Banners,PRD-TVUKX7AL,1,0.2,6ft x 3ft,Metal Eyelets,Hemmed Edges,260gsm Mesh,27.65,1,25.14,2,22.63,4,N/A,N/A,0,2.5,6.5,15,0.2,1829,914,,,"{""Size"":""6ft x 3ft"",""Eyelets"":""Metal Eyelets"",""Hemming"":""Hemmed Edges"",""Material"":""260gsm Mesh""}",22/07/2022,N/A,MES-610-547-703-512-EXPRESS,MES-610-547-703-512-STANDARD,MES-610-547-703-512-SAVER,N/A
Mesh Banners,PRD-TVUKX7AL,3,0.2,6ft x 3ft,Metal Eyelets,Hemmed Edges,260gsm Mesh,67.42,1,61.29,2,55.16,4,N/A,N/A,0,2.5,6.5,15,0.2,1829,914,,,"{""Size"":""6ft x 3ft"",""Eyelets"":""Metal Eyelets"",""Hemming"":""Hemmed Edges"",""Material"":""260gsm Mesh""}",22/07/2022,N/A,MES-610-547-703-512-EXPRESS,MES-610-547-703-512-STANDARD,MES-610-547-703-512-SAVER,N/A
Mesh Banners,PRD-TVUKX7AL,5,0.2,6ft x 3ft,Metal Eyelets,Hemmed Edges,260gsm Mesh,107.2,1,97.45,2,87.7,4,N/A,N/A,0,2.5,6.5,15,0.2,1829,914,,,"{""Size"":""6ft x 3ft"",""Eyelets"":""Metal Eyelets"",""Hemming"":""Hemmed Edges"",""Material"":""260gsm Mesh""}",22/07/2022,N/A,MES-610-547-703-512-EXPRESS,MES-610-547-703-512-STANDARD,MES-610-547-703-512-SAVER,N/A
Mesh Banners,PRD-TVUKX7AL,10,0.2,6ft x 3ft,Metal Eyelets,Hemmed Edges,260gsm Mesh,206.64,1,187.85,2,169.06,4,N/A,N/A,0,2.5,6.5,15,0.2,1829,914,,,"{""Size"":""6ft x 3ft"",""Eyelets"":""Metal Eyelets"",""Hemming"":""Hemmed Edges"",""Material"":""260gsm Mesh""}",22/07/2022,N/A,MES-610-547-703-512-EXPRESS,MES-610-547-703-512-STANDARD,MES-610-547-703-512-SAVER,N/A
Mesh Banners,PRD-TVUKX7AL,20,0.2,6ft x 3ft,Metal Eyelets,Hemmed Edges,260gsm Mesh,405.52,1,368.65,2,331.78,4,N/A,N/A,0,2.5,6.5,15,0.2,1829,914,,,"{""Size"":""6ft x 3ft"",""Eyelets"":""Metal Eyelets"",""Hemming"":""Hemmed Edges"",""Material"":""260gsm Mesh""}",22/07/2022,N/A,MES-610-547-703-512-EXPRESS,MES-610-547-703-512-STANDARD,MES-610-547-703-512-SAVER,N/A
Mesh Banners,PRD-TVUKX7AL,50,0.2,6ft x 3ft,Metal Eyelets,Hemmed Edges,260gsm Mesh,1002.13,1,911.03,2,819.93,4,N/A,N/A,0,2.5,6.5,15,0.2,1829,914,,,"{""Size"":""6ft x 3ft"",""Eyelets"":""Metal Eyelets"",""Hemming"":""Hemmed Edges"",""Material"":""260gsm Mesh""}",22/07/2022,N/A,MES-610-547-703-512-EXPRESS,MES-610-547-703-512-STANDARD,MES-610-547-703-512-SAVER,N/A
Mesh Banners,PRD-TVUKX7AL,99,0.2,6ft x 3ft,Metal Eyelets,Hemmed Edges,260gsm Mesh,1976.62,1,1796.93,2,1617.24,4,N/A,N/A,0,2.5,6.5,15,0.2,1829,914,,,"{""Size"":""6ft x 3ft"",""Eyelets"":""Metal Eyelets"",""Hemming"":""Hemmed Edges"",""Material"":""260gsm Mesh""}",22/07/2022,N/A,MES-610-547-703-512-EXPRESS,MES-610-547-703-512-STANDARD,MES-610-547-703-512-SAVER,N/A
Mesh Banners,PRD-TVUKX7AL,1,0.2,3300mm x 1800mm,Metal Eyelets,Hemmed Edges,325gsm Mesh,79.56,1,72.33,2,65.1,4,N/A,N/A,0,2.5,6.5,15,0.2,3300,1800,,,"{""Size"":""3300mm x 1800mm"",""Eyelets"":""Metal Eyelets"",""Hemming"":""Hemmed Edges"",""Material"":""325gsm Mesh""}",22/07/2022,N/A,MES-522-404-605-610-EXPRESS,MES-522-404-605-610-STANDARD,MES-522-404-605-610-SAVER,N/A
Mesh Banners,PRD-TVUKX7AL,3,0.2,3300mm x 1800mm,Metal Eyelets,Hemmed Edges,325gsm Mesh,220.89,1,200.81,2,180.73,4,N/A,N/A,0,2.5,6.5,15,0.2,3300,1800,,,"{""Size"":""3300mm x 1800mm"",""Eyelets"":""Metal Eyelets"",""Hemming"":""Hemmed Edges"",""Material"":""325gsm Mesh""}",22/07/2022,N/A,MES-522-404-605-610-EXPRESS,MES-522-404-605-610-STANDARD,MES-522-404-605-610-SAVER,N/A
Mesh Banners,PRD-TVUKX7AL,5,0.2,3300mm x 1800mm,Metal Eyelets,Hemmed Edges,325gsm Mesh,362.22,1,329.29,2,296.36,4,N/A,N/A,0,2.5,6.5,15,0.2,3300,1800,,,"{""Size"":""3300mm x 1800mm"",""Eyelets"":""Metal Eyelets"",""Hemming"":""Hemmed Edges"",""Material"":""325gsm Mesh""}",22/07/2022,N/A,MES-522-404-605-610-EXPRESS,MES-522-404-605-610-STANDARD,MES-522-404-605-610-SAVER,N/A
Mesh Banners,PRD-TVUKX7AL,10,0.2,3300mm x 1800mm,Metal Eyelets,Hemmed Edges,325gsm Mesh,715.55,1,650.5,2,585.45,4,N/A,N/A,0,2.5,6.5,15,0.2,3300,1800,,,"{""Size"":""3300mm x 1800mm"",""Eyelets"":""Metal Eyelets"",""Hemming"":""Hemmed Edges"",""Material"":""325gsm Mesh""}",22/07/2022,N/A,MES-522-404-605-610-EXPRESS,MES-522-404-605-610-STANDARD,MES-522-404-605-610-SAVER,N/A
Mesh Banners,PRD-TVUKX7AL,20,0.2,3300mm x 1800mm,Metal Eyelets,Hemmed Edges,325gsm Mesh,1422.2,1,1292.91,2,1163.62,4,N/A,N/A,0,2.5,6.5,15,0.2,3300,1800,,,"{""Size"":""3300mm x 1800mm"",""Eyelets"":""Metal Eyelets"",""Hemming"":""Hemmed Edges"",""Material"":""325gsm Mesh""}",22/07/2022,N/A,MES-522-404-605-610-EXPRESS,MES-522-404-605-610-STANDARD,MES-522-404-605-610-SAVER,N/A
Mesh Banners,PRD-TVUKX7AL,50,0.2,3300mm x 1800mm,Metal Eyelets,Hemmed Edges,325gsm Mesh,3542.15,1,3220.14,2,2898.13,4,N/A,N/A,0,2.5,6.5,15,0.2,3300,1800,,,"{""Size"":""3300mm x 1800mm"",""Eyelets"":""Metal Eyelets"",""Hemming"":""Hemmed Edges"",""Material"":""325gsm Mesh""}",22/07/2022,N/A,MES-522-404-605-610-EXPRESS,MES-522-404-605-610-STANDARD,MES-522-404-605-610-SAVER,N/A
Mesh Banners,PRD-TVUKX7AL,99,0.2,3300mm x 1800mm,Metal Eyelets,Hemmed Edges,325gsm Mesh,7004.74,1,6367.95,2,5731.16,4,N/A,N/A,0,2.5,6.5,15,0.2,3300,1800,,,"{""Size"":""3300mm x 1800mm"",""Eyelets"":""Metal Eyelets"",""Hemming"":""Hemmed Edges"",""Material"":""325gsm Mesh""}",22/07/2022,N/A,MES-522-404-605-610-EXPRESS,MES-522-404-605-610-STANDARD,MES-522-404-605-610-SAVER,N/A
Mesh Banners,PRD-TVUKX7AL,1,0.2,3m x 2m,Metal Eyelets,Hemmed Edges,260gsm Mesh,79.15,1,71.95,2,64.76,4,N/A,N/A,0,2.5,6.5,15,0.2,3000,2000,,,"{""Size"":""3m x 2m"",""Eyelets"":""Metal Eyelets"",""Hemming"":""Hemmed Edges"",""Material"":""260gsm Mesh""}",22/07/2022,N/A,MES-649-511-617-469-EXPRESS,MES-649-511-617-469-STANDARD,MES-649-511-617-469-SAVER,N/A
Mesh Banners,PRD-TVUKX7AL,3,0.2,3m x 2m,Metal Eyelets,Hemmed Edges,260gsm Mesh,221.9,1,201.73,2,181.56,4,N/A,N/A,0,2.5,6.5,15,0.2,3000,2000,,,"{""Size"":""3m x 2m"",""Eyelets"":""Metal Eyelets"",""Hemming"":""Hemmed Edges"",""Material"":""260gsm Mesh""}",22/07/2022,N/A,MES-649-511-617-469-EXPRESS,MES-649-511-617-469-STANDARD,MES-649-511-617-469-SAVER,N/A
Mesh Banners,PRD-TVUKX7AL,5,0.2,3m x 2m,Metal Eyelets,Hemmed Edges,260gsm Mesh,364.66,1,331.51,2,298.36,4,N/A,N/A,0,2.5,6.5,15,0.2,3000,2000,,,"{""Size"":""3m x 2m"",""Eyelets"":""Metal Eyelets"",""Hemming"":""Hemmed Edges"",""Material"":""260gsm Mesh""}",22/07/2022,N/A,MES-649-511-617-469-EXPRESS,MES-649-511-617-469-STANDARD,MES-649-511-617-469-SAVER,N/A
Mesh Banners,PRD-TVUKX7AL,10,0.2,3m x 2m,Metal Eyelets,Hemmed Edges,260gsm Mesh,721.56,1,655.96,2,590.36,4,N/A,N/A,0,2.5,6.5,15,0.2,3000,2000,,,"{""Size"":""3m x 2m"",""Eyelets"":""Metal Eyelets"",""Hemming"":""Hemmed Edges"",""Material"":""260gsm Mesh""}",22/07/2022,N/A,MES-649-511-617-469-EXPRESS,MES-649-511-617-469-STANDARD,MES-649-511-617-469-SAVER,N/A
Mesh Banners,PRD-TVUKX7AL,20,0.2,3m x 2m,Metal Eyelets,Hemmed Edges,260gsm Mesh,1435.35,1,1304.86,2,1174.37,4,N/A,N/A,0,2.5,6.5,15,0.2,3000,2000,,,"{""Size"":""3m x 2m"",""Eyelets"":""Metal Eyelets"",""Hemming"":""Hemmed Edges"",""Material"":""260gsm Mesh""}",22/07/2022,N/A,MES-649-511-617-469-EXPRESS,MES-649-511-617-469-STANDARD,MES-649-511-617-469-SAVER,N/A
Mesh Banners,PRD-TVUKX7AL,50,0.2,3m x 2m,Metal Eyelets,Hemmed Edges,260gsm Mesh,3576.72,1,3251.56,2,2926.4,4,N/A,N/A,0,2.5,6.5,15,0.2,3000,2000,,,"{""Size"":""3m x 2m"",""Eyelets"":""Metal Eyelets"",""Hemming"":""Hemmed Edges"",""Material"":""260gsm Mesh""}",22/07/2022,N/A,MES-649-511-617-469-EXPRESS,MES-649-511-617-469-STANDARD,MES-649-511-617-469-SAVER,N/A
Mesh Banners,PRD-TVUKX7AL,99,0.2,3m x 2m,Metal Eyelets,Hemmed Edges,260gsm Mesh,7074.29,1,6431.17,2,5788.05,4,N/A,N/A,0,2.5,6.5,15,0.2,3000,2000,,,"{""Size"":""3m x 2m"",""Eyelets"":""Metal Eyelets"",""Hemming"":""Hemmed Edges"",""Material"":""260gsm Mesh""}",22/07/2022,N/A,MES-649-511-617-469-EXPRESS,MES-649-511-617-469-STANDARD,MES-649-511-617-469-SAVER,N/A
Mesh Banners,PRD-TVUKX7AL,1,0.2,10ft x 3ft,Metal Eyelets,Hemmed Edges,260gsm Mesh,40.9,1,37.18,2,33.46,4,N/A,N/A,0,2.5,6.5,15,0.2,3048,914,,,"{""Size"":""10ft x 3ft"",""Eyelets"":""Metal Eyelets"",""Hemming"":""Hemmed Edges"",""Material"":""260gsm Mesh""}",22/07/2022,N/A,MES-605-506-571-614-EXPRESS,MES-605-506-571-614-STANDARD,MES-605-506-571-614-SAVER,N/A
Mesh Banners,PRD-TVUKX7AL,3,0.2,10ft x 3ft,Metal Eyelets,Hemmed Edges,260gsm Mesh,107.18,1,97.44,2,87.7,4,N/A,N/A,0,2.5,6.5,15,0.2,3048,914,,,"{""Size"":""10ft x 3ft"",""Eyelets"":""Metal Eyelets"",""Hemming"":""Hemmed Edges"",""Material"":""260gsm Mesh""}",22/07/2022,N/A,MES-605-506-571-614-EXPRESS,MES-605-506-571-614-STANDARD,MES-605-506-571-614-SAVER,N/A
Mesh Banners,PRD-TVUKX7AL,5,0.2,10ft x 3ft,Metal Eyelets,Hemmed Edges,260gsm Mesh,173.47,1,157.7,2,141.93,4,N/A,N/A,0,2.5,6.5,15,0.2,3048,914,,,"{""Size"":""10ft x 3ft"",""Eyelets"":""Metal Eyelets"",""Hemming"":""Hemmed Edges"",""Material"":""260gsm Mesh""}",22/07/2022,N/A,MES-605-506-571-614-EXPRESS,MES-605-506-571-614-STANDARD,MES-605-506-571-614-SAVER,N/A
Mesh Banners,PRD-TVUKX7AL,10,0.2,10ft x 3ft,Metal Eyelets,Hemmed Edges,260gsm Mesh,339.18,1,308.35,2,277.52,4,N/A,N/A,0,2.5,6.5,15,0.2,3048,914,,,"{""Size"":""10ft x 3ft"",""Eyelets"":""Metal Eyelets"",""Hemming"":""Hemmed Edges"",""Material"":""260gsm Mesh""}",22/07/2022,N/A,MES-605-506-571-614-EXPRESS,MES-605-506-571-614-STANDARD,MES-605-506-571-614-SAVER,N/A
Mesh Banners,PRD-TVUKX7AL,20,0.2,10ft x 3ft,Metal Eyelets,Hemmed Edges,260gsm Mesh,670.6,1,609.64,2,548.68,4,N/A,N/A,0,2.5,6.5,15,0.2,3048,914,,,"{""Size"":""10ft x 3ft"",""Eyelets"":""Metal Eyelets"",""Hemming"":""Hemmed Edges"",""Material"":""260gsm Mesh""}",22/07/2022,N/A,MES-605-506-571-614-EXPRESS,MES-605-506-571-614-STANDARD,MES-605-506-571-614-SAVER,N/A
Mesh Banners,PRD-TVUKX7AL,50,0.2,10ft x 3ft,Metal Eyelets,Hemmed Edges,260gsm Mesh,1664.87,1,1513.52,2,1362.17,4,N/A,N/A,0,2.5,6.5,15,0.2,3048,914,,,"{""Size"":""10ft x 3ft"",""Eyelets"":""Metal Eyelets"",""Hemming"":""Hemmed Edges"",""Material"":""260gsm Mesh""}",22/07/2022,N/A,MES-605-506-571-614-EXPRESS,MES-605-506-571-614-STANDARD,MES-605-506-571-614-SAVER,N/A
Mesh Banners,PRD-TVUKX7AL,99,0.2,10ft x 3ft,Metal Eyelets,Hemmed Edges,260gsm Mesh,3288.84,1,2989.85,2,2690.86,4,N/A,N/A,0,2.5,6.5,15,0.2,3048,914,,,"{""Size"":""10ft x 3ft"",""Eyelets"":""Metal Eyelets"",""Hemming"":""Hemmed Edges"",""Material"":""260gsm Mesh""}",22/07/2022,N/A,MES-605-506-571-614-EXPRESS,MES-605-506-571-614-STANDARD,MES-605-506-571-614-SAVER,N/A
Mesh Banners,PRD-TVUKX7AL,1,0.2,8ft x 4ft,Metal Eyelets,Hemmed Edges,325gsm Mesh,44.25,1,40.23,2,36.21,4,N/A,N/A,0,2.5,6.5,15,0.2,2438,1219,,,"{""Size"":""8ft x 4ft"",""Eyelets"":""Metal Eyelets"",""Hemming"":""Hemmed Edges"",""Material"":""325gsm Mesh""}",22/07/2022,N/A,MES-606-468-611-697-EXPRESS,MES-606-468-611-697-STANDARD,MES-606-468-611-697-SAVER,N/A
Mesh Banners,PRD-TVUKX7AL,3,0.2,8ft x 4ft,Metal Eyelets,Hemmed Edges,325gsm Mesh,114.96,1,104.51,2,94.06,4,N/A,N/A,0,2.5,6.5,15,0.2,2438,1219,,,"{""Size"":""8ft x 4ft"",""Eyelets"":""Metal Eyelets"",""Hemming"":""Hemmed Edges"",""Material"":""325gsm Mesh""}",22/07/2022,N/A,MES-606-468-611-697-EXPRESS,MES-606-468-611-697-STANDARD,MES-606-468-611-697-SAVER,N/A
Mesh Banners,PRD-TVUKX7AL,5,0.2,8ft x 4ft,Metal Eyelets,Hemmed Edges,325gsm Mesh,185.67,1,168.79,2,151.91,4,N/A,N/A,0,2.5,6.5,15,0.2,2438,1219,,,"{""Size"":""8ft x 4ft"",""Eyelets"":""Metal Eyelets"",""Hemming"":""Hemmed Edges"",""Material"":""325gsm Mesh""}",22/07/2022,N/A,MES-606-468-611-697-EXPRESS,MES-606-468-611-697-STANDARD,MES-606-468-611-697-SAVER,N/A
Mesh Banners,PRD-TVUKX7AL,10,0.2,8ft x 4ft,Metal Eyelets,Hemmed Edges,325gsm Mesh,362.45,1,329.5,2,296.55,4,N/A,N/A,0,2.5,6.5,15,0.2,2438,1219,,,"{""Size"":""8ft x 4ft"",""Eyelets"":""Metal Eyelets"",""Hemming"":""Hemmed Edges"",""Material"":""325gsm Mesh""}",22/07/2022,N/A,MES-606-468-611-697-EXPRESS,MES-606-468-611-697-STANDARD,MES-606-468-611-697-SAVER,N/A
Mesh Banners,PRD-TVUKX7AL,20,0.2,8ft x 4ft,Metal Eyelets,Hemmed Edges,325gsm Mesh,716,1,650.91,2,585.82,4,N/A,N/A,0,2.5,6.5,15,0.2,2438,1219,,,"{""Size"":""8ft x 4ft"",""Eyelets"":""Metal Eyelets"",""Hemming"":""Hemmed Edges"",""Material"":""325gsm Mesh""}",22/07/2022,N/A,MES-606-468-611-697-EXPRESS,MES-606-468-611-697-STANDARD,MES-606-468-611-697-SAVER,N/A
Mesh Banners,PRD-TVUKX7AL,50,0.2,8ft x 4ft,Metal Eyelets,Hemmed Edges,325gsm Mesh,1776.67,1,1615.15,2,1453.64,4,N/A,N/A,0,2.5,6.5,15,0.2,2438,1219,,,"{""Size"":""8ft x 4ft"",""Eyelets"":""Metal Eyelets"",""Hemming"":""Hemmed Edges"",""Material"":""325gsm Mesh""}",22/07/2022,N/A,MES-606-468-611-697-EXPRESS,MES-606-468-611-697-STANDARD,MES-606-468-611-697-SAVER,N/A
Mesh Banners,PRD-TVUKX7AL,99,0.2,8ft x 4ft,Metal Eyelets,Hemmed Edges,325gsm Mesh,3509.09,1,3190.08,2,2871.07,4,N/A,N/A,0,2.5,6.5,15,0.2,2438,1219,,,"{""Size"":""8ft x 4ft"",""Eyelets"":""Metal Eyelets"",""Hemming"":""Hemmed Edges"",""Material"":""325gsm Mesh""}",22/07/2022,N/A,MES-606-468-611-697-EXPRESS,MES-606-468-611-697-STANDARD,MES-606-468-611-697-SAVER,N/A
Mesh Banners,PRD-TVUKX7AL,1,0.2,3300mm x 1800mm,Metal Eyelets,Hemmed Edges,260gsm Mesh,78.43,1,71.3,2,64.17,4,N/A,N/A,0,2.5,6.5,15,0.2,3300,1800,,,"{""Size"":""3300mm x 1800mm"",""Eyelets"":""Metal Eyelets"",""Hemming"":""Hemmed Edges"",""Material"":""260gsm Mesh""}",22/07/2022,N/A,MES-552-515-605-521-EXPRESS,MES-552-515-605-521-STANDARD,MES-552-515-605-521-SAVER,N/A
Mesh Banners,PRD-TVUKX7AL,3,0.2,3300mm x 1800mm,Metal Eyelets,Hemmed Edges,260gsm Mesh,219.76,1,199.78,2,179.8,4,N/A,N/A,0,2.5,6.5,15,0.2,3300,1800,,,"{""Size"":""3300mm x 1800mm"",""Eyelets"":""Metal Eyelets"",""Hemming"":""Hemmed Edges"",""Material"":""260gsm Mesh""}",22/07/2022,N/A,MES-552-515-605-521-EXPRESS,MES-552-515-605-521-STANDARD,MES-552-515-605-521-SAVER,N/A
Mesh Banners,PRD-TVUKX7AL,5,0.2,3300mm x 1800mm,Metal Eyelets,Hemmed Edges,260gsm Mesh,361.09,1,328.26,2,295.43,4,N/A,N/A,0,2.5,6.5,15,0.2,3300,1800,,,"{""Size"":""3300mm x 1800mm"",""Eyelets"":""Metal Eyelets"",""Hemming"":""Hemmed Edges"",""Material"":""260gsm Mesh""}",22/07/2022,N/A,MES-552-515-605-521-EXPRESS,MES-552-515-605-521-STANDARD,MES-552-515-605-521-SAVER,N/A
Mesh Banners,PRD-TVUKX7AL,10,0.2,3300mm x 1800mm,Metal Eyelets,Hemmed Edges,260gsm Mesh,714.42,1,649.47,2,584.52,4,N/A,N/A,0,2.5,6.5,15,0.2,3300,1800,,,"{""Size"":""3300mm x 1800mm"",""Eyelets"":""Metal Eyelets"",""Hemming"":""Hemmed Edges"",""Material"":""260gsm Mesh""}",22/07/2022,N/A,MES-552-515-605-521-EXPRESS,MES-552-515-605-521-STANDARD,MES-552-515-605-521-SAVER,N/A
Mesh Banners,PRD-TVUKX7AL,20,0.2,3300mm x 1800mm,Metal Eyelets,Hemmed Edges,260gsm Mesh,1421.07,1,1291.88,2,1162.69,4,N/A,N/A,0,2.5,6.5,15,0.2,3300,1800,,,"{""Size"":""3300mm x 1800mm"",""Eyelets"":""Metal Eyelets"",""Hemming"":""Hemmed Edges"",""Material"":""260gsm Mesh""}",22/07/2022,N/A,MES-552-515-605-521-EXPRESS,MES-552-515-605-521-STANDARD,MES-552-515-605-521-SAVER,N/A
Mesh Banners,PRD-TVUKX7AL,50,0.2,3300mm x 1800mm,Metal Eyelets,Hemmed Edges,260gsm Mesh,3541.02,1,3219.11,2,2897.2,4,N/A,N/A,0,2.5,6.5,15,0.2,3300,1800,,,"{""Size"":""3300mm x 1800mm"",""Eyelets"":""Metal Eyelets"",""Hemming"":""Hemmed Edges"",""Material"":""260gsm Mesh""}",22/07/2022,N/A,MES-552-515-605-521-EXPRESS,MES-552-515-605-521-STANDARD,MES-552-515-605-521-SAVER,N/A
Mesh Banners,PRD-TVUKX7AL,99,0.2,3300mm x 1800mm,Metal Eyelets,Hemmed Edges,260gsm Mesh,7003.61,1,6366.92,2,5730.23,4,N/A,N/A,0,2.5,6.5,15,0.2,3300,1800,,,"{""Size"":""3300mm x 1800mm"",""Eyelets"":""Metal Eyelets"",""Hemming"":""Hemmed Edges"",""Material"":""260gsm Mesh""}",22/07/2022,N/A,MES-552-515-605-521-EXPRESS,MES-552-515-605-521-STANDARD,MES-552-515-605-521-SAVER,N/A
Mesh Banners,PRD-TVUKX7AL,1,0.2,3m x 2m,Metal Eyelets,Hemmed Edges,325gsm Mesh,80.28,1,72.98,2,65.68,4,N/A,N/A,0,2.5,6.5,15,0.2,3000,2000,,,"{""Size"":""3m x 2m"",""Eyelets"":""Metal Eyelets"",""Hemming"":""Hemmed Edges"",""Material"":""325gsm Mesh""}",22/07/2022,N/A,MES-605-605-703-496-EXPRESS,MES-605-605-703-496-STANDARD,MES-605-605-703-496-SAVER,N/A
Mesh Banners,PRD-TVUKX7AL,3,0.2,3m x 2m,Metal Eyelets,Hemmed Edges,325gsm Mesh,223.04,1,202.76,2,182.48,4,N/A,N/A,0,2.5,6.5,15,0.2,3000,2000,,,"{""Size"":""3m x 2m"",""Eyelets"":""Metal Eyelets"",""Hemming"":""Hemmed Edges"",""Material"":""325gsm Mesh""}",22/07/2022,N/A,MES-605-605-703-496-EXPRESS,MES-605-605-703-496-STANDARD,MES-605-605-703-496-SAVER,N/A
Mesh Banners,PRD-TVUKX7AL,5,0.2,3m x 2m,Metal Eyelets,Hemmed Edges,325gsm Mesh,365.79,1,332.54,2,299.29,4,N/A,N/A,0,2.5,6.5,15,0.2,3000,2000,,,"{""Size"":""3m x 2m"",""Eyelets"":""Metal Eyelets"",""Hemming"":""Hemmed Edges"",""Material"":""325gsm Mesh""}",22/07/2022,N/A,MES-605-605-703-496-EXPRESS,MES-605-605-703-496-STANDARD,MES-605-605-703-496-SAVER,N/A
Mesh Banners,PRD-TVUKX7AL,10,0.2,3m x 2m,Metal Eyelets,Hemmed Edges,325gsm Mesh,722.69,1,656.99,2,591.29,4,N/A,N/A,0,2.5,6.5,15,0.2,3000,2000,,,"{""Size"":""3m x 2m"",""Eyelets"":""Metal Eyelets"",""Hemming"":""Hemmed Edges"",""Material"":""325gsm Mesh""}",22/07/2022,N/A,MES-605-605-703-496-EXPRESS,MES-605-605-703-496-STANDARD,MES-605-605-703-496-SAVER,N/A
Mesh Banners,PRD-TVUKX7AL,20,0.2,3m x 2m,Metal Eyelets,Hemmed Edges,325gsm Mesh,1436.48,1,1305.89,2,1175.3,4,N/A,N/A,0,2.5,6.5,15,0.2,3000,2000,,,"{""Size"":""3m x 2m"",""Eyelets"":""Metal Eyelets"",""Hemming"":""Hemmed Edges"",""Material"":""325gsm Mesh""}",22/07/2022,N/A,MES-605-605-703-496-EXPRESS,MES-605-605-703-496-STANDARD,MES-605-605-703-496-SAVER,N/A
Mesh Banners,PRD-TVUKX7AL,50,0.2,3m x 2m,Metal Eyelets,Hemmed Edges,325gsm Mesh,3577.85,1,3252.59,2,2927.33,4,N/A,N/A,0,2.5,6.5,15,0.2,3000,2000,,,"{""Size"":""3m x 2m"",""Eyelets"":""Metal Eyelets"",""Hemming"":""Hemmed Edges"",""Material"":""325gsm Mesh""}",22/07/2022,N/A,MES-605-605-703-496-EXPRESS,MES-605-605-703-496-STANDARD,MES-605-605-703-496-SAVER,N/A
Mesh Banners,PRD-TVUKX7AL,99,0.2,3m x 2m,Metal Eyelets,Hemmed Edges,325gsm Mesh,7075.42,1,6432.2,2,5788.98,4,N/A,N/A,0,2.5,6.5,15,0.2,3000,2000,,,"{""Size"":""3m x 2m"",""Eyelets"":""Metal Eyelets"",""Hemming"":""Hemmed Edges"",""Material"":""325gsm Mesh""}",22/07/2022,N/A,MES-605-605-703-496-EXPRESS,MES-605-605-703-496-STANDARD,MES-605-605-703-496-SAVER,N/A
Mesh Banners,PRD-TVUKX7AL,1,0.2,3m x 1m,Metal Eyelets,Hemmed Edges,260gsm Mesh,43.45,1,39.5,2,35.55,4,N/A,N/A,0,2.5,6.5,15,0.2,3000,1000,,,"{""Size"":""3m x 1m"",""Eyelets"":""Metal Eyelets"",""Hemming"":""Hemmed Edges"",""Material"":""260gsm Mesh""}",22/07/2022,N/A,MES-550-647-559-673-EXPRESS,MES-550-647-559-673-STANDARD,MES-550-647-559-673-SAVER,N/A
Mesh Banners,PRD-TVUKX7AL,3,0.2,3m x 1m,Metal Eyelets,Hemmed Edges,260gsm Mesh,114.83,1,104.39,2,93.95,4,N/A,N/A,0,2.5,6.5,15,0.2,3000,1000,,,"{""Size"":""3m x 1m"",""Eyelets"":""Metal Eyelets"",""Hemming"":""Hemmed Edges"",""Material"":""260gsm Mesh""}",22/07/2022,N/A,MES-550-647-559-673-EXPRESS,MES-550-647-559-673-STANDARD,MES-550-647-559-673-SAVER,N/A
Mesh Banners,PRD-TVUKX7AL,5,0.2,3m x 1m,Metal Eyelets,Hemmed Edges,260gsm Mesh,186.21,1,169.28,2,152.35,4,N/A,N/A,0,2.5,6.5,15,0.2,3000,1000,,,"{""Size"":""3m x 1m"",""Eyelets"":""Metal Eyelets"",""Hemming"":""Hemmed Edges"",""Material"":""260gsm Mesh""}",22/07/2022,N/A,MES-550-647-559-673-EXPRESS,MES-550-647-559-673-STANDARD,MES-550-647-559-673-SAVER,N/A
Mesh Banners,PRD-TVUKX7AL,10,0.2,3m x 1m,Metal Eyelets,Hemmed Edges,260gsm Mesh,364.66,1,331.51,2,298.36,4,N/A,N/A,0,2.5,6.5,15,0.2,3000,1000,,,"{""Size"":""3m x 1m"",""Eyelets"":""Metal Eyelets"",""Hemming"":""Hemmed Edges"",""Material"":""260gsm Mesh""}",22/07/2022,N/A,MES-550-647-559-673-EXPRESS,MES-550-647-559-673-STANDARD,MES-550-647-559-673-SAVER,N/A
Mesh Banners,PRD-TVUKX7AL,20,0.2,3m x 1m,Metal Eyelets,Hemmed Edges,260gsm Mesh,721.56,1,655.96,2,590.36,4,N/A,N/A,0,2.5,6.5,15,0.2,3000,1000,,,"{""Size"":""3m x 1m"",""Eyelets"":""Metal Eyelets"",""Hemming"":""Hemmed Edges"",""Material"":""260gsm Mesh""}",22/07/2022,N/A,MES-550-647-559-673-EXPRESS,MES-550-647-559-673-STANDARD,MES-550-647-559-673-SAVER,N/A
Mesh Banners,PRD-TVUKX7AL,50,0.2,3m x 1m,Metal Eyelets,Hemmed Edges,260gsm Mesh,1792.24,1,1629.31,2,1466.38,4,N/A,N/A,0,2.5,6.5,15,0.2,3000,1000,,,"{""Size"":""3m x 1m"",""Eyelets"":""Metal Eyelets"",""Hemming"":""Hemmed Edges"",""Material"":""260gsm Mesh""}",22/07/2022,N/A,MES-550-647-559-673-EXPRESS,MES-550-647-559-673-STANDARD,MES-550-647-559-673-SAVER,N/A
Mesh Banners,PRD-TVUKX7AL,99,0.2,3m x 1m,Metal Eyelets,Hemmed Edges,260gsm Mesh,3541.02,1,3219.11,2,2897.2,4,N/A,N/A,0,2.5,6.5,15,0.2,3000,1000,,,"{""Size"":""3m x 1m"",""Eyelets"":""Metal Eyelets"",""Hemming"":""Hemmed Edges"",""Material"":""260gsm Mesh""}",22/07/2022,N/A,MES-550-647-559-673-EXPRESS,MES-550-647-559-673-STANDARD,MES-550-647-559-673-SAVER,N/A
Mesh Banners,PRD-TVUKX7AL,1,0.2,4ft x 2ft,Metal Eyelets,Hemmed Edges,325gsm Mesh,17.74,1,16.13,2,14.52,4,N/A,N/A,0,2.5,6.5,15,0.2,1219,610,,,"{""Size"":""4ft x 2ft"",""Eyelets"":""Metal Eyelets"",""Hemming"":""Hemmed Edges"",""Material"":""325gsm Mesh""}",22/07/2022,N/A,MES-504-561-560-559-EXPRESS,MES-504-561-560-559-STANDARD,MES-504-561-560-559-SAVER,N/A
Mesh Banners,PRD-TVUKX7AL,3,0.2,4ft x 2ft,Metal Eyelets,Hemmed Edges,325gsm Mesh,35.43,1,32.21,2,28.99,4,N/A,N/A,0,2.5,6.5,15,0.2,1219,610,,,"{""Size"":""4ft x 2ft"",""Eyelets"":""Metal Eyelets"",""Hemming"":""Hemmed Edges"",""Material"":""325gsm Mesh""}",22/07/2022,N/A,MES-504-561-560-559-EXPRESS,MES-504-561-560-559-STANDARD,MES-504-561-560-559-SAVER,N/A
Mesh Banners,PRD-TVUKX7AL,5,0.2,4ft x 2ft,Metal Eyelets,Hemmed Edges,325gsm Mesh,53.13,1,48.3,2,43.47,4,N/A,N/A,0,2.5,6.5,15,0.2,1219,610,,,"{""Size"":""4ft x 2ft"",""Eyelets"":""Metal Eyelets"",""Hemming"":""Hemmed Edges"",""Material"":""325gsm Mesh""}",22/07/2022,N/A,MES-504-561-560-559-EXPRESS,MES-504-561-560-559-STANDARD,MES-504-561-560-559-SAVER,N/A
Mesh Banners,PRD-TVUKX7AL,10,0.2,4ft x 2ft,Metal Eyelets,Hemmed Edges,325gsm Mesh,97.35,1,88.5,2,79.65,4,N/A,N/A,0,2.5,6.5,15,0.2,1219,610,,,"{""Size"":""4ft x 2ft"",""Eyelets"":""Metal Eyelets"",""Hemming"":""Hemmed Edges"",""Material"":""325gsm Mesh""}",22/07/2022,N/A,MES-504-561-560-559-EXPRESS,MES-504-561-560-559-STANDARD,MES-504-561-560-559-SAVER,N/A
Mesh Banners,PRD-TVUKX7AL,20,0.2,4ft x 2ft,Metal Eyelets,Hemmed Edges,325gsm Mesh,185.81,1,168.92,2,152.03,4,N/A,N/A,0,2.5,6.5,15,0.2,1219,610,,,"{""Size"":""4ft x 2ft"",""Eyelets"":""Metal Eyelets"",""Hemming"":""Hemmed Edges"",""Material"":""325gsm Mesh""}",22/07/2022,N/A,MES-504-561-560-559-EXPRESS,MES-504-561-560-559-STANDARD,MES-504-561-560-559-SAVER,N/A
Mesh Banners,PRD-TVUKX7AL,50,0.2,4ft x 2ft,Metal Eyelets,Hemmed Edges,325gsm Mesh,451.2,1,410.18,2,369.16,4,N/A,N/A,0,2.5,6.5,15,0.2,1219,610,,,"{""Size"":""4ft x 2ft"",""Eyelets"":""Metal Eyelets"",""Hemming"":""Hemmed Edges"",""Material"":""325gsm Mesh""}",22/07/2022,N/A,MES-504-561-560-559-EXPRESS,MES-504-561-560-559-STANDARD,MES-504-561-560-559-SAVER,N/A
Mesh Banners,PRD-TVUKX7AL,99,0.2,4ft x 2ft,Metal Eyelets,Hemmed Edges,325gsm Mesh,884.66,1,804.24,2,723.82,4,N/A,N/A,0,2.5,6.5,15,0.2,1219,610,,,"{""Size"":""4ft x 2ft"",""Eyelets"":""Metal Eyelets"",""Hemming"":""Hemmed Edges"",""Material"":""325gsm Mesh""}",22/07/2022,N/A,MES-504-561-560-559-EXPRESS,MES-504-561-560-559-STANDARD,MES-504-561-560-559-SAVER,N/A
Mesh Banners,PRD-TVUKX7AL,1,0.2,2m x 0.5m,Metal Eyelets,Hemmed Edges,325gsm Mesh,20.79,1,18.9,2,17.01,4,N/A,N/A,0,2.5,6.5,15,0.2,2000,500,,,"{""Size"":""2m x 0.5m"",""Eyelets"":""Metal Eyelets"",""Hemming"":""Hemmed Edges"",""Material"":""325gsm Mesh""}",22/07/2022,N/A,MES-518-611-560-513-EXPRESS,MES-518-611-560-513-STANDARD,MES-518-611-560-513-SAVER,N/A
Mesh Banners,PRD-TVUKX7AL,3,0.2,2m x 0.5m,Metal Eyelets,Hemmed Edges,325gsm Mesh,44.58,1,40.53,2,36.48,4,N/A,N/A,0,2.5,6.5,15,0.2,2000,500,,,"{""Size"":""2m x 0.5m"",""Eyelets"":""Metal Eyelets"",""Hemming"":""Hemmed Edges"",""Material"":""325gsm Mesh""}",22/07/2022,N/A,MES-518-611-560-513-EXPRESS,MES-518-611-560-513-STANDARD,MES-518-611-560-513-SAVER,N/A
Mesh Banners,PRD-TVUKX7AL,5,0.2,2m x 0.5m,Metal Eyelets,Hemmed Edges,325gsm Mesh,68.38,1,62.16,2,55.94,4,N/A,N/A,0,2.5,6.5,15,0.2,2000,500,,,"{""Size"":""2m x 0.5m"",""Eyelets"":""Metal Eyelets"",""Hemming"":""Hemmed Edges"",""Material"":""325gsm Mesh""}",22/07/2022,N/A,MES-518-611-560-513-EXPRESS,MES-518-611-560-513-STANDARD,MES-518-611-560-513-SAVER,N/A
Mesh Banners,PRD-TVUKX7AL,10,0.2,2m x 0.5m,Metal Eyelets,Hemmed Edges,325gsm Mesh,127.86,1,116.24,2,104.62,4,N/A,N/A,0,2.5,6.5,15,0.2,2000,500,,,"{""Size"":""2m x 0.5m"",""Eyelets"":""Metal Eyelets"",""Hemming"":""Hemmed Edges"",""Material"":""325gsm Mesh""}",22/07/2022,N/A,MES-518-611-560-513-EXPRESS,MES-518-611-560-513-STANDARD,MES-518-611-560-513-SAVER,N/A
Mesh Banners,PRD-TVUKX7AL,20,0.2,2m x 0.5m,Metal Eyelets,Hemmed Edges,325gsm Mesh,246.83,1,224.39,2,201.95,4,N/A,N/A,0,2.5,6.5,15,0.2,2000,500,,,"{""Size"":""2m x 0.5m"",""Eyelets"":""Metal Eyelets"",""Hemming"":""Hemmed Edges"",""Material"":""325gsm Mesh""}",22/07/2022,N/A,MES-518-611-560-513-EXPRESS,MES-518-611-560-513-STANDARD,MES-518-611-560-513-SAVER,N/A
Mesh Banners,PRD-TVUKX7AL,50,0.2,2m x 0.5m,Metal Eyelets,Hemmed Edges,325gsm Mesh,603.72,1,548.84,2,493.96,4,N/A,N/A,0,2.5,6.5,15,0.2,2000,500,,,"{""Size"":""2m x 0.5m"",""Eyelets"":""Metal Eyelets"",""Hemming"":""Hemmed Edges"",""Material"":""325gsm Mesh""}",22/07/2022,N/A,MES-518-611-560-513-EXPRESS,MES-518-611-560-513-STANDARD,MES-518-611-560-513-SAVER,N/A
Mesh Banners,PRD-TVUKX7AL,99,0.2,2m x 0.5m,Metal Eyelets,Hemmed Edges,325gsm Mesh,1186.65,1,1078.77,2,970.89,4,N/A,N/A,0,2.5,6.5,15,0.2,2000,500,,,"{""Size"":""2m x 0.5m"",""Eyelets"":""Metal Eyelets"",""Hemming"":""Hemmed Edges"",""Material"":""325gsm Mesh""}",22/07/2022,N/A,MES-518-611-560-513-EXPRESS,MES-518-611-560-513-STANDARD,MES-518-611-560-513-SAVER,N/A
Mesh Banners,PRD-TVUKX7AL,1,0.2,10ft x 3ft,Metal Eyelets,Hemmed Edges,325gsm Mesh,42.03,1,38.21,2,34.39,4,N/A,N/A,0,2.5,6.5,15,0.2,3048,914,,,"{""Size"":""10ft x 3ft"",""Eyelets"":""Metal Eyelets"",""Hemming"":""Hemmed Edges"",""Material"":""325gsm Mesh""}",22/07/2022,N/A,MES-568-573-710-606-EXPRESS,MES-568-573-710-606-STANDARD,MES-568-573-710-606-SAVER,N/A
Mesh Banners,PRD-TVUKX7AL,3,0.2,10ft x 3ft,Metal Eyelets,Hemmed Edges,325gsm Mesh,108.32,1,98.47,2,88.62,4,N/A,N/A,0,2.5,6.5,15,0.2,3048,914,,,"{""Size"":""10ft x 3ft"",""Eyelets"":""Metal Eyelets"",""Hemming"":""Hemmed Edges"",""Material"":""325gsm Mesh""}",22/07/2022,N/A,MES-568-573-710-606-EXPRESS,MES-568-573-710-606-STANDARD,MES-568-573-710-606-SAVER,N/A
Mesh Banners,PRD-TVUKX7AL,5,0.2,10ft x 3ft,Metal Eyelets,Hemmed Edges,325gsm Mesh,174.6,1,158.73,2,142.86,4,N/A,N/A,0,2.5,6.5,15,0.2,3048,914,,,"{""Size"":""10ft x 3ft"",""Eyelets"":""Metal Eyelets"",""Hemming"":""Hemmed Edges"",""Material"":""325gsm Mesh""}",22/07/2022,N/A,MES-568-573-710-606-EXPRESS,MES-568-573-710-606-STANDARD,MES-568-573-710-606-SAVER,N/A
Mesh Banners,PRD-TVUKX7AL,10,0.2,10ft x 3ft,Metal Eyelets,Hemmed Edges,325gsm Mesh,340.32,1,309.38,2,278.44,4,N/A,N/A,0,2.5,6.5,15,0.2,3048,914,,,"{""Size"":""10ft x 3ft"",""Eyelets"":""Metal Eyelets"",""Hemming"":""Hemmed Edges"",""Material"":""325gsm Mesh""}",22/07/2022,N/A,MES-568-573-710-606-EXPRESS,MES-568-573-710-606-STANDARD,MES-568-573-710-606-SAVER,N/A
Mesh Banners,PRD-TVUKX7AL,20,0.2,10ft x 3ft,Metal Eyelets,Hemmed Edges,325gsm Mesh,671.74,1,610.67,2,549.6,4,N/A,N/A,0,2.5,6.5,15,0.2,3048,914,,,"{""Size"":""10ft x 3ft"",""Eyelets"":""Metal Eyelets"",""Hemming"":""Hemmed Edges"",""Material"":""325gsm Mesh""}",22/07/2022,N/A,MES-568-573-710-606-EXPRESS,MES-568-573-710-606-STANDARD,MES-568-573-710-606-SAVER,N/A
Mesh Banners,PRD-TVUKX7AL,50,0.2,10ft x 3ft,Metal Eyelets,Hemmed Edges,325gsm Mesh,1666,1,1514.55,2,1363.1,4,N/A,N/A,0,2.5,6.5,15,0.2,3048,914,,,"{""Size"":""10ft x 3ft"",""Eyelets"":""Metal Eyelets"",""Hemming"":""Hemmed Edges"",""Material"":""325gsm Mesh""}",22/07/2022,N/A,MES-568-573-710-606-EXPRESS,MES-568-573-710-606-STANDARD,MES-568-573-710-606-SAVER,N/A
Mesh Banners,PRD-TVUKX7AL,99,0.2,10ft x 3ft,Metal Eyelets,Hemmed Edges,325gsm Mesh,3289.97,1,2990.88,2,2691.79,4,N/A,N/A,0,2.5,6.5,15,0.2,3048,914,,,"{""Size"":""10ft x 3ft"",""Eyelets"":""Metal Eyelets"",""Hemming"":""Hemmed Edges"",""Material"":""325gsm Mesh""}",22/07/2022,N/A,MES-568-573-710-606-EXPRESS,MES-568-573-710-606-STANDARD,MES-568-573-710-606-SAVER,N/A
Mesh Banners,PRD-TVUKX7AL,1,0.2,1.5m x 1m,Metal Eyelets,Hemmed Edges,260gsm Mesh,25.61,1,23.28,2,20.95,4,N/A,N/A,0,2.5,6.5,15,0.2,1500,1000,,,"{""Size"":""1.5m x 1m"",""Eyelets"":""Metal Eyelets"",""Hemming"":""Hemmed Edges"",""Material"":""260gsm Mesh""}",22/07/2022,N/A,MES-613-467-604-570-EXPRESS,MES-613-467-604-570-STANDARD,MES-613-467-604-570-SAVER,N/A
Mesh Banners,PRD-TVUKX7AL,3,0.2,1.5m x 1m,Metal Eyelets,Hemmed Edges,260gsm Mesh,61.29,1,55.72,2,50.15,4,N/A,N/A,0,2.5,6.5,15,0.2,1500,1000,,,"{""Size"":""1.5m x 1m"",""Eyelets"":""Metal Eyelets"",""Hemming"":""Hemmed Edges"",""Material"":""260gsm Mesh""}",22/07/2022,N/A,MES-613-467-604-570-EXPRESS,MES-613-467-604-570-STANDARD,MES-613-467-604-570-SAVER,N/A
Mesh Banners,PRD-TVUKX7AL,5,0.2,1.5m x 1m,Metal Eyelets,Hemmed Edges,260gsm Mesh,96.99,1,88.17,2,79.35,4,N/A,N/A,0,2.5,6.5,15,0.2,1500,1000,,,"{""Size"":""1.5m x 1m"",""Eyelets"":""Metal Eyelets"",""Hemming"":""Hemmed Edges"",""Material"":""260gsm Mesh""}",22/07/2022,N/A,MES-613-467-604-570-EXPRESS,MES-613-467-604-570-STANDARD,MES-613-467-604-570-SAVER,N/A
Mesh Banners,PRD-TVUKX7AL,10,0.2,1.5m x 1m,Metal Eyelets,Hemmed Edges,260gsm Mesh,186.21,1,169.28,2,152.35,4,N/A,N/A,0,2.5,6.5,15,0.2,1500,1000,,,"{""Size"":""1.5m x 1m"",""Eyelets"":""Metal Eyelets"",""Hemming"":""Hemmed Edges"",""Material"":""260gsm Mesh""}",22/07/2022,N/A,MES-613-467-604-570-EXPRESS,MES-613-467-604-570-STANDARD,MES-613-467-604-570-SAVER,N/A
Mesh Banners,PRD-TVUKX7AL,20,0.2,1.5m x 1m,Metal Eyelets,Hemmed Edges,260gsm Mesh,364.66,1,331.51,2,298.36,4,N/A,N/A,0,2.5,6.5,15,0.2,1500,1000,,,"{""Size"":""1.5m x 1m"",""Eyelets"":""Metal Eyelets"",""Hemming"":""Hemmed Edges"",""Material"":""260gsm Mesh""}",22/07/2022,N/A,MES-613-467-604-570-EXPRESS,MES-613-467-604-570-STANDARD,MES-613-467-604-570-SAVER,N/A
Mesh Banners,PRD-TVUKX7AL,50,0.2,1.5m x 1m,Metal Eyelets,Hemmed Edges,260gsm Mesh,900,1,818.18,2,736.36,4,N/A,N/A,0,2.5,6.5,15,0.2,1500,1000,,,"{""Size"":""1.5m x 1m"",""Eyelets"":""Metal Eyelets"",""Hemming"":""Hemmed Edges"",""Material"":""260gsm Mesh""}",22/07/2022,N/A,MES-613-467-604-570-EXPRESS,MES-613-467-604-570-STANDARD,MES-613-467-604-570-SAVER,N/A
Mesh Banners,PRD-TVUKX7AL,99,0.2,1.5m x 1m,Metal Eyelets,Hemmed Edges,260gsm Mesh,1774.39,1,1613.08,2,1451.77,4,N/A,N/A,0,2.5,6.5,15,0.2,1500,1000,,,"{""Size"":""1.5m x 1m"",""Eyelets"":""Metal Eyelets"",""Hemming"":""Hemmed Edges"",""Material"":""260gsm Mesh""}",22/07/2022,N/A,MES-613-467-604-570-EXPRESS,MES-613-467-604-570-STANDARD,MES-613-467-604-570-SAVER,N/A
Mesh Banners,PRD-TVUKX7AL,1,0.2,3m x 1m,Metal Eyelets,Hemmed Edges,325gsm Mesh,44.58,1,40.53,2,36.48,4,N/A,N/A,0,2.5,6.5,15,0.2,3000,1000,,,"{""Size"":""3m x 1m"",""Eyelets"":""Metal Eyelets"",""Hemming"":""Hemmed Edges"",""Material"":""325gsm Mesh""}",22/07/2022,N/A,MES-526-604-563-557-EXPRESS,MES-526-604-563-557-STANDARD,MES-526-604-563-557-SAVER,N/A
Mesh Banners,PRD-TVUKX7AL,3,0.2,3m x 1m,Metal Eyelets,Hemmed Edges,325gsm Mesh,115.96,1,105.42,2,94.88,4,N/A,N/A,0,2.5,6.5,15,0.2,3000,1000,,,"{""Size"":""3m x 1m"",""Eyelets"":""Metal Eyelets"",""Hemming"":""Hemmed Edges"",""Material"":""325gsm Mesh""}",22/07/2022,N/A,MES-526-604-563-557-EXPRESS,MES-526-604-563-557-STANDARD,MES-526-604-563-557-SAVER,N/A
Mesh Banners,PRD-TVUKX7AL,5,0.2,3m x 1m,Metal Eyelets,Hemmed Edges,325gsm Mesh,187.34,1,170.31,2,153.28,4,N/A,N/A,0,2.5,6.5,15,0.2,3000,1000,,,"{""Size"":""3m x 1m"",""Eyelets"":""Metal Eyelets"",""Hemming"":""Hemmed Edges"",""Material"":""325gsm Mesh""}",22/07/2022,N/A,MES-526-604-563-557-EXPRESS,MES-526-604-563-557-STANDARD,MES-526-604-563-557-SAVER,N/A
Mesh Banners,PRD-TVUKX7AL,10,0.2,3m x 1m,Metal Eyelets,Hemmed Edges,325gsm Mesh,365.79,1,332.54,2,299.29,4,N/A,N/A,0,2.5,6.5,15,0.2,3000,1000,,,"{""Size"":""3m x 1m"",""Eyelets"":""Metal Eyelets"",""Hemming"":""Hemmed Edges"",""Material"":""325gsm Mesh""}",22/07/2022,N/A,MES-526-604-563-557-EXPRESS,MES-526-604-563-557-STANDARD,MES-526-604-563-557-SAVER,N/A
Mesh Banners,PRD-TVUKX7AL,20,0.2,3m x 1m,Metal Eyelets,Hemmed Edges,325gsm Mesh,722.69,1,656.99,2,591.29,4,N/A,N/A,0,2.5,6.5,15,0.2,3000,1000,,,"{""Size"":""3m x 1m"",""Eyelets"":""Metal Eyelets"",""Hemming"":""Hemmed Edges"",""Material"":""325gsm Mesh""}",22/07/2022,N/A,MES-526-604-563-557-EXPRESS,MES-526-604-563-557-STANDARD,MES-526-604-563-557-SAVER,N/A
Mesh Banners,PRD-TVUKX7AL,50,0.2,3m x 1m,Metal Eyelets,Hemmed Edges,325gsm Mesh,1793.37,1,1630.34,2,1467.31,4,N/A,N/A,0,2.5,6.5,15,0.2,3000,1000,,,"{""Size"":""3m x 1m"",""Eyelets"":""Metal Eyelets"",""Hemming"":""Hemmed Edges"",""Material"":""325gsm Mesh""}",22/07/2022,N/A,MES-526-604-563-557-EXPRESS,MES-526-604-563-557-STANDARD,MES-526-604-563-557-SAVER,N/A
Mesh Banners,PRD-TVUKX7AL,99,0.2,3m x 1m,Metal Eyelets,Hemmed Edges,325gsm Mesh,3542.15,1,3220.14,2,2898.13,4,N/A,N/A,0,2.5,6.5,15,0.2,3000,1000,,,"{""Size"":""3m x 1m"",""Eyelets"":""Metal Eyelets"",""Hemming"":""Hemmed Edges"",""Material"":""325gsm Mesh""}",22/07/2022,N/A,MES-526-604-563-557-EXPRESS,MES-526-604-563-557-STANDARD,MES-526-604-563-557-SAVER,N/A
Mesh Banners,PRD-TVUKX7AL,1,0.2,8ft x 3ft,Metal Eyelets,Hemmed Edges,325gsm Mesh,35.4,1,32.18,2,28.96,4,N/A,N/A,0,2.5,6.5,15,0.2,2438,914,,,"{""Size"":""8ft x 3ft"",""Eyelets"":""Metal Eyelets"",""Hemming"":""Hemmed Edges"",""Material"":""325gsm Mesh""}",22/07/2022,N/A,MES-606-563-602-663-EXPRESS,MES-606-563-602-663-STANDARD,MES-606-563-602-663-SAVER,N/A
Mesh Banners,PRD-TVUKX7AL,3,0.2,8ft x 3ft,Metal Eyelets,Hemmed Edges,325gsm Mesh,88.42,1,80.38,2,72.34,4,N/A,N/A,0,2.5,6.5,15,0.2,2438,914,,,"{""Size"":""8ft x 3ft"",""Eyelets"":""Metal Eyelets"",""Hemming"":""Hemmed Edges"",""Material"":""325gsm Mesh""}",22/07/2022,N/A,MES-606-563-602-663-EXPRESS,MES-606-563-602-663-STANDARD,MES-606-563-602-663-SAVER,N/A
Mesh Banners,PRD-TVUKX7AL,5,0.2,8ft x 3ft,Metal Eyelets,Hemmed Edges,325gsm Mesh,141.44,1,128.58,2,115.72,4,N/A,N/A,0,2.5,6.5,15,0.2,2438,914,,,"{""Size"":""8ft x 3ft"",""Eyelets"":""Metal Eyelets"",""Hemming"":""Hemmed Edges"",""Material"":""325gsm Mesh""}",22/07/2022,N/A,MES-606-563-602-663-EXPRESS,MES-606-563-602-663-STANDARD,MES-606-563-602-663-SAVER,N/A
Mesh Banners,PRD-TVUKX7AL,10,0.2,8ft x 3ft,Metal Eyelets,Hemmed Edges,325gsm Mesh,273.99,1,249.08,2,224.17,4,N/A,N/A,0,2.5,6.5,15,0.2,2438,914,,,"{""Size"":""8ft x 3ft"",""Eyelets"":""Metal Eyelets"",""Hemming"":""Hemmed Edges"",""Material"":""325gsm Mesh""}",22/07/2022,N/A,MES-606-563-602-663-EXPRESS,MES-606-563-602-663-STANDARD,MES-606-563-602-663-SAVER,N/A
Mesh Banners,PRD-TVUKX7AL,20,0.2,8ft x 3ft,Metal Eyelets,Hemmed Edges,325gsm Mesh,539.08,1,490.07,2,441.06,4,N/A,N/A,0,2.5,6.5,15,0.2,2438,914,,,"{""Size"":""8ft x 3ft"",""Eyelets"":""Metal Eyelets"",""Hemming"":""Hemmed Edges"",""Material"":""325gsm Mesh""}",22/07/2022,N/A,MES-606-563-602-663-EXPRESS,MES-606-563-602-663-STANDARD,MES-606-563-602-663-SAVER,N/A
Mesh Banners,PRD-TVUKX7AL,50,0.2,8ft x 3ft,Metal Eyelets,Hemmed Edges,325gsm Mesh,1334.37,1,1213.06,2,1091.75,4,N/A,N/A,0,2.5,6.5,15,0.2,2438,914,,,"{""Size"":""8ft x 3ft"",""Eyelets"":""Metal Eyelets"",""Hemming"":""Hemmed Edges"",""Material"":""325gsm Mesh""}",22/07/2022,N/A,MES-606-563-602-663-EXPRESS,MES-606-563-602-663-STANDARD,MES-606-563-602-663-SAVER,N/A
Mesh Banners,PRD-TVUKX7AL,99,0.2,8ft x 3ft,Metal Eyelets,Hemmed Edges,325gsm Mesh,2633.32,1,2393.93,2,2154.54,4,N/A,N/A,0,2.5,6.5,15,0.2,2438,914,,,"{""Size"":""8ft x 3ft"",""Eyelets"":""Metal Eyelets"",""Hemming"":""Hemmed Edges"",""Material"":""325gsm Mesh""}",22/07/2022,N/A,MES-606-563-602-663-EXPRESS,MES-606-563-602-663-STANDARD,MES-606-563-602-663-SAVER,N/A
Mesh Banners,PRD-TVUKX7AL,1,0.2,1.5m x 0.5m,Metal Eyelets,Hemmed Edges,325gsm Mesh,17.82,1,16.2,2,14.58,4,N/A,N/A,0,2.5,6.5,15,0.2,1500,500,,,"{""Size"":""1.5m x 0.5m"",""Eyelets"":""Metal Eyelets"",""Hemming"":""Hemmed Edges"",""Material"":""325gsm Mesh""}",22/07/2022,N/A,MES-472-550-657-658-EXPRESS,MES-472-550-657-658-STANDARD,MES-472-550-657-658-SAVER,N/A
Mesh Banners,PRD-TVUKX7AL,3,0.2,1.5m x 0.5m,Metal Eyelets,Hemmed Edges,325gsm Mesh,35.66,1,32.42,2,29.18,4,N/A,N/A,0,2.5,6.5,15,0.2,1500,500,,,"{""Size"":""1.5m x 0.5m"",""Eyelets"":""Metal Eyelets"",""Hemming"":""Hemmed Edges"",""Material"":""325gsm Mesh""}",22/07/2022,N/A,MES-472-550-657-658-EXPRESS,MES-472-550-657-658-STANDARD,MES-472-550-657-658-SAVER,N/A
Mesh Banners,PRD-TVUKX7AL,5,0.2,1.5m x 0.5m,Metal Eyelets,Hemmed Edges,325gsm Mesh,53.5,1,48.64,2,43.78,4,N/A,N/A,0,2.5,6.5,15,0.2,1500,500,,,"{""Size"":""1.5m x 0.5m"",""Eyelets"":""Metal Eyelets"",""Hemming"":""Hemmed Edges"",""Material"":""325gsm Mesh""}",22/07/2022,N/A,MES-472-550-657-658-EXPRESS,MES-472-550-657-658-STANDARD,MES-472-550-657-658-SAVER,N/A
Mesh Banners,PRD-TVUKX7AL,10,0.2,1.5m x 0.5m,Metal Eyelets,Hemmed Edges,325gsm Mesh,98.12,1,89.2,2,80.28,4,N/A,N/A,0,2.5,6.5,15,0.2,1500,500,,,"{""Size"":""1.5m x 0.5m"",""Eyelets"":""Metal Eyelets"",""Hemming"":""Hemmed Edges"",""Material"":""325gsm Mesh""}",22/07/2022,N/A,MES-472-550-657-658-EXPRESS,MES-472-550-657-658-STANDARD,MES-472-550-657-658-SAVER,N/A
Mesh Banners,PRD-TVUKX7AL,20,0.2,1.5m x 0.5m,Metal Eyelets,Hemmed Edges,325gsm Mesh,187.34,1,170.31,2,153.28,4,N/A,N/A,0,2.5,6.5,15,0.2,1500,500,,,"{""Size"":""1.5m x 0.5m"",""Eyelets"":""Metal Eyelets"",""Hemming"":""Hemmed Edges"",""Material"":""325gsm Mesh""}",22/07/2022,N/A,MES-472-550-657-658-EXPRESS,MES-472-550-657-658-STANDARD,MES-472-550-657-658-SAVER,N/A
Mesh Banners,PRD-TVUKX7AL,50,0.2,1.5m x 0.5m,Metal Eyelets,Hemmed Edges,325gsm Mesh,455.02,1,413.65,2,372.28,4,N/A,N/A,0,2.5,6.5,15,0.2,1500,500,,,"{""Size"":""1.5m x 0.5m"",""Eyelets"":""Metal Eyelets"",""Hemming"":""Hemmed Edges"",""Material"":""325gsm Mesh""}",22/07/2022,N/A,MES-472-550-657-658-EXPRESS,MES-472-550-657-658-STANDARD,MES-472-550-657-658-SAVER,N/A
Mesh Banners,PRD-TVUKX7AL,99,0.2,1.5m x 0.5m,Metal Eyelets,Hemmed Edges,325gsm Mesh,892.21,1,811.1,2,729.99,4,N/A,N/A,0,2.5,6.5,15,0.2,1500,500,,,"{""Size"":""1.5m x 0.5m"",""Eyelets"":""Metal Eyelets"",""Hemming"":""Hemmed Edges"",""Material"":""325gsm Mesh""}",22/07/2022,N/A,MES-472-550-657-658-EXPRESS,MES-472-550-657-658-STANDARD,MES-472-550-657-658-SAVER,N/A
Mesh Banners,PRD-TVUKX7AL,1,0.2,8ft x 3ft,Metal Eyelets,Hemmed Edges,260gsm Mesh,34.26,1,31.15,2,28.03,4,N/A,N/A,0,2.5,6.5,15,0.2,,,,,"{""Size"":""8ft x 3ft"",""Eyelets"":""Metal Eyelets"",""Hemming"":""Hemmed Edges"",""Material"":""260gsm Mesh""}",22/07/2022,N/A,MES-474-552-604-651-EXPRESS,MES-474-552-604-651-STANDARD,MES-474-552-604-651-SAVER,N/A
Mesh Banners,PRD-TVUKX7AL,3,0.2,8ft x 3ft,Metal Eyelets,Hemmed Edges,260gsm Mesh,87.28,1,79.35,2,71.41,4,N/A,N/A,0,2.5,6.5,15,0.2,,,,,"{""Size"":""8ft x 3ft"",""Eyelets"":""Metal Eyelets"",""Hemming"":""Hemmed Edges"",""Material"":""260gsm Mesh""}",22/07/2022,N/A,MES-474-552-604-651-EXPRESS,MES-474-552-604-651-STANDARD,MES-474-552-604-651-SAVER,N/A
Mesh Banners,PRD-TVUKX7AL,5,0.2,8ft x 3ft,Metal Eyelets,Hemmed Edges,260gsm Mesh,140.3,1,127.55,2,114.8,4,N/A,N/A,0,2.5,6.5,15,0.2,,,,,"{""Size"":""8ft x 3ft"",""Eyelets"":""Metal Eyelets"",""Hemming"":""Hemmed Edges"",""Material"":""260gsm Mesh""}",22/07/2022,N/A,MES-474-552-604-651-EXPRESS,MES-474-552-604-651-STANDARD,MES-474-552-604-651-SAVER,N/A
Mesh Banners,PRD-TVUKX7AL,10,0.2,8ft x 3ft,Metal Eyelets,Hemmed Edges,260gsm Mesh,272.86,1,248.05,2,223.24,4,N/A,N/A,0,2.5,6.5,15,0.2,,,,,"{""Size"":""8ft x 3ft"",""Eyelets"":""Metal Eyelets"",""Hemming"":""Hemmed Edges"",""Material"":""260gsm Mesh""}",22/07/2022,N/A,MES-474-552-604-651-EXPRESS,MES-474-552-604-651-STANDARD,MES-474-552-604-651-SAVER,N/A
Mesh Banners,PRD-TVUKX7AL,20,0.2,8ft x 3ft,Metal Eyelets,Hemmed Edges,260gsm Mesh,537.94,1,489.04,2,440.14,4,N/A,N/A,0,2.5,6.5,15,0.2,,,,,"{""Size"":""8ft x 3ft"",""Eyelets"":""Metal Eyelets"",""Hemming"":""Hemmed Edges"",""Material"":""260gsm Mesh""}",22/07/2022,N/A,MES-474-552-604-651-EXPRESS,MES-474-552-604-651-STANDARD,MES-474-552-604-651-SAVER,N/A
Mesh Banners,PRD-TVUKX7AL,50,0.2,8ft x 3ft,Metal Eyelets,Hemmed Edges,260gsm Mesh,1333.23,1,1212.03,2,1090.83,4,N/A,N/A,0,2.5,6.5,15,0.2,,,,,"{""Size"":""8ft x 3ft"",""Eyelets"":""Metal Eyelets"",""Hemming"":""Hemmed Edges"",""Material"":""260gsm Mesh""}",22/07/2022,N/A,MES-474-552-604-651-EXPRESS,MES-474-552-604-651-STANDARD,MES-474-552-604-651-SAVER,N/A
Mesh Banners,PRD-TVUKX7AL,99,0.2,8ft x 3ft,Metal Eyelets,Hemmed Edges,260gsm Mesh,2632.19,1,2392.9,2,2153.61,4,N/A,N/A,0,2.5,6.5,15,0.2,,,,,"{""Size"":""8ft x 3ft"",""Eyelets"":""Metal Eyelets"",""Hemming"":""Hemmed Edges"",""Material"":""260gsm Mesh""}",22/07/2022,N/A,MES-474-552-604-651-EXPRESS,MES-474-552-604-651-STANDARD,MES-474-552-604-651-SAVER,N/A
Mesh Banners,PRD-TVUKX7AL,1,0.2,4ft x 2ft,Metal Eyelets,Hemmed Edges,260gsm Mesh,16.99,1,15.45,2,13.9,4,N/A,N/A,0,2.5,6.5,15,0.2,1219,610,,,"{""Size"":""4ft x 2ft"",""Eyelets"":""Metal Eyelets"",""Hemming"":""Hemmed Edges"",""Material"":""260gsm Mesh""}",22/07/2022,N/A,MES-658-566-482-567-EXPRESS,MES-658-566-482-567-STANDARD,MES-658-566-482-567-SAVER,N/A
Mesh Banners,PRD-TVUKX7AL,3,0.2,4ft x 2ft,Metal Eyelets,Hemmed Edges,260gsm Mesh,34.3,1,31.18,2,28.06,4,N/A,N/A,0,2.5,6.5,15,0.2,1219,610,,,"{""Size"":""4ft x 2ft"",""Eyelets"":""Metal Eyelets"",""Hemming"":""Hemmed Edges"",""Material"":""260gsm Mesh""}",22/07/2022,N/A,MES-658-566-482-567-EXPRESS,MES-658-566-482-567-STANDARD,MES-658-566-482-567-SAVER,N/A
Mesh Banners,PRD-TVUKX7AL,5,0.2,4ft x 2ft,Metal Eyelets,Hemmed Edges,260gsm Mesh,52,1,47.27,2,42.54,4,N/A,N/A,0,2.5,6.5,15,0.2,1219,610,,,"{""Size"":""4ft x 2ft"",""Eyelets"":""Metal Eyelets"",""Hemming"":""Hemmed Edges"",""Material"":""260gsm Mesh""}",22/07/2022,N/A,MES-658-566-482-567-EXPRESS,MES-658-566-482-567-STANDARD,MES-658-566-482-567-SAVER,N/A
Mesh Banners,PRD-TVUKX7AL,10,0.2,4ft x 2ft,Metal Eyelets,Hemmed Edges,260gsm Mesh,96.22,1,87.47,2,78.72,4,N/A,N/A,0,2.5,6.5,15,0.2,1219,610,,,"{""Size"":""4ft x 2ft"",""Eyelets"":""Metal Eyelets"",""Hemming"":""Hemmed Edges"",""Material"":""260gsm Mesh""}",22/07/2022,N/A,MES-658-566-482-567-EXPRESS,MES-658-566-482-567-STANDARD,MES-658-566-482-567-SAVER,N/A
Mesh Banners,PRD-TVUKX7AL,20,0.2,4ft x 2ft,Metal Eyelets,Hemmed Edges,260gsm Mesh,184.68,1,167.89,2,151.1,4,N/A,N/A,0,2.5,6.5,15,0.2,1219,610,,,"{""Size"":""4ft x 2ft"",""Eyelets"":""Metal Eyelets"",""Hemming"":""Hemmed Edges"",""Material"":""260gsm Mesh""}",22/07/2022,N/A,MES-658-566-482-567-EXPRESS,MES-658-566-482-567-STANDARD,MES-658-566-482-567-SAVER,N/A
Mesh Banners,PRD-TVUKX7AL,50,0.2,4ft x 2ft,Metal Eyelets,Hemmed Edges,260gsm Mesh,450.06,1,409.15,2,368.23,4,N/A,N/A,0,2.5,6.5,15,0.2,1219,610,,,"{""Size"":""4ft x 2ft"",""Eyelets"":""Metal Eyelets"",""Hemming"":""Hemmed Edges"",""Material"":""260gsm Mesh""}",22/07/2022,N/A,MES-658-566-482-567-EXPRESS,MES-658-566-482-567-STANDARD,MES-658-566-482-567-SAVER,N/A
Mesh Banners,PRD-TVUKX7AL,99,0.2,4ft x 2ft,Metal Eyelets,Hemmed Edges,260gsm Mesh,883.53,1,803.21,2,722.89,4,N/A,N/A,0,2.5,6.5,15,0.2,1219,610,,,"{""Size"":""4ft x 2ft"",""Eyelets"":""Metal Eyelets"",""Hemming"":""Hemmed Edges"",""Material"":""260gsm Mesh""}",22/07/2022,N/A,MES-658-566-482-567-EXPRESS,MES-658-566-482-567-STANDARD,MES-658-566-482-567-SAVER,N/A
Mesh Banners,PRD-TVUKX7AL,1,0.2,1.5m x 0.5m,Metal Eyelets,Hemmed Edges,260gsm Mesh,16.99,1,15.45,2,13.9,4,N/A,N/A,0,2.5,6.5,15,0.2,,,,,"{""Size"":""1.5m x 0.5m"",""Eyelets"":""Metal Eyelets"",""Hemming"":""Hemmed Edges"",""Material"":""260gsm Mesh""}",22/07/2022,N/A,MES-604-563-544-607-EXPRESS,MES-604-563-544-607-STANDARD,MES-604-563-544-607-SAVER,N/A
Mesh Banners,PRD-TVUKX7AL,3,0.2,1.5m x 0.5m,Metal Eyelets,Hemmed Edges,260gsm Mesh,34.53,1,31.39,2,28.25,4,N/A,N/A,0,2.5,6.5,15,0.2,,,,,"{""Size"":""1.5m x 0.5m"",""Eyelets"":""Metal Eyelets"",""Hemming"":""Hemmed Edges"",""Material"":""260gsm Mesh""}",22/07/2022,N/A,MES-604-563-544-607-EXPRESS,MES-604-563-544-607-STANDARD,MES-604-563-544-607-SAVER,N/A
Mesh Banners,PRD-TVUKX7AL,5,0.2,1.5m x 0.5m,Metal Eyelets,Hemmed Edges,260gsm Mesh,52.37,1,47.61,2,42.85,4,N/A,N/A,0,2.5,6.5,15,0.2,,,,,"{""Size"":""1.5m x 0.5m"",""Eyelets"":""Metal Eyelets"",""Hemming"":""Hemmed Edges"",""Material"":""260gsm Mesh""}",22/07/2022,N/A,MES-604-563-544-607-EXPRESS,MES-604-563-544-607-STANDARD,MES-604-563-544-607-SAVER,N/A
Mesh Banners,PRD-TVUKX7AL,10,0.2,1.5m x 0.5m,Metal Eyelets,Hemmed Edges,260gsm Mesh,96.99,1,88.17,2,79.35,4,N/A,N/A,0,2.5,6.5,15,0.2,,,,,"{""Size"":""1.5m x 0.5m"",""Eyelets"":""Metal Eyelets"",""Hemming"":""Hemmed Edges"",""Material"":""260gsm Mesh""}",22/07/2022,N/A,MES-604-563-544-607-EXPRESS,MES-604-563-544-607-STANDARD,MES-604-563-544-607-SAVER,N/A
Mesh Banners,PRD-TVUKX7AL,20,0.2,1.5m x 0.5m,Metal Eyelets,Hemmed Edges,260gsm Mesh,186.21,1,169.28,2,152.35,4,N/A,N/A,0,2.5,6.5,15,0.2,,,,,"{""Size"":""1.5m x 0.5m"",""Eyelets"":""Metal Eyelets"",""Hemming"":""Hemmed Edges"",""Material"":""260gsm Mesh""}",22/07/2022,N/A,MES-604-563-544-607-EXPRESS,MES-604-563-544-607-STANDARD,MES-604-563-544-607-SAVER,N/A
Mesh Banners,PRD-TVUKX7AL,50,0.2,1.5m x 0.5m,Metal Eyelets,Hemmed Edges,260gsm Mesh,453.88,1,412.62,2,371.36,4,N/A,N/A,0,2.5,6.5,15,0.2,,,,,"{""Size"":""1.5m x 0.5m"",""Eyelets"":""Metal Eyelets"",""Hemming"":""Hemmed Edges"",""Material"":""260gsm Mesh""}",22/07/2022,N/A,MES-604-563-544-607-EXPRESS,MES-604-563-544-607-STANDARD,MES-604-563-544-607-SAVER,N/A
Mesh Banners,PRD-TVUKX7AL,99,0.2,1.5m x 0.5m,Metal Eyelets,Hemmed Edges,260gsm Mesh,891.08,1,810.07,2,729.06,4,N/A,N/A,0,2.5,6.5,15,0.2,,,,,"{""Size"":""1.5m x 0.5m"",""Eyelets"":""Metal Eyelets"",""Hemming"":""Hemmed Edges"",""Material"":""260gsm Mesh""}",22/07/2022,N/A,MES-604-563-544-607-EXPRESS,MES-604-563-544-607-STANDARD,MES-604-563-544-607-SAVER,N/A
Mesh Banners,PRD-TVUKX7AL,1,0.2,1.5m x 1m,Metal Eyelets,Hemmed Edges,325gsm Mesh,26.74,1,24.31,2,21.88,4,N/A,N/A,0,2.5,6.5,15,0.2,1500,1000,,,"{""Size"":""1.5m x 1m"",""Eyelets"":""Metal Eyelets"",""Hemming"":""Hemmed Edges"",""Material"":""325gsm Mesh""}",22/07/2022,N/A,MES-694-506-609-513-EXPRESS,MES-694-506-609-513-STANDARD,MES-694-506-609-513-SAVER,N/A
Mesh Banners,PRD-TVUKX7AL,3,0.2,1.5m x 1m,Metal Eyelets,Hemmed Edges,325gsm Mesh,62.42,1,56.75,2,51.08,4,N/A,N/A,0,2.5,6.5,15,0.2,1500,1000,,,"{""Size"":""1.5m x 1m"",""Eyelets"":""Metal Eyelets"",""Hemming"":""Hemmed Edges"",""Material"":""325gsm Mesh""}",22/07/2022,N/A,MES-694-506-609-513-EXPRESS,MES-694-506-609-513-STANDARD,MES-694-506-609-513-SAVER,N/A
Mesh Banners,PRD-TVUKX7AL,5,0.2,1.5m x 1m,Metal Eyelets,Hemmed Edges,325gsm Mesh,98.12,1,89.2,2,80.28,4,N/A,N/A,0,2.5,6.5,15,0.2,1500,1000,,,"{""Size"":""1.5m x 1m"",""Eyelets"":""Metal Eyelets"",""Hemming"":""Hemmed Edges"",""Material"":""325gsm Mesh""}",22/07/2022,N/A,MES-694-506-609-513-EXPRESS,MES-694-506-609-513-STANDARD,MES-694-506-609-513-SAVER,N/A
Mesh Banners,PRD-TVUKX7AL,10,0.2,1.5m x 1m,Metal Eyelets,Hemmed Edges,325gsm Mesh,187.34,1,170.31,2,153.28,4,N/A,N/A,0,2.5,6.5,15,0.2,1500,1000,,,"{""Size"":""1.5m x 1m"",""Eyelets"":""Metal Eyelets"",""Hemming"":""Hemmed Edges"",""Material"":""325gsm Mesh""}",22/07/2022,N/A,MES-694-506-609-513-EXPRESS,MES-694-506-609-513-STANDARD,MES-694-506-609-513-SAVER,N/A
Mesh Banners,PRD-TVUKX7AL,20,0.2,1.5m x 1m,Metal Eyelets,Hemmed Edges,325gsm Mesh,365.79,1,332.54,2,299.29,4,N/A,N/A,0,2.5,6.5,15,0.2,1500,1000,,,"{""Size"":""1.5m x 1m"",""Eyelets"":""Metal Eyelets"",""Hemming"":""Hemmed Edges"",""Material"":""325gsm Mesh""}",22/07/2022,N/A,MES-694-506-609-513-EXPRESS,MES-694-506-609-513-STANDARD,MES-694-506-609-513-SAVER,N/A
Mesh Banners,PRD-TVUKX7AL,50,0.2,1.5m x 1m,Metal Eyelets,Hemmed Edges,325gsm Mesh,901.13,1,819.21,2,737.29,4,N/A,N/A,0,2.5,6.5,15,0.2,1500,1000,,,"{""Size"":""1.5m x 1m"",""Eyelets"":""Metal Eyelets"",""Hemming"":""Hemmed Edges"",""Material"":""325gsm Mesh""}",22/07/2022,N/A,MES-694-506-609-513-EXPRESS,MES-694-506-609-513-STANDARD,MES-694-506-609-513-SAVER,N/A
Mesh Banners,PRD-TVUKX7AL,99,0.2,1.5m x 1m,Metal Eyelets,Hemmed Edges,325gsm Mesh,1775.52,1,1614.11,2,1452.7,4,N/A,N/A,0,2.5,6.5,15,0.2,1500,1000,,,"{""Size"":""1.5m x 1m"",""Eyelets"":""Metal Eyelets"",""Hemming"":""Hemmed Edges"",""Material"":""325gsm Mesh""}",22/07/2022,N/A,MES-694-506-609-513-EXPRESS,MES-694-506-609-513-STANDARD,MES-694-506-609-513-SAVER,N/A
Mesh Banners,PRD-TVUKX7AL,1,0.2,2m x 1m,Metal Eyelets,Hemmed Edges,325gsm Mesh,32.69,1,29.72,2,26.75,4,N/A,N/A,0,2.5,6.5,15,0.2,,,,,"{""Size"":""2m x 1m"",""Eyelets"":""Metal Eyelets"",""Hemming"":""Hemmed Edges"",""Material"":""325gsm Mesh""}",22/07/2022,N/A,MES-568-462-608-575-EXPRESS,MES-568-462-608-575-STANDARD,MES-568-462-608-575-SAVER,N/A
Mesh Banners,PRD-TVUKX7AL,3,0.2,2m x 1m,Metal Eyelets,Hemmed Edges,325gsm Mesh,80.28,1,72.98,2,65.68,4,N/A,N/A,0,2.5,6.5,15,0.2,,,,,"{""Size"":""2m x 1m"",""Eyelets"":""Metal Eyelets"",""Hemming"":""Hemmed Edges"",""Material"":""325gsm Mesh""}",22/07/2022,N/A,MES-568-462-608-575-EXPRESS,MES-568-462-608-575-STANDARD,MES-568-462-608-575-SAVER,N/A
Mesh Banners,PRD-TVUKX7AL,5,0.2,2m x 1m,Metal Eyelets,Hemmed Edges,325gsm Mesh,127.86,1,116.24,2,104.62,4,N/A,N/A,0,2.5,6.5,15,0.2,,,,,"{""Size"":""2m x 1m"",""Eyelets"":""Metal Eyelets"",""Hemming"":""Hemmed Edges"",""Material"":""325gsm Mesh""}",22/07/2022,N/A,MES-568-462-608-575-EXPRESS,MES-568-462-608-575-STANDARD,MES-568-462-608-575-SAVER,N/A
Mesh Banners,PRD-TVUKX7AL,10,0.2,2m x 1m,Metal Eyelets,Hemmed Edges,325gsm Mesh,246.83,1,224.39,2,201.95,4,N/A,N/A,0,2.5,6.5,15,0.2,,,,,"{""Size"":""2m x 1m"",""Eyelets"":""Metal Eyelets"",""Hemming"":""Hemmed Edges"",""Material"":""325gsm Mesh""}",22/07/2022,N/A,MES-568-462-608-575-EXPRESS,MES-568-462-608-575-STANDARD,MES-568-462-608-575-SAVER,N/A
Mesh Banners,PRD-TVUKX7AL,20,0.2,2m x 1m,Metal Eyelets,Hemmed Edges,325gsm Mesh,484.76,1,440.69,2,396.62,4,N/A,N/A,0,2.5,6.5,15,0.2,,,,,"{""Size"":""2m x 1m"",""Eyelets"":""Metal Eyelets"",""Hemming"":""Hemmed Edges"",""Material"":""325gsm Mesh""}",22/07/2022,N/A,MES-568-462-608-575-EXPRESS,MES-568-462-608-575-STANDARD,MES-568-462-608-575-SAVER,N/A
Mesh Banners,PRD-TVUKX7AL,50,0.2,2m x 1m,Metal Eyelets,Hemmed Edges,325gsm Mesh,1198.55,1,1089.59,2,980.63,4,N/A,N/A,0,2.5,6.5,15,0.2,,,,,"{""Size"":""2m x 1m"",""Eyelets"":""Metal Eyelets"",""Hemming"":""Hemmed Edges"",""Material"":""325gsm Mesh""}",22/07/2022,N/A,MES-568-462-608-575-EXPRESS,MES-568-462-608-575-STANDARD,MES-568-462-608-575-SAVER,N/A
Mesh Banners,PRD-TVUKX7AL,99,0.2,2m x 1m,Metal Eyelets,Hemmed Edges,325gsm Mesh,2364.41,1,2149.46,2,1934.51,4,N/A,N/A,0,2.5,6.5,15,0.2,,,,,"{""Size"":""2m x 1m"",""Eyelets"":""Metal Eyelets"",""Hemming"":""Hemmed Edges"",""Material"":""325gsm Mesh""}",22/07/2022,N/A,MES-568-462-608-575-EXPRESS,MES-568-462-608-575-STANDARD,MES-568-462-608-575-SAVER,N/A
