ProductName,ProductID,Quantity,Tax,Size,Eyelets,Hemming,Material,PriceExpress,Production Days Express,PriceStandard,Production Days Standard,PriceSaver,Production Days Saver,PriceSameday,Production Days Sameday,Price Just Print,Price File Check,Price File Check with Proofing,Price File Assist,Artwork Tax,Flat Width (mm),Flat Height (mm),Finished Width (mm),Finished Height (mm),productionDataJSON,updatedAt,Preflight,Express Sku,Standard Sku,Saver Sku,Same Day Sku
PVC Banners,PRD-OJPMGVQG,1,0.2,3m x 1m,Metal Eyelets,Hemmed Edges,510gsm PVC,42.18,1,38.35,2,34.52,4,N/A,N/A,0,2.5,6.5,15,0.2,3000,1000,,,"{""Size"":""3m x 1m"",""Eyelets"":""Metal Eyelets"",""Hemming"":""Hemmed Edges"",""Material"":""510gsm PVC""}",20/09/2021,N/A,PVC-564-567-613-519-EXPRESS,PVC-564-567-613-519-STANDARD,PVC-564-567-613-519-SAVER,N/A
PVC Banners,PRD-OJPMGVQG,3,0.2,3m x 1m,Metal Eyelets,Hemmed Edges,510gsm PVC,111.48,1,101.35,2,91.21,4,N/A,N/A,0,2.5,6.5,15,0.2,3000,1000,,,"{""Size"":""3m x 1m"",""Eyelets"":""Metal Eyelets"",""Hemming"":""Hemmed Edges"",""Material"":""510gsm PVC""}",20/09/2021,N/A,PVC-564-567-613-519-EXPRESS,PVC-564-567-613-519-STANDARD,PVC-564-567-613-519-SAVER,N/A
PVC Banners,PRD-OJPMGVQG,5,0.2,3m x 1m,Metal Eyelets,Hemmed Edges,510gsm PVC,180.78,1,164.35,2,147.92,4,N/A,N/A,0,2.5,6.5,15,0.2,3000,1000,,,"{""Size"":""3m x 1m"",""Eyelets"":""Metal Eyelets"",""Hemming"":""Hemmed Edges"",""Material"":""510gsm PVC""}",20/09/2021,N/A,PVC-564-567-613-519-EXPRESS,PVC-564-567-613-519-STANDARD,PVC-564-567-613-519-SAVER,N/A
PVC Banners,PRD-OJPMGVQG,10,0.2,3m x 1m,Metal Eyelets,Hemmed Edges,510gsm PVC,354.04,1,321.85,2,289.66,4,N/A,N/A,0,2.5,6.5,15,0.2,3000,1000,,,"{""Size"":""3m x 1m"",""Eyelets"":""Metal Eyelets"",""Hemming"":""Hemmed Edges"",""Material"":""510gsm PVC""}",20/09/2021,N/A,PVC-564-567-613-519-EXPRESS,PVC-564-567-613-519-STANDARD,PVC-564-567-613-519-SAVER,N/A
PVC Banners,PRD-OJPMGVQG,20,0.2,3m x 1m,Metal Eyelets,Hemmed Edges,510gsm PVC,700.54,1,636.85,2,573.16,4,N/A,N/A,0,2.5,6.5,15,0.2,3000,1000,,,"{""Size"":""3m x 1m"",""Eyelets"":""Metal Eyelets"",""Hemming"":""Hemmed Edges"",""Material"":""510gsm PVC""}",20/09/2021,N/A,PVC-564-567-613-519-EXPRESS,PVC-564-567-613-519-STANDARD,PVC-564-567-613-519-SAVER,N/A
PVC Banners,PRD-OJPMGVQG,50,0.2,3m x 1m,Metal Eyelets,Hemmed Edges,510gsm PVC,1740.03,1,1581.85,2,1423.66,4,N/A,N/A,0,2.5,6.5,15,0.2,3000,1000,,,"{""Size"":""3m x 1m"",""Eyelets"":""Metal Eyelets"",""Hemming"":""Hemmed Edges"",""Material"":""510gsm PVC""}",20/09/2021,N/A,PVC-564-567-613-519-EXPRESS,PVC-564-567-613-519-STANDARD,PVC-564-567-613-519-SAVER,N/A
PVC Banners,PRD-OJPMGVQG,99,0.2,3m x 1m,Metal Eyelets,Hemmed Edges,510gsm PVC,3437.88,1,3125.35,2,2812.82,4,N/A,N/A,0,2.5,6.5,15,0.2,3000,1000,,,"{""Size"":""3m x 1m"",""Eyelets"":""Metal Eyelets"",""Hemming"":""Hemmed Edges"",""Material"":""510gsm PVC""}",20/09/2021,N/A,PVC-564-567-613-519-EXPRESS,PVC-564-567-613-519-STANDARD,PVC-564-567-613-519-SAVER,N/A
PVC Banners,PRD-OJPMGVQG,1,0.2,4ft x 2ft,Metal Eyelets,None,440gsm PVC,16.5,1,15,2,13.5,4,N/A,N/A,0,2.5,6.5,15,0.2,1219,610,,,"{""Size"":""4ft x 2ft"",""Eyelets"":""Metal Eyelets"",""Hemming"":""None"",""Material"":""440gsm PVC""}",20/09/2021,N/A,PVC-462-580-523-605-EXPRESS,PVC-462-580-523-605-STANDARD,PVC-462-580-523-605-SAVER,N/A
PVC Banners,PRD-OJPMGVQG,3,0.2,4ft x 2ft,Metal Eyelets,None,440gsm PVC,30.84,1,28.04,2,25.24,4,N/A,N/A,0,2.5,6.5,15,0.2,1219,610,,,"{""Size"":""4ft x 2ft"",""Eyelets"":""Metal Eyelets"",""Hemming"":""None"",""Material"":""440gsm PVC""}",20/09/2021,N/A,PVC-462-580-523-605-EXPRESS,PVC-462-580-523-605-STANDARD,PVC-462-580-523-605-SAVER,N/A
PVC Banners,PRD-OJPMGVQG,5,0.2,4ft x 2ft,Metal Eyelets,None,440gsm PVC,46.39,1,42.17,2,37.95,4,N/A,N/A,0,2.5,6.5,15,0.2,1219,610,,,"{""Size"":""4ft x 2ft"",""Eyelets"":""Metal Eyelets"",""Hemming"":""None"",""Material"":""440gsm PVC""}",20/09/2021,N/A,PVC-462-580-523-605-EXPRESS,PVC-462-580-523-605-STANDARD,PVC-462-580-523-605-SAVER,N/A
PVC Banners,PRD-OJPMGVQG,10,0.2,4ft x 2ft,Metal Eyelets,None,440gsm PVC,85.24,1,77.49,2,69.74,4,N/A,N/A,0,2.5,6.5,15,0.2,1219,610,,,"{""Size"":""4ft x 2ft"",""Eyelets"":""Metal Eyelets"",""Hemming"":""None"",""Material"":""440gsm PVC""}",20/09/2021,N/A,PVC-462-580-523-605-EXPRESS,PVC-462-580-523-605-STANDARD,PVC-462-580-523-605-SAVER,N/A
PVC Banners,PRD-OJPMGVQG,20,0.2,4ft x 2ft,Metal Eyelets,None,440gsm PVC,162.94,1,148.13,2,133.32,4,N/A,N/A,0,2.5,6.5,15,0.2,1219,610,,,"{""Size"":""4ft x 2ft"",""Eyelets"":""Metal Eyelets"",""Hemming"":""None"",""Material"":""440gsm PVC""}",20/09/2021,N/A,PVC-462-580-523-605-EXPRESS,PVC-462-580-523-605-STANDARD,PVC-462-580-523-605-SAVER,N/A
PVC Banners,PRD-OJPMGVQG,50,0.2,4ft x 2ft,Metal Eyelets,None,440gsm PVC,396.07,1,360.06,2,324.05,4,N/A,N/A,0,2.5,6.5,15,0.2,1219,610,,,"{""Size"":""4ft x 2ft"",""Eyelets"":""Metal Eyelets"",""Hemming"":""None"",""Material"":""440gsm PVC""}",20/09/2021,N/A,PVC-462-580-523-605-EXPRESS,PVC-462-580-523-605-STANDARD,PVC-462-580-523-605-SAVER,N/A
PVC Banners,PRD-OJPMGVQG,99,0.2,4ft x 2ft,Metal Eyelets,None,440gsm PVC,776.82,1,706.2,2,635.58,4,N/A,N/A,0,2.5,6.5,15,0.2,1219,610,,,"{""Size"":""4ft x 2ft"",""Eyelets"":""Metal Eyelets"",""Hemming"":""None"",""Material"":""440gsm PVC""}",20/09/2021,N/A,PVC-462-580-523-605-EXPRESS,PVC-462-580-523-605-STANDARD,PVC-462-580-523-605-SAVER,N/A
PVC Banners,PRD-OJPMGVQG,1,0.2,8ft x 3ft,Metal Eyelets,None,440gsm PVC,30.82,1,28.02,2,25.22,4,N/A,N/A,0,2.5,6.5,15,0.2,2438,914,,,"{""Size"":""8ft x 3ft"",""Eyelets"":""Metal Eyelets"",""Hemming"":""None"",""Material"":""440gsm PVC""}",20/09/2021,N/A,PVC-627-653-609-551-EXPRESS,PVC-627-653-609-551-STANDARD,PVC-627-653-609-551-SAVER,N/A
PVC Banners,PRD-OJPMGVQG,3,0.2,8ft x 3ft,Metal Eyelets,None,440gsm PVC,77.4,1,70.36,2,63.32,4,N/A,N/A,0,2.5,6.5,15,0.2,2438,914,,,"{""Size"":""8ft x 3ft"",""Eyelets"":""Metal Eyelets"",""Hemming"":""None"",""Material"":""440gsm PVC""}",20/09/2021,N/A,PVC-627-653-609-551-EXPRESS,PVC-627-653-609-551-STANDARD,PVC-627-653-609-551-SAVER,N/A
PVC Banners,PRD-OJPMGVQG,5,0.2,8ft x 3ft,Metal Eyelets,None,440gsm PVC,123.97,1,112.7,2,101.43,4,N/A,N/A,0,2.5,6.5,15,0.2,2438,914,,,"{""Size"":""8ft x 3ft"",""Eyelets"":""Metal Eyelets"",""Hemming"":""None"",""Material"":""440gsm PVC""}",20/09/2021,N/A,PVC-627-653-609-551-EXPRESS,PVC-627-653-609-551-STANDARD,PVC-627-653-609-551-SAVER,N/A
PVC Banners,PRD-OJPMGVQG,10,0.2,8ft x 3ft,Metal Eyelets,None,440gsm PVC,240.39,1,218.54,2,196.69,4,N/A,N/A,0,2.5,6.5,15,0.2,2438,914,,,"{""Size"":""8ft x 3ft"",""Eyelets"":""Metal Eyelets"",""Hemming"":""None"",""Material"":""440gsm PVC""}",20/09/2021,N/A,PVC-627-653-609-551-EXPRESS,PVC-627-653-609-551-STANDARD,PVC-627-653-609-551-SAVER,N/A
PVC Banners,PRD-OJPMGVQG,20,0.2,8ft x 3ft,Metal Eyelets,None,440gsm PVC,473.25,1,430.23,2,387.21,4,N/A,N/A,0,2.5,6.5,15,0.2,2438,914,,,"{""Size"":""8ft x 3ft"",""Eyelets"":""Metal Eyelets"",""Hemming"":""None"",""Material"":""440gsm PVC""}",20/09/2021,N/A,PVC-627-653-609-551-EXPRESS,PVC-627-653-609-551-STANDARD,PVC-627-653-609-551-SAVER,N/A
PVC Banners,PRD-OJPMGVQG,50,0.2,8ft x 3ft,Metal Eyelets,None,440gsm PVC,1171.84,1,1065.31,2,958.78,4,N/A,N/A,0,2.5,6.5,15,0.2,2438,914,,,"{""Size"":""8ft x 3ft"",""Eyelets"":""Metal Eyelets"",""Hemming"":""None"",""Material"":""440gsm PVC""}",20/09/2021,N/A,PVC-627-653-609-551-EXPRESS,PVC-627-653-609-551-STANDARD,PVC-627-653-609-551-SAVER,N/A
PVC Banners,PRD-OJPMGVQG,99,0.2,8ft x 3ft,Metal Eyelets,None,440gsm PVC,2312.86,1,2102.6,2,1892.34,4,N/A,N/A,0,2.5,6.5,15,0.2,2438,914,,,"{""Size"":""8ft x 3ft"",""Eyelets"":""Metal Eyelets"",""Hemming"":""None"",""Material"":""440gsm PVC""}",20/09/2021,N/A,PVC-627-653-609-551-EXPRESS,PVC-627-653-609-551-STANDARD,PVC-627-653-609-551-SAVER,N/A
PVC Banners,PRD-OJPMGVQG,1,0.2,2m x 1m,Metal Eyelets,None,440gsm PVC,28.44,1,25.85,2,23.26,4,N/A,N/A,0,2.5,6.5,15,0.2,2000,1000,,,"{""Size"":""2m x 1m"",""Eyelets"":""Metal Eyelets"",""Hemming"":""None"",""Material"":""440gsm PVC""}",20/09/2021,N/A,PVC-705-610-519-570-EXPRESS,PVC-705-610-519-570-STANDARD,PVC-705-610-519-570-SAVER,N/A
PVC Banners,PRD-OJPMGVQG,3,0.2,2m x 1m,Metal Eyelets,None,440gsm PVC,70.24,1,63.85,2,57.46,4,N/A,N/A,0,2.5,6.5,15,0.2,2000,1000,,,"{""Size"":""2m x 1m"",""Eyelets"":""Metal Eyelets"",""Hemming"":""None"",""Material"":""440gsm PVC""}",20/09/2021,N/A,PVC-705-610-519-570-EXPRESS,PVC-705-610-519-570-STANDARD,PVC-705-610-519-570-SAVER,N/A
PVC Banners,PRD-OJPMGVQG,5,0.2,2m x 1m,Metal Eyelets,None,440gsm PVC,112.04,1,101.85,2,91.66,4,N/A,N/A,0,2.5,6.5,15,0.2,2000,1000,,,"{""Size"":""2m x 1m"",""Eyelets"":""Metal Eyelets"",""Hemming"":""None"",""Material"":""440gsm PVC""}",20/09/2021,N/A,PVC-705-610-519-570-EXPRESS,PVC-705-610-519-570-STANDARD,PVC-705-610-519-570-SAVER,N/A
PVC Banners,PRD-OJPMGVQG,10,0.2,2m x 1m,Metal Eyelets,None,440gsm PVC,216.54,1,196.85,2,177.16,4,N/A,N/A,0,2.5,6.5,15,0.2,2000,1000,,,"{""Size"":""2m x 1m"",""Eyelets"":""Metal Eyelets"",""Hemming"":""None"",""Material"":""440gsm PVC""}",20/09/2021,N/A,PVC-705-610-519-570-EXPRESS,PVC-705-610-519-570-STANDARD,PVC-705-610-519-570-SAVER,N/A
PVC Banners,PRD-OJPMGVQG,20,0.2,2m x 1m,Metal Eyelets,None,440gsm PVC,425.54,1,386.85,2,348.16,4,N/A,N/A,0,2.5,6.5,15,0.2,2000,1000,,,"{""Size"":""2m x 1m"",""Eyelets"":""Metal Eyelets"",""Hemming"":""None"",""Material"":""440gsm PVC""}",20/09/2021,N/A,PVC-705-610-519-570-EXPRESS,PVC-705-610-519-570-STANDARD,PVC-705-610-519-570-SAVER,N/A
PVC Banners,PRD-OJPMGVQG,50,0.2,2m x 1m,Metal Eyelets,None,440gsm PVC,1052.54,1,956.85,2,861.16,4,N/A,N/A,0,2.5,6.5,15,0.2,2000,1000,,,"{""Size"":""2m x 1m"",""Eyelets"":""Metal Eyelets"",""Hemming"":""None"",""Material"":""440gsm PVC""}",20/09/2021,N/A,PVC-705-610-519-570-EXPRESS,PVC-705-610-519-570-STANDARD,PVC-705-610-519-570-SAVER,N/A
PVC Banners,PRD-OJPMGVQG,99,0.2,2m x 1m,Metal Eyelets,None,440gsm PVC,2076.63,1,1887.85,2,1699.06,4,N/A,N/A,0,2.5,6.5,15,0.2,2000,1000,,,"{""Size"":""2m x 1m"",""Eyelets"":""Metal Eyelets"",""Hemming"":""None"",""Material"":""440gsm PVC""}",20/09/2021,N/A,PVC-705-610-519-570-EXPRESS,PVC-705-610-519-570-STANDARD,PVC-705-610-519-570-SAVER,N/A
PVC Banners,PRD-OJPMGVQG,1,0.2,10ft x 3ft,Metal Eyelets,Hemmed Edges,510gsm PVC,39.71,1,36.1,2,32.49,4,N/A,N/A,0,2.5,6.5,15,0.2,3048,914,,,"{""Size"":""10ft x 3ft"",""Eyelets"":""Metal Eyelets"",""Hemming"":""Hemmed Edges"",""Material"":""510gsm PVC""}",20/09/2021,N/A,PVC-611-511-462-482-EXPRESS,PVC-611-511-462-482-STANDARD,PVC-611-511-462-482-SAVER,N/A
PVC Banners,PRD-OJPMGVQG,3,0.2,10ft x 3ft,Metal Eyelets,Hemmed Edges,510gsm PVC,104.06,1,94.6,2,85.14,4,N/A,N/A,0,2.5,6.5,15,0.2,3048,914,,,"{""Size"":""10ft x 3ft"",""Eyelets"":""Metal Eyelets"",""Hemming"":""Hemmed Edges"",""Material"":""510gsm PVC""}",20/09/2021,N/A,PVC-611-511-462-482-EXPRESS,PVC-611-511-462-482-STANDARD,PVC-611-511-462-482-SAVER,N/A
PVC Banners,PRD-OJPMGVQG,5,0.2,10ft x 3ft,Metal Eyelets,Hemmed Edges,510gsm PVC,168.42,1,153.11,2,137.8,4,N/A,N/A,0,2.5,6.5,15,0.2,3048,914,,,"{""Size"":""10ft x 3ft"",""Eyelets"":""Metal Eyelets"",""Hemming"":""Hemmed Edges"",""Material"":""510gsm PVC""}",20/09/2021,N/A,PVC-611-511-462-482-EXPRESS,PVC-611-511-462-482-STANDARD,PVC-611-511-462-482-SAVER,N/A
PVC Banners,PRD-OJPMGVQG,10,0.2,10ft x 3ft,Metal Eyelets,Hemmed Edges,510gsm PVC,329.31,1,299.37,2,269.43,4,N/A,N/A,0,2.5,6.5,15,0.2,3048,914,,,"{""Size"":""10ft x 3ft"",""Eyelets"":""Metal Eyelets"",""Hemming"":""Hemmed Edges"",""Material"":""510gsm PVC""}",20/09/2021,N/A,PVC-611-511-462-482-EXPRESS,PVC-611-511-462-482-STANDARD,PVC-611-511-462-482-SAVER,N/A
PVC Banners,PRD-OJPMGVQG,20,0.2,10ft x 3ft,Metal Eyelets,Hemmed Edges,510gsm PVC,651.07,1,591.88,2,532.69,4,N/A,N/A,0,2.5,6.5,15,0.2,3048,914,,,"{""Size"":""10ft x 3ft"",""Eyelets"":""Metal Eyelets"",""Hemming"":""Hemmed Edges"",""Material"":""510gsm PVC""}",20/09/2021,N/A,PVC-611-511-462-482-EXPRESS,PVC-611-511-462-482-STANDARD,PVC-611-511-462-482-SAVER,N/A
PVC Banners,PRD-OJPMGVQG,50,0.2,10ft x 3ft,Metal Eyelets,Hemmed Edges,510gsm PVC,1616.37,1,1469.43,2,1322.49,4,N/A,N/A,0,2.5,6.5,15,0.2,3048,914,,,"{""Size"":""10ft x 3ft"",""Eyelets"":""Metal Eyelets"",""Hemming"":""Hemmed Edges"",""Material"":""510gsm PVC""}",20/09/2021,N/A,PVC-611-511-462-482-EXPRESS,PVC-611-511-462-482-STANDARD,PVC-611-511-462-482-SAVER,N/A
PVC Banners,PRD-OJPMGVQG,99,0.2,10ft x 3ft,Metal Eyelets,Hemmed Edges,510gsm PVC,3193.04,1,2902.76,2,2612.48,4,N/A,N/A,0,2.5,6.5,15,0.2,3048,914,,,"{""Size"":""10ft x 3ft"",""Eyelets"":""Metal Eyelets"",""Hemming"":""Hemmed Edges"",""Material"":""510gsm PVC""}",20/09/2021,N/A,PVC-611-511-462-482-EXPRESS,PVC-611-511-462-482-STANDARD,PVC-611-511-462-482-SAVER,N/A
PVC Banners,PRD-OJPMGVQG,1,0.2,6ft x 3ft,Metal Eyelets,None,440gsm PVC,25,1,22.73,2,20.46,4,N/A,N/A,0,2.5,6.5,15,0.2,1829,914,,,"{""Size"":""6ft x 3ft"",""Eyelets"":""Metal Eyelets"",""Hemming"":""None"",""Material"":""440gsm PVC""}",20/09/2021,N/A,PVC-421-461-561-658-EXPRESS,PVC-421-461-561-658-STANDARD,PVC-421-461-561-658-SAVER,N/A
PVC Banners,PRD-OJPMGVQG,3,0.2,6ft x 3ft,Metal Eyelets,None,440gsm PVC,59.94,1,54.49,2,49.04,4,N/A,N/A,0,2.5,6.5,15,0.2,1829,914,,,"{""Size"":""6ft x 3ft"",""Eyelets"":""Metal Eyelets"",""Hemming"":""None"",""Material"":""440gsm PVC""}",20/09/2021,N/A,PVC-421-461-561-658-EXPRESS,PVC-421-461-561-658-STANDARD,PVC-421-461-561-658-SAVER,N/A
PVC Banners,PRD-OJPMGVQG,5,0.2,6ft x 3ft,Metal Eyelets,None,440gsm PVC,94.89,1,86.26,2,77.63,4,N/A,N/A,0,2.5,6.5,15,0.2,1829,914,,,"{""Size"":""6ft x 3ft"",""Eyelets"":""Metal Eyelets"",""Hemming"":""None"",""Material"":""440gsm PVC""}",20/09/2021,N/A,PVC-421-461-561-658-EXPRESS,PVC-421-461-561-658-STANDARD,PVC-421-461-561-658-SAVER,N/A
PVC Banners,PRD-OJPMGVQG,10,0.2,6ft x 3ft,Metal Eyelets,None,440gsm PVC,182.23,1,165.66,2,149.09,4,N/A,N/A,0,2.5,6.5,15,0.2,1829,914,,,"{""Size"":""6ft x 3ft"",""Eyelets"":""Metal Eyelets"",""Hemming"":""None"",""Material"":""440gsm PVC""}",20/09/2021,N/A,PVC-421-461-561-658-EXPRESS,PVC-421-461-561-658-STANDARD,PVC-421-461-561-658-SAVER,N/A
PVC Banners,PRD-OJPMGVQG,20,0.2,6ft x 3ft,Metal Eyelets,None,440gsm PVC,356.92,1,324.47,2,292.02,4,N/A,N/A,0,2.5,6.5,15,0.2,1829,914,,,"{""Size"":""6ft x 3ft"",""Eyelets"":""Metal Eyelets"",""Hemming"":""None"",""Material"":""440gsm PVC""}",20/09/2021,N/A,PVC-421-461-561-658-EXPRESS,PVC-421-461-561-658-STANDARD,PVC-421-461-561-658-SAVER,N/A
PVC Banners,PRD-OJPMGVQG,50,0.2,6ft x 3ft,Metal Eyelets,None,440gsm PVC,881,1,800.91,2,720.82,4,N/A,N/A,0,2.5,6.5,15,0.2,1829,914,,,"{""Size"":""6ft x 3ft"",""Eyelets"":""Metal Eyelets"",""Hemming"":""None"",""Material"":""440gsm PVC""}",20/09/2021,N/A,PVC-421-461-561-658-EXPRESS,PVC-421-461-561-658-STANDARD,PVC-421-461-561-658-SAVER,N/A
PVC Banners,PRD-OJPMGVQG,99,0.2,6ft x 3ft,Metal Eyelets,None,440gsm PVC,1737,1,1579.09,2,1421.18,4,N/A,N/A,0,2.5,6.5,15,0.2,1829,914,,,"{""Size"":""6ft x 3ft"",""Eyelets"":""Metal Eyelets"",""Hemming"":""None"",""Material"":""440gsm PVC""}",20/09/2021,N/A,PVC-421-461-561-658-EXPRESS,PVC-421-461-561-658-STANDARD,PVC-421-461-561-658-SAVER,N/A
PVC Banners,PRD-OJPMGVQG,1,0.2,10ft x 3ft,Metal Eyelets,None,440gsm PVC,36.65,1,33.32,2,29.99,4,N/A,N/A,0,2.5,6.5,15,0.2,3048,914,,,"{""Size"":""10ft x 3ft"",""Eyelets"":""Metal Eyelets"",""Hemming"":""None"",""Material"":""440gsm PVC""}",20/09/2021,N/A,PVC-609-560-569-572-EXPRESS,PVC-609-560-569-572-STANDARD,PVC-609-560-569-572-SAVER,N/A
PVC Banners,PRD-OJPMGVQG,3,0.2,10ft x 3ft,Metal Eyelets,None,440gsm PVC,94.88,1,86.25,2,77.62,4,N/A,N/A,0,2.5,6.5,15,0.2,3048,914,,,"{""Size"":""10ft x 3ft"",""Eyelets"":""Metal Eyelets"",""Hemming"":""None"",""Material"":""440gsm PVC""}",20/09/2021,N/A,PVC-609-560-569-572-EXPRESS,PVC-609-560-569-572-STANDARD,PVC-609-560-569-572-SAVER,N/A
PVC Banners,PRD-OJPMGVQG,5,0.2,10ft x 3ft,Metal Eyelets,None,440gsm PVC,153.1,1,139.18,2,125.26,4,N/A,N/A,0,2.5,6.5,15,0.2,3048,914,,,"{""Size"":""10ft x 3ft"",""Eyelets"":""Metal Eyelets"",""Hemming"":""None"",""Material"":""440gsm PVC""}",20/09/2021,N/A,PVC-609-560-569-572-EXPRESS,PVC-609-560-569-572-STANDARD,PVC-609-560-569-572-SAVER,N/A
PVC Banners,PRD-OJPMGVQG,10,0.2,10ft x 3ft,Metal Eyelets,None,440gsm PVC,298.66,1,271.51,2,244.36,4,N/A,N/A,0,2.5,6.5,15,0.2,3048,914,,,"{""Size"":""10ft x 3ft"",""Eyelets"":""Metal Eyelets"",""Hemming"":""None"",""Material"":""440gsm PVC""}",20/09/2021,N/A,PVC-609-560-569-572-EXPRESS,PVC-609-560-569-572-STANDARD,PVC-609-560-569-572-SAVER,N/A
PVC Banners,PRD-OJPMGVQG,20,0.2,10ft x 3ft,Metal Eyelets,None,440gsm PVC,589.79,1,536.17,2,482.55,4,N/A,N/A,0,2.5,6.5,15,0.2,3048,914,,,"{""Size"":""10ft x 3ft"",""Eyelets"":""Metal Eyelets"",""Hemming"":""None"",""Material"":""440gsm PVC""}",20/09/2021,N/A,PVC-609-560-569-572-EXPRESS,PVC-609-560-569-572-STANDARD,PVC-609-560-569-572-SAVER,N/A
PVC Banners,PRD-OJPMGVQG,50,0.2,10ft x 3ft,Metal Eyelets,None,440gsm PVC,1463.15,1,1330.14,2,1197.13,4,N/A,N/A,0,2.5,6.5,15,0.2,3048,914,,,"{""Size"":""10ft x 3ft"",""Eyelets"":""Metal Eyelets"",""Hemming"":""None"",""Material"":""440gsm PVC""}",20/09/2021,N/A,PVC-609-560-569-572-EXPRESS,PVC-609-560-569-572-STANDARD,PVC-609-560-569-572-SAVER,N/A
PVC Banners,PRD-OJPMGVQG,99,0.2,10ft x 3ft,Metal Eyelets,None,440gsm PVC,2889.66,1,2626.96,2,2364.26,4,N/A,N/A,0,2.5,6.5,15,0.2,3048,914,,,"{""Size"":""10ft x 3ft"",""Eyelets"":""Metal Eyelets"",""Hemming"":""None"",""Material"":""440gsm PVC""}",20/09/2021,N/A,PVC-609-560-569-572-EXPRESS,PVC-609-560-569-572-STANDARD,PVC-609-560-569-572-SAVER,N/A
PVC Banners,PRD-OJPMGVQG,1,0.2,4ft x 2ft,Metal Eyelets,Hemmed Edges,510gsm PVC,16.5,1,15,2,13.5,4,N/A,N/A,0,2.5,6.5,15,0.2,1219,610,,,"{""Size"":""4ft x 2ft"",""Eyelets"":""Metal Eyelets"",""Hemming"":""Hemmed Edges"",""Material"":""510gsm PVC""}",20/09/2021,N/A,PVC-609-515-561-707-EXPRESS,PVC-609-515-561-707-STANDARD,PVC-609-515-561-707-SAVER,N/A
PVC Banners,PRD-OJPMGVQG,3,0.2,4ft x 2ft,Metal Eyelets,Hemmed Edges,510gsm PVC,33.3,1,30.27,2,27.24,4,N/A,N/A,0,2.5,6.5,15,0.2,1219,610,,,"{""Size"":""4ft x 2ft"",""Eyelets"":""Metal Eyelets"",""Hemming"":""Hemmed Edges"",""Material"":""510gsm PVC""}",20/09/2021,N/A,PVC-609-515-561-707-EXPRESS,PVC-609-515-561-707-STANDARD,PVC-609-515-561-707-SAVER,N/A
PVC Banners,PRD-OJPMGVQG,5,0.2,4ft x 2ft,Metal Eyelets,Hemmed Edges,510gsm PVC,50.48,1,45.89,2,41.3,4,N/A,N/A,0,2.5,6.5,15,0.2,1219,610,,,"{""Size"":""4ft x 2ft"",""Eyelets"":""Metal Eyelets"",""Hemming"":""Hemmed Edges"",""Material"":""510gsm PVC""}",20/09/2021,N/A,PVC-609-515-561-707-EXPRESS,PVC-609-515-561-707-STANDARD,PVC-609-515-561-707-SAVER,N/A
PVC Banners,PRD-OJPMGVQG,10,0.2,4ft x 2ft,Metal Eyelets,Hemmed Edges,510gsm PVC,93.42,1,84.93,2,76.44,4,N/A,N/A,0,2.5,6.5,15,0.2,1219,610,,,"{""Size"":""4ft x 2ft"",""Eyelets"":""Metal Eyelets"",""Hemming"":""Hemmed Edges"",""Material"":""510gsm PVC""}",20/09/2021,N/A,PVC-609-515-561-707-EXPRESS,PVC-609-515-561-707-STANDARD,PVC-609-515-561-707-SAVER,N/A
PVC Banners,PRD-OJPMGVQG,20,0.2,4ft x 2ft,Metal Eyelets,Hemmed Edges,510gsm PVC,179.3,1,163,2,146.7,4,N/A,N/A,0,2.5,6.5,15,0.2,1219,610,,,"{""Size"":""4ft x 2ft"",""Eyelets"":""Metal Eyelets"",""Hemming"":""Hemmed Edges"",""Material"":""510gsm PVC""}",20/09/2021,N/A,PVC-609-515-561-707-EXPRESS,PVC-609-515-561-707-STANDARD,PVC-609-515-561-707-SAVER,N/A
PVC Banners,PRD-OJPMGVQG,50,0.2,4ft x 2ft,Metal Eyelets,Hemmed Edges,510gsm PVC,436.95,1,397.23,2,357.51,4,N/A,N/A,0,2.5,6.5,15,0.2,1219,610,,,"{""Size"":""4ft x 2ft"",""Eyelets"":""Metal Eyelets"",""Hemming"":""Hemmed Edges"",""Material"":""510gsm PVC""}",20/09/2021,N/A,PVC-609-515-561-707-EXPRESS,PVC-609-515-561-707-STANDARD,PVC-609-515-561-707-SAVER,N/A
PVC Banners,PRD-OJPMGVQG,99,0.2,4ft x 2ft,Metal Eyelets,Hemmed Edges,510gsm PVC,857.79,1,779.81,2,701.83,4,N/A,N/A,0,2.5,6.5,15,0.2,1219,610,,,"{""Size"":""4ft x 2ft"",""Eyelets"":""Metal Eyelets"",""Hemming"":""Hemmed Edges"",""Material"":""510gsm PVC""}",20/09/2021,N/A,PVC-609-515-561-707-EXPRESS,PVC-609-515-561-707-STANDARD,PVC-609-515-561-707-SAVER,N/A
PVC Banners,PRD-OJPMGVQG,1,0.2,2m x 1m,Metal Eyelets,Hemmed Edges,510gsm PVC,30.64,1,27.85,2,25.06,4,N/A,N/A,0,2.5,6.5,15,0.2,2000,1000,,,"{""Size"":""2m x 1m"",""Eyelets"":""Metal Eyelets"",""Hemming"":""Hemmed Edges"",""Material"":""510gsm PVC""}",20/09/2021,N/A,PVC-515-580-563-549-EXPRESS,PVC-515-580-563-549-STANDARD,PVC-515-580-563-549-SAVER,N/A
PVC Banners,PRD-OJPMGVQG,3,0.2,2m x 1m,Metal Eyelets,Hemmed Edges,510gsm PVC,76.84,1,69.85,2,62.86,4,N/A,N/A,0,2.5,6.5,15,0.2,2000,1000,,,"{""Size"":""2m x 1m"",""Eyelets"":""Metal Eyelets"",""Hemming"":""Hemmed Edges"",""Material"":""510gsm PVC""}",20/09/2021,N/A,PVC-515-580-563-549-EXPRESS,PVC-515-580-563-549-STANDARD,PVC-515-580-563-549-SAVER,N/A
PVC Banners,PRD-OJPMGVQG,5,0.2,2m x 1m,Metal Eyelets,Hemmed Edges,510gsm PVC,123.04,1,111.85,2,100.66,4,N/A,N/A,0,2.5,6.5,15,0.2,2000,1000,,,"{""Size"":""2m x 1m"",""Eyelets"":""Metal Eyelets"",""Hemming"":""Hemmed Edges"",""Material"":""510gsm PVC""}",20/09/2021,N/A,PVC-515-580-563-549-EXPRESS,PVC-515-580-563-549-STANDARD,PVC-515-580-563-549-SAVER,N/A
PVC Banners,PRD-OJPMGVQG,10,0.2,2m x 1m,Metal Eyelets,Hemmed Edges,510gsm PVC,238.54,1,216.85,2,195.16,4,N/A,N/A,0,2.5,6.5,15,0.2,2000,1000,,,"{""Size"":""2m x 1m"",""Eyelets"":""Metal Eyelets"",""Hemming"":""Hemmed Edges"",""Material"":""510gsm PVC""}",20/09/2021,N/A,PVC-515-580-563-549-EXPRESS,PVC-515-580-563-549-STANDARD,PVC-515-580-563-549-SAVER,N/A
PVC Banners,PRD-OJPMGVQG,20,0.2,2m x 1m,Metal Eyelets,Hemmed Edges,510gsm PVC,469.54,1,426.85,2,384.16,4,N/A,N/A,0,2.5,6.5,15,0.2,2000,1000,,,"{""Size"":""2m x 1m"",""Eyelets"":""Metal Eyelets"",""Hemming"":""Hemmed Edges"",""Material"":""510gsm PVC""}",20/09/2021,N/A,PVC-515-580-563-549-EXPRESS,PVC-515-580-563-549-STANDARD,PVC-515-580-563-549-SAVER,N/A
PVC Banners,PRD-OJPMGVQG,50,0.2,2m x 1m,Metal Eyelets,Hemmed Edges,510gsm PVC,1162.53,1,1056.85,2,951.16,4,N/A,N/A,0,2.5,6.5,15,0.2,2000,1000,,,"{""Size"":""2m x 1m"",""Eyelets"":""Metal Eyelets"",""Hemming"":""Hemmed Edges"",""Material"":""510gsm PVC""}",20/09/2021,N/A,PVC-515-580-563-549-EXPRESS,PVC-515-580-563-549-STANDARD,PVC-515-580-563-549-SAVER,N/A
PVC Banners,PRD-OJPMGVQG,99,0.2,2m x 1m,Metal Eyelets,Hemmed Edges,510gsm PVC,2294.44,1,2085.85,2,1877.26,4,N/A,N/A,0,2.5,6.5,15,0.2,2000,1000,,,"{""Size"":""2m x 1m"",""Eyelets"":""Metal Eyelets"",""Hemming"":""Hemmed Edges"",""Material"":""510gsm PVC""}",20/09/2021,N/A,PVC-515-580-563-549-EXPRESS,PVC-515-580-563-549-STANDARD,PVC-515-580-563-549-SAVER,N/A
PVC Banners,PRD-OJPMGVQG,1,0.2,8ft x 4ft,Metal Eyelets,Hemmed Edges,510gsm PVC,41.87,1,38.06,2,34.25,4,N/A,N/A,0,2.5,6.5,15,0.2,2438,1219,,,"{""Size"":""8ft x 4ft"",""Eyelets"":""Metal Eyelets"",""Hemming"":""Hemmed Edges"",""Material"":""510gsm PVC""}",20/09/2021,N/A,PVC-569-505-551-468-EXPRESS,PVC-569-505-551-468-STANDARD,PVC-569-505-551-468-SAVER,N/A
PVC Banners,PRD-OJPMGVQG,3,0.2,8ft x 4ft,Metal Eyelets,Hemmed Edges,510gsm PVC,110.52,1,100.47,2,90.42,4,N/A,N/A,0,2.5,6.5,15,0.2,2438,1219,,,"{""Size"":""8ft x 4ft"",""Eyelets"":""Metal Eyelets"",""Hemming"":""Hemmed Edges"",""Material"":""510gsm PVC""}",20/09/2021,N/A,PVC-569-505-551-468-EXPRESS,PVC-569-505-551-468-STANDARD,PVC-569-505-551-468-SAVER,N/A
PVC Banners,PRD-OJPMGVQG,5,0.2,8ft x 4ft,Metal Eyelets,Hemmed Edges,510gsm PVC,179.17,1,162.88,2,146.59,4,N/A,N/A,0,2.5,6.5,15,0.2,2438,1219,,,"{""Size"":""8ft x 4ft"",""Eyelets"":""Metal Eyelets"",""Hemming"":""Hemmed Edges"",""Material"":""510gsm PVC""}",20/09/2021,N/A,PVC-569-505-551-468-EXPRESS,PVC-569-505-551-468-STANDARD,PVC-569-505-551-468-SAVER,N/A
PVC Banners,PRD-OJPMGVQG,10,0.2,8ft x 4ft,Metal Eyelets,Hemmed Edges,510gsm PVC,350.79,1,318.9,2,287.01,4,N/A,N/A,0,2.5,6.5,15,0.2,2438,1219,,,"{""Size"":""8ft x 4ft"",""Eyelets"":""Metal Eyelets"",""Hemming"":""Hemmed Edges"",""Material"":""510gsm PVC""}",20/09/2021,N/A,PVC-569-505-551-468-EXPRESS,PVC-569-505-551-468-STANDARD,PVC-569-505-551-468-SAVER,N/A
PVC Banners,PRD-OJPMGVQG,20,0.2,8ft x 4ft,Metal Eyelets,Hemmed Edges,510gsm PVC,694.05,1,630.95,2,567.86,4,N/A,N/A,0,2.5,6.5,15,0.2,2438,1219,,,"{""Size"":""8ft x 4ft"",""Eyelets"":""Metal Eyelets"",""Hemming"":""Hemmed Edges"",""Material"":""510gsm PVC""}",20/09/2021,N/A,PVC-569-505-551-468-EXPRESS,PVC-569-505-551-468-STANDARD,PVC-569-505-551-468-SAVER,N/A
PVC Banners,PRD-OJPMGVQG,50,0.2,8ft x 4ft,Metal Eyelets,Hemmed Edges,510gsm PVC,1723.82,1,1567.11,2,1410.4,4,N/A,N/A,0,2.5,6.5,15,0.2,2438,1219,,,"{""Size"":""8ft x 4ft"",""Eyelets"":""Metal Eyelets"",""Hemming"":""Hemmed Edges"",""Material"":""510gsm PVC""}",20/09/2021,N/A,PVC-569-505-551-468-EXPRESS,PVC-569-505-551-468-STANDARD,PVC-569-505-551-468-SAVER,N/A
PVC Banners,PRD-OJPMGVQG,99,0.2,8ft x 4ft,Metal Eyelets,Hemmed Edges,510gsm PVC,3405.78,1,3096.16,2,2786.54,4,N/A,N/A,0,2.5,6.5,15,0.2,2438,1219,,,"{""Size"":""8ft x 4ft"",""Eyelets"":""Metal Eyelets"",""Hemming"":""Hemmed Edges"",""Material"":""510gsm PVC""}",20/09/2021,N/A,PVC-569-505-551-468-EXPRESS,PVC-569-505-551-468-STANDARD,PVC-569-505-551-468-SAVER,N/A
PVC Banners,PRD-OJPMGVQG,1,0.2,8ft x 3ft,Metal Eyelets,Hemmed Edges,510gsm PVC,33.28,1,30.25,2,27.22,4,N/A,N/A,0,2.5,6.5,15,0.2,2438,914,,,"{""Size"":""8ft x 3ft"",""Eyelets"":""Metal Eyelets"",""Hemming"":""Hemmed Edges"",""Material"":""510gsm PVC""}",20/09/2021,N/A,PVC-571-605-466-645-EXPRESS,PVC-571-605-466-645-STANDARD,PVC-571-605-466-645-SAVER,N/A
PVC Banners,PRD-OJPMGVQG,3,0.2,8ft x 3ft,Metal Eyelets,Hemmed Edges,510gsm PVC,84.74,1,77.04,2,69.34,4,N/A,N/A,0,2.5,6.5,15,0.2,2438,914,,,"{""Size"":""8ft x 3ft"",""Eyelets"":""Metal Eyelets"",""Hemming"":""Hemmed Edges"",""Material"":""510gsm PVC""}",20/09/2021,N/A,PVC-571-605-466-645-EXPRESS,PVC-571-605-466-645-STANDARD,PVC-571-605-466-645-SAVER,N/A
PVC Banners,PRD-OJPMGVQG,5,0.2,8ft x 3ft,Metal Eyelets,Hemmed Edges,510gsm PVC,136.22,1,123.84,2,111.46,4,N/A,N/A,0,2.5,6.5,15,0.2,2438,914,,,"{""Size"":""8ft x 3ft"",""Eyelets"":""Metal Eyelets"",""Hemming"":""Hemmed Edges"",""Material"":""510gsm PVC""}",20/09/2021,N/A,PVC-571-605-466-645-EXPRESS,PVC-571-605-466-645-STANDARD,PVC-571-605-466-645-SAVER,N/A
PVC Banners,PRD-OJPMGVQG,10,0.2,8ft x 3ft,Metal Eyelets,Hemmed Edges,510gsm PVC,264.9,1,240.82,2,216.74,4,N/A,N/A,0,2.5,6.5,15,0.2,2438,914,,,"{""Size"":""8ft x 3ft"",""Eyelets"":""Metal Eyelets"",""Hemming"":""Hemmed Edges"",""Material"":""510gsm PVC""}",20/09/2021,N/A,PVC-571-605-466-645-EXPRESS,PVC-571-605-466-645-STANDARD,PVC-571-605-466-645-SAVER,N/A
PVC Banners,PRD-OJPMGVQG,20,0.2,8ft x 3ft,Metal Eyelets,Hemmed Edges,510gsm PVC,522.28,1,474.8,2,427.32,4,N/A,N/A,0,2.5,6.5,15,0.2,2438,914,,,"{""Size"":""8ft x 3ft"",""Eyelets"":""Metal Eyelets"",""Hemming"":""Hemmed Edges"",""Material"":""510gsm PVC""}",20/09/2021,N/A,PVC-571-605-466-645-EXPRESS,PVC-571-605-466-645-STANDARD,PVC-571-605-466-645-SAVER,N/A
PVC Banners,PRD-OJPMGVQG,50,0.2,8ft x 3ft,Metal Eyelets,Hemmed Edges,510gsm PVC,1294.39,1,1176.72,2,1059.05,4,N/A,N/A,0,2.5,6.5,15,0.2,2438,914,,,"{""Size"":""8ft x 3ft"",""Eyelets"":""Metal Eyelets"",""Hemming"":""Hemmed Edges"",""Material"":""510gsm PVC""}",20/09/2021,N/A,PVC-571-605-466-645-EXPRESS,PVC-571-605-466-645-STANDARD,PVC-571-605-466-645-SAVER,N/A
PVC Banners,PRD-OJPMGVQG,99,0.2,8ft x 3ft,Metal Eyelets,Hemmed Edges,510gsm PVC,2555.52,1,2323.2,2,2090.88,4,N/A,N/A,0,2.5,6.5,15,0.2,2438,914,,,"{""Size"":""8ft x 3ft"",""Eyelets"":""Metal Eyelets"",""Hemming"":""Hemmed Edges"",""Material"":""510gsm PVC""}",20/09/2021,N/A,PVC-571-605-466-645-EXPRESS,PVC-571-605-466-645-STANDARD,PVC-571-605-466-645-SAVER,N/A
PVC Banners,PRD-OJPMGVQG,1,0.2,8ft x 4ft,Metal Eyelets,None,440gsm PVC,38.59,1,35.08,2,31.57,4,N/A,N/A,0,2.5,6.5,15,0.2,2438,1219,,,"{""Size"":""8ft x 4ft"",""Eyelets"":""Metal Eyelets"",""Hemming"":""None"",""Material"":""440gsm PVC""}",20/09/2021,N/A,PVC-561-568-515-434-EXPRESS,PVC-561-568-515-434-STANDARD,PVC-561-568-515-434-SAVER,N/A
PVC Banners,PRD-OJPMGVQG,3,0.2,8ft x 4ft,Metal Eyelets,None,440gsm PVC,100.7,1,91.55,2,82.4,4,N/A,N/A,0,2.5,6.5,15,0.2,2438,1219,,,"{""Size"":""8ft x 4ft"",""Eyelets"":""Metal Eyelets"",""Hemming"":""None"",""Material"":""440gsm PVC""}",20/09/2021,N/A,PVC-561-568-515-434-EXPRESS,PVC-561-568-515-434-STANDARD,PVC-561-568-515-434-SAVER,N/A
PVC Banners,PRD-OJPMGVQG,5,0.2,8ft x 4ft,Metal Eyelets,None,440gsm PVC,162.82,1,148.02,2,133.22,4,N/A,N/A,0,2.5,6.5,15,0.2,2438,1219,,,"{""Size"":""8ft x 4ft"",""Eyelets"":""Metal Eyelets"",""Hemming"":""None"",""Material"":""440gsm PVC""}",20/09/2021,N/A,PVC-561-568-515-434-EXPRESS,PVC-561-568-515-434-STANDARD,PVC-561-568-515-434-SAVER,N/A
PVC Banners,PRD-OJPMGVQG,10,0.2,8ft x 4ft,Metal Eyelets,None,440gsm PVC,318.1,1,289.18,2,260.26,4,N/A,N/A,0,2.5,6.5,15,0.2,2438,1219,,,"{""Size"":""8ft x 4ft"",""Eyelets"":""Metal Eyelets"",""Hemming"":""None"",""Material"":""440gsm PVC""}",20/09/2021,N/A,PVC-561-568-515-434-EXPRESS,PVC-561-568-515-434-STANDARD,PVC-561-568-515-434-SAVER,N/A
PVC Banners,PRD-OJPMGVQG,20,0.2,8ft x 4ft,Metal Eyelets,None,440gsm PVC,628.67,1,571.52,2,514.37,4,N/A,N/A,0,2.5,6.5,15,0.2,2438,1219,,,"{""Size"":""8ft x 4ft"",""Eyelets"":""Metal Eyelets"",""Hemming"":""None"",""Material"":""440gsm PVC""}",20/09/2021,N/A,PVC-561-568-515-434-EXPRESS,PVC-561-568-515-434-STANDARD,PVC-561-568-515-434-SAVER,N/A
PVC Banners,PRD-OJPMGVQG,50,0.2,8ft x 4ft,Metal Eyelets,None,440gsm PVC,1560.36,1,1418.51,2,1276.66,4,N/A,N/A,0,2.5,6.5,15,0.2,2438,1219,,,"{""Size"":""8ft x 4ft"",""Eyelets"":""Metal Eyelets"",""Hemming"":""None"",""Material"":""440gsm PVC""}",20/09/2021,N/A,PVC-561-568-515-434-EXPRESS,PVC-561-568-515-434-STANDARD,PVC-561-568-515-434-SAVER,N/A
PVC Banners,PRD-OJPMGVQG,99,0.2,8ft x 4ft,Metal Eyelets,None,440gsm PVC,3082.13,1,2801.94,2,2521.75,4,N/A,N/A,0,2.5,6.5,15,0.2,2438,1219,,,"{""Size"":""8ft x 4ft"",""Eyelets"":""Metal Eyelets"",""Hemming"":""None"",""Material"":""440gsm PVC""}",20/09/2021,N/A,PVC-561-568-515-434-EXPRESS,PVC-561-568-515-434-STANDARD,PVC-561-568-515-434-SAVER,N/A
PVC Banners,PRD-OJPMGVQG,1,0.2,6ft x 3ft,Metal Eyelets,Hemmed Edges,510gsm PVC,26.84,1,24.4,2,21.96,4,N/A,N/A,0,2.5,6.5,15,0.2,1829,914,,,"{""Size"":""6ft x 3ft"",""Eyelets"":""Metal Eyelets"",""Hemming"":""Hemmed Edges"",""Material"":""510gsm PVC""}",20/09/2021,N/A,PVC-503-502-608-614-EXPRESS,PVC-503-502-608-614-STANDARD,PVC-503-502-608-614-SAVER,N/A
PVC Banners,PRD-OJPMGVQG,3,0.2,6ft x 3ft,Metal Eyelets,Hemmed Edges,510gsm PVC,65.46,1,59.51,2,53.56,4,N/A,N/A,0,2.5,6.5,15,0.2,1829,914,,,"{""Size"":""6ft x 3ft"",""Eyelets"":""Metal Eyelets"",""Hemming"":""Hemmed Edges"",""Material"":""510gsm PVC""}",20/09/2021,N/A,PVC-503-502-608-614-EXPRESS,PVC-503-502-608-614-STANDARD,PVC-503-502-608-614-SAVER,N/A
PVC Banners,PRD-OJPMGVQG,5,0.2,6ft x 3ft,Metal Eyelets,Hemmed Edges,510gsm PVC,104.07,1,94.61,2,85.15,4,N/A,N/A,0,2.5,6.5,15,0.2,1829,914,,,"{""Size"":""6ft x 3ft"",""Eyelets"":""Metal Eyelets"",""Hemming"":""Hemmed Edges"",""Material"":""510gsm PVC""}",20/09/2021,N/A,PVC-503-502-608-614-EXPRESS,PVC-503-502-608-614-STANDARD,PVC-503-502-608-614-SAVER,N/A
PVC Banners,PRD-OJPMGVQG,10,0.2,6ft x 3ft,Metal Eyelets,Hemmed Edges,510gsm PVC,200.62,1,182.38,2,164.14,4,N/A,N/A,0,2.5,6.5,15,0.2,1829,914,,,"{""Size"":""6ft x 3ft"",""Eyelets"":""Metal Eyelets"",""Hemming"":""Hemmed Edges"",""Material"":""510gsm PVC""}",20/09/2021,N/A,PVC-503-502-608-614-EXPRESS,PVC-503-502-608-614-STANDARD,PVC-503-502-608-614-SAVER,N/A
PVC Banners,PRD-OJPMGVQG,20,0.2,6ft x 3ft,Metal Eyelets,Hemmed Edges,510gsm PVC,393.7,1,357.91,2,322.12,4,N/A,N/A,0,2.5,6.5,15,0.2,1829,914,,,"{""Size"":""6ft x 3ft"",""Eyelets"":""Metal Eyelets"",""Hemming"":""Hemmed Edges"",""Material"":""510gsm PVC""}",20/09/2021,N/A,PVC-503-502-608-614-EXPRESS,PVC-503-502-608-614-STANDARD,PVC-503-502-608-614-SAVER,N/A
PVC Banners,PRD-OJPMGVQG,50,0.2,6ft x 3ft,Metal Eyelets,Hemmed Edges,510gsm PVC,972.95,1,884.5,2,796.05,4,N/A,N/A,0,2.5,6.5,15,0.2,1829,914,,,"{""Size"":""6ft x 3ft"",""Eyelets"":""Metal Eyelets"",""Hemming"":""Hemmed Edges"",""Material"":""510gsm PVC""}",20/09/2021,N/A,PVC-503-502-608-614-EXPRESS,PVC-503-502-608-614-STANDARD,PVC-503-502-608-614-SAVER,N/A
PVC Banners,PRD-OJPMGVQG,99,0.2,6ft x 3ft,Metal Eyelets,Hemmed Edges,510gsm PVC,1919.05,1,1744.59,2,1570.13,4,N/A,N/A,0,2.5,6.5,15,0.2,1829,914,,,"{""Size"":""6ft x 3ft"",""Eyelets"":""Metal Eyelets"",""Hemming"":""Hemmed Edges"",""Material"":""510gsm PVC""}",20/09/2021,N/A,PVC-503-502-608-614-EXPRESS,PVC-503-502-608-614-STANDARD,PVC-503-502-608-614-SAVER,N/A
PVC Banners,PRD-OJPMGVQG,1,0.2,3m x 1m,Metal Eyelets,None,440gsm PVC,38.89,1,35.35,2,31.82,4,N/A,N/A,0,2.5,6.5,15,0.2,3000,1000,,,"{""Size"":""3m x 1m"",""Eyelets"":""Metal Eyelets"",""Hemming"":""None"",""Material"":""440gsm PVC""}",20/09/2021,N/A,PVC-566-647-656-555-EXPRESS,PVC-566-647-656-555-STANDARD,PVC-566-647-656-555-SAVER,N/A
PVC Banners,PRD-OJPMGVQG,3,0.2,3m x 1m,Metal Eyelets,None,440gsm PVC,101.58,1,92.35,2,83.12,4,N/A,N/A,0,2.5,6.5,15,0.2,3000,1000,,,"{""Size"":""3m x 1m"",""Eyelets"":""Metal Eyelets"",""Hemming"":""None"",""Material"":""440gsm PVC""}",20/09/2021,N/A,PVC-566-647-656-555-EXPRESS,PVC-566-647-656-555-STANDARD,PVC-566-647-656-555-SAVER,N/A
PVC Banners,PRD-OJPMGVQG,5,0.2,3m x 1m,Metal Eyelets,None,440gsm PVC,164.28,1,149.35,2,134.42,4,N/A,N/A,0,2.5,6.5,15,0.2,3000,1000,,,"{""Size"":""3m x 1m"",""Eyelets"":""Metal Eyelets"",""Hemming"":""None"",""Material"":""440gsm PVC""}",20/09/2021,N/A,PVC-566-647-656-555-EXPRESS,PVC-566-647-656-555-STANDARD,PVC-566-647-656-555-SAVER,N/A
PVC Banners,PRD-OJPMGVQG,10,0.2,3m x 1m,Metal Eyelets,None,440gsm PVC,321.04,1,291.85,2,262.66,4,N/A,N/A,0,2.5,6.5,15,0.2,3000,1000,,,"{""Size"":""3m x 1m"",""Eyelets"":""Metal Eyelets"",""Hemming"":""None"",""Material"":""440gsm PVC""}",20/09/2021,N/A,PVC-566-647-656-555-EXPRESS,PVC-566-647-656-555-STANDARD,PVC-566-647-656-555-SAVER,N/A
PVC Banners,PRD-OJPMGVQG,20,0.2,3m x 1m,Metal Eyelets,None,440gsm PVC,634.54,1,576.85,2,519.16,4,N/A,N/A,0,2.5,6.5,15,0.2,3000,1000,,,"{""Size"":""3m x 1m"",""Eyelets"":""Metal Eyelets"",""Hemming"":""None"",""Material"":""440gsm PVC""}",20/09/2021,N/A,PVC-566-647-656-555-EXPRESS,PVC-566-647-656-555-STANDARD,PVC-566-647-656-555-SAVER,N/A
PVC Banners,PRD-OJPMGVQG,50,0.2,3m x 1m,Metal Eyelets,None,440gsm PVC,1575.03,1,1431.85,2,1288.66,4,N/A,N/A,0,2.5,6.5,15,0.2,3000,1000,,,"{""Size"":""3m x 1m"",""Eyelets"":""Metal Eyelets"",""Hemming"":""None"",""Material"":""440gsm PVC""}",20/09/2021,N/A,PVC-566-647-656-555-EXPRESS,PVC-566-647-656-555-STANDARD,PVC-566-647-656-555-SAVER,N/A
PVC Banners,PRD-OJPMGVQG,99,0.2,3m x 1m,Metal Eyelets,None,440gsm PVC,3111.18,1,2828.35,2,2545.52,4,N/A,N/A,0,2.5,6.5,15,0.2,3000,1000,,,"{""Size"":""3m x 1m"",""Eyelets"":""Metal Eyelets"",""Hemming"":""None"",""Material"":""440gsm PVC""}",20/09/2021,N/A,PVC-566-647-656-555-EXPRESS,PVC-566-647-656-555-STANDARD,PVC-566-647-656-555-SAVER,N/A
