ProductName,ProductID,Quantity,Tax,Sets,Size,Cartridge,PriceExpress,Production Days Express,PriceStandard,Production Days Standard,PriceSaver,Production Days Saver,PriceSameday,Production Days Sameday,Price Just Print,Price File Check,Price File Check with Proofing,Price File Assist,Artwork Tax,Flat Width (mm),Flat Height (mm),Finished Width (mm),Finished Height (mm),productionDataJSON,updatedAt,Preflight,Express Sku,Standard Sku,Saver Sku,Same Day Sku
Roller Banners,PRD-V1PJ6JAE,1,0.2,1,850mm x 2000mm,Premium,54.99,1,49.99,2,44.99,4,N/A,N/A,0,2.5,6.5,15,0.2,,,,,"{""Sets"":""1"",""Size"":""850mm x 2000mm"",""Cartridge"":""Premium""}",20/09/2021,N/A,ROL-515-561-612-651-EXPRESS,ROL-515-561-612-651-STANDARD,ROL-515-561-612-651-SAVER,N/A
Roller Banners,PRD-V1PJ6JAE,3,0.2,1,850mm x 2000mm,Premium,164.97,1,149.97,2,134.97,4,N/A,N/A,0,2.5,6.5,15,0.2,,,,,"{""Sets"":""1"",""Size"":""850mm x 2000mm"",""Cartridge"":""Premium""}",20/09/2021,N/A,ROL-515-561-612-651-EXPRESS,ROL-515-561-612-651-STANDARD,ROL-515-561-612-651-SAVER,N/A
Roller Banners,PRD-V1PJ6JAE,5,0.2,1,850mm x 2000mm,Premium,274.94,1,249.95,2,224.95,4,N/A,N/A,0,2.5,6.5,15,0.2,,,,,"{""Sets"":""1"",""Size"":""850mm x 2000mm"",""Cartridge"":""Premium""}",20/09/2021,N/A,ROL-515-561-612-651-EXPRESS,ROL-515-561-612-651-STANDARD,ROL-515-561-612-651-SAVER,N/A
Roller Banners,PRD-V1PJ6JAE,10,0.2,1,850mm x 2000mm,Premium,549.89,1,499.9,2,449.91,4,N/A,N/A,0,2.5,6.5,15,0.2,,,,,"{""Sets"":""1"",""Size"":""850mm x 2000mm"",""Cartridge"":""Premium""}",20/09/2021,N/A,ROL-515-561-612-651-EXPRESS,ROL-515-561-612-651-STANDARD,ROL-515-561-612-651-SAVER,N/A
Roller Banners,PRD-V1PJ6JAE,20,0.2,1,850mm x 2000mm,Premium,1099.78,2,999.8,3,899.82,5,N/A,N/A,0,2.5,6.5,15,0.2,,,,,"{""Sets"":""1"",""Size"":""850mm x 2000mm"",""Cartridge"":""Premium""}",20/09/2021,N/A,ROL-515-561-612-651-EXPRESS,ROL-515-561-612-651-STANDARD,ROL-515-561-612-651-SAVER,N/A
Roller Banners,PRD-V1PJ6JAE,50,0.2,1,850mm x 2000mm,Premium,2749.45,3,2499.5,4,2249.55,6,N/A,N/A,0,2.5,6.5,15,0.2,,,,,"{""Sets"":""1"",""Size"":""850mm x 2000mm"",""Cartridge"":""Premium""}",20/09/2021,N/A,ROL-515-561-612-651-EXPRESS,ROL-515-561-612-651-STANDARD,ROL-515-561-612-651-SAVER,N/A
Roller Banners,PRD-V1PJ6JAE,99,0.2,1,850mm x 2000mm,Premium,5443.91,4,4949.01,5,4454.11,7,N/A,N/A,0,2.5,6.5,15,0.2,,,,,"{""Sets"":""1"",""Size"":""850mm x 2000mm"",""Cartridge"":""Premium""}",20/09/2021,N/A,ROL-515-561-612-651-EXPRESS,ROL-515-561-612-651-STANDARD,ROL-515-561-612-651-SAVER,N/A
Roller Banners,PRD-V1PJ6JAE,1,0.2,1,850mm x 2000mm,Standard,27.49,1,24.99,2,22.49,4,37.48,0,0,2.5,6.5,15,0.2,,,,,"{""Sets"":""1"",""Size"":""850mm x 2000mm"",""Cartridge"":""Standard""}",20/09/2021,N/A,ROL-524-553-610-525-EXPRESS,ROL-524-553-610-525-STANDARD,ROL-524-553-610-525-SAVER,ROL-524-553-610-525-SAMEDAY
Roller Banners,PRD-V1PJ6JAE,3,0.2,1,850mm x 2000mm,Standard,82.47,1,74.97,2,67.47,4,112.46,0,0,2.5,6.5,15,0.2,,,,,"{""Sets"":""1"",""Size"":""850mm x 2000mm"",""Cartridge"":""Standard""}",20/09/2021,N/A,ROL-524-553-610-525-EXPRESS,ROL-524-553-610-525-STANDARD,ROL-524-553-610-525-SAVER,ROL-524-553-610-525-SAMEDAY
Roller Banners,PRD-V1PJ6JAE,5,0.2,1,850mm x 2000mm,Standard,137.44,1,124.95,2,112.46,4,187.42,0,0,2.5,6.5,15,0.2,,,,,"{""Sets"":""1"",""Size"":""850mm x 2000mm"",""Cartridge"":""Standard""}",20/09/2021,N/A,ROL-524-553-610-525-EXPRESS,ROL-524-553-610-525-STANDARD,ROL-524-553-610-525-SAVER,ROL-524-553-610-525-SAMEDAY
Roller Banners,PRD-V1PJ6JAE,10,0.2,1,850mm x 2000mm,Standard,274.89,1,249.9,2,224.91,4,N/A,N/A,0,2.5,6.5,15,0.2,,,,,"{""Sets"":""1"",""Size"":""850mm x 2000mm"",""Cartridge"":""Standard""}",20/09/2021,N/A,ROL-524-553-610-525-EXPRESS,ROL-524-553-610-525-STANDARD,ROL-524-553-610-525-SAVER,N/A
Roller Banners,PRD-V1PJ6JAE,20,0.2,1,850mm x 2000mm,Standard,549.78,2,499.8,3,449.82,5,N/A,N/A,0,2.5,6.5,15,0.2,,,,,"{""Sets"":""1"",""Size"":""850mm x 2000mm"",""Cartridge"":""Standard""}",20/09/2021,N/A,ROL-524-553-610-525-EXPRESS,ROL-524-553-610-525-STANDARD,ROL-524-553-610-525-SAVER,N/A
Roller Banners,PRD-V1PJ6JAE,50,0.2,1,850mm x 2000mm,Standard,1374.45,3,1249.5,4,1124.55,6,N/A,N/A,0,2.5,6.5,15,0.2,,,,,"{""Sets"":""1"",""Size"":""850mm x 2000mm"",""Cartridge"":""Standard""}",20/09/2021,N/A,ROL-524-553-610-525-EXPRESS,ROL-524-553-610-525-STANDARD,ROL-524-553-610-525-SAVER,N/A
Roller Banners,PRD-V1PJ6JAE,99,0.2,1,850mm x 2000mm,Standard,2721.41,4,2474.01,5,2226.61,7,N/A,N/A,0,2.5,6.5,15,0.2,,,,,"{""Sets"":""1"",""Size"":""850mm x 2000mm"",""Cartridge"":""Standard""}",20/09/2021,N/A,ROL-524-553-610-525-EXPRESS,ROL-524-553-610-525-STANDARD,ROL-524-553-610-525-SAVER,N/A
Roller Banners,PRD-V1PJ6JAE,1,0.2,1,1200mm x 2000mm,Standard,109.99,1,99.99,2,89.99,4,N/A,N/A,0,2.5,6.5,15,0.2,,,,,"{""Sets"":""1"",""Size"":""1200mm x 2000mm"",""Cartridge"":""Standard""}",20/09/2021,N/A,ROL-558-558-597-653-EXPRESS,ROL-558-558-597-653-STANDARD,ROL-558-558-597-653-SAVER,N/A
Roller Banners,PRD-V1PJ6JAE,3,0.2,1,1200mm x 2000mm,Standard,329.97,1,299.97,2,269.97,4,N/A,N/A,0,2.5,6.5,15,0.2,,,,,"{""Sets"":""1"",""Size"":""1200mm x 2000mm"",""Cartridge"":""Standard""}",20/09/2021,N/A,ROL-558-558-597-653-EXPRESS,ROL-558-558-597-653-STANDARD,ROL-558-558-597-653-SAVER,N/A
Roller Banners,PRD-V1PJ6JAE,5,0.2,1,1200mm x 2000mm,Standard,549.94,1,499.95,2,449.96,4,N/A,N/A,0,2.5,6.5,15,0.2,,,,,"{""Sets"":""1"",""Size"":""1200mm x 2000mm"",""Cartridge"":""Standard""}",20/09/2021,N/A,ROL-558-558-597-653-EXPRESS,ROL-558-558-597-653-STANDARD,ROL-558-558-597-653-SAVER,N/A
Roller Banners,PRD-V1PJ6JAE,10,0.2,1,1200mm x 2000mm,Standard,1099.89,1,999.9,2,899.91,4,N/A,N/A,0,2.5,6.5,15,0.2,,,,,"{""Sets"":""1"",""Size"":""1200mm x 2000mm"",""Cartridge"":""Standard""}",20/09/2021,N/A,ROL-558-558-597-653-EXPRESS,ROL-558-558-597-653-STANDARD,ROL-558-558-597-653-SAVER,N/A
Roller Banners,PRD-V1PJ6JAE,20,0.2,1,1200mm x 2000mm,Standard,2199.78,2,1999.8,3,1799.82,5,N/A,N/A,0,2.5,6.5,15,0.2,,,,,"{""Sets"":""1"",""Size"":""1200mm x 2000mm"",""Cartridge"":""Standard""}",20/09/2021,N/A,ROL-558-558-597-653-EXPRESS,ROL-558-558-597-653-STANDARD,ROL-558-558-597-653-SAVER,N/A
Roller Banners,PRD-V1PJ6JAE,50,0.2,1,1200mm x 2000mm,Standard,5499.45,3,4999.5,4,4499.55,6,N/A,N/A,0,2.5,6.5,15,0.2,,,,,"{""Sets"":""1"",""Size"":""1200mm x 2000mm"",""Cartridge"":""Standard""}",20/09/2021,N/A,ROL-558-558-597-653-EXPRESS,ROL-558-558-597-653-STANDARD,ROL-558-558-597-653-SAVER,N/A
Roller Banners,PRD-V1PJ6JAE,99,0.2,1,1200mm x 2000mm,Standard,10888.91,4,9899.01,5,8909.11,7,N/A,N/A,0,2.5,6.5,15,0.2,,,,,"{""Sets"":""1"",""Size"":""1200mm x 2000mm"",""Cartridge"":""Standard""}",20/09/2021,N/A,ROL-558-558-597-653-EXPRESS,ROL-558-558-597-653-STANDARD,ROL-558-558-597-653-SAVER,N/A
Roller Banners,PRD-V1PJ6JAE,1,0.2,1,1000mm x 2000mm,Standard,65.99,1,59.99,2,53.99,4,N/A,N/A,0,2.5,6.5,15,0.2,,,,,"{""Sets"":""1"",""Size"":""1000mm x 2000mm"",""Cartridge"":""Standard""}",20/09/2021,N/A,ROL-660-454-605-550-EXPRESS,ROL-660-454-605-550-STANDARD,ROL-660-454-605-550-SAVER,N/A
Roller Banners,PRD-V1PJ6JAE,3,0.2,1,1000mm x 2000mm,Standard,197.97,1,179.97,2,161.97,4,N/A,N/A,0,2.5,6.5,15,0.2,,,,,"{""Sets"":""1"",""Size"":""1000mm x 2000mm"",""Cartridge"":""Standard""}",20/09/2021,N/A,ROL-660-454-605-550-EXPRESS,ROL-660-454-605-550-STANDARD,ROL-660-454-605-550-SAVER,N/A
Roller Banners,PRD-V1PJ6JAE,5,0.2,1,1000mm x 2000mm,Standard,329.94,1,299.95,2,269.96,4,N/A,N/A,0,2.5,6.5,15,0.2,,,,,"{""Sets"":""1"",""Size"":""1000mm x 2000mm"",""Cartridge"":""Standard""}",20/09/2021,N/A,ROL-660-454-605-550-EXPRESS,ROL-660-454-605-550-STANDARD,ROL-660-454-605-550-SAVER,N/A
Roller Banners,PRD-V1PJ6JAE,10,0.2,1,1000mm x 2000mm,Standard,659.89,1,599.9,2,539.91,4,N/A,N/A,0,2.5,6.5,15,0.2,,,,,"{""Sets"":""1"",""Size"":""1000mm x 2000mm"",""Cartridge"":""Standard""}",20/09/2021,N/A,ROL-660-454-605-550-EXPRESS,ROL-660-454-605-550-STANDARD,ROL-660-454-605-550-SAVER,N/A
Roller Banners,PRD-V1PJ6JAE,20,0.2,1,1000mm x 2000mm,Standard,1319.78,2,1199.8,3,1079.82,5,N/A,N/A,0,2.5,6.5,15,0.2,,,,,"{""Sets"":""1"",""Size"":""1000mm x 2000mm"",""Cartridge"":""Standard""}",20/09/2021,N/A,ROL-660-454-605-550-EXPRESS,ROL-660-454-605-550-STANDARD,ROL-660-454-605-550-SAVER,N/A
Roller Banners,PRD-V1PJ6JAE,50,0.2,1,1000mm x 2000mm,Standard,3299.45,3,2999.5,4,2699.55,6,N/A,N/A,0,2.5,6.5,15,0.2,,,,,"{""Sets"":""1"",""Size"":""1000mm x 2000mm"",""Cartridge"":""Standard""}",20/09/2021,N/A,ROL-660-454-605-550-EXPRESS,ROL-660-454-605-550-STANDARD,ROL-660-454-605-550-SAVER,N/A
Roller Banners,PRD-V1PJ6JAE,99,0.2,1,1000mm x 2000mm,Standard,6532.91,4,5939.01,5,5345.11,7,N/A,N/A,0,2.5,6.5,15,0.2,,,,,"{""Sets"":""1"",""Size"":""1000mm x 2000mm"",""Cartridge"":""Standard""}",20/09/2021,N/A,ROL-660-454-605-550-EXPRESS,ROL-660-454-605-550-STANDARD,ROL-660-454-605-550-SAVER,N/A
Roller Banners,PRD-V1PJ6JAE,1,0.2,1,800mm x 2000mm,Premium,54.99,1,49.99,2,44.99,4,N/A,N/A,0,2.5,6.5,15,0.2,,,,,"{""Sets"":""1"",""Size"":""800mm x 2000mm"",""Cartridge"":""Premium""}",20/09/2021,N/A,ROL-554-515-515-558-EXPRESS,ROL-554-515-515-558-STANDARD,ROL-554-515-515-558-SAVER,N/A
Roller Banners,PRD-V1PJ6JAE,3,0.2,1,800mm x 2000mm,Premium,164.97,1,149.97,2,134.97,4,N/A,N/A,0,2.5,6.5,15,0.2,,,,,"{""Sets"":""1"",""Size"":""800mm x 2000mm"",""Cartridge"":""Premium""}",20/09/2021,N/A,ROL-554-515-515-558-EXPRESS,ROL-554-515-515-558-STANDARD,ROL-554-515-515-558-SAVER,N/A
Roller Banners,PRD-V1PJ6JAE,5,0.2,1,800mm x 2000mm,Premium,274.94,1,249.95,2,224.95,4,N/A,N/A,0,2.5,6.5,15,0.2,,,,,"{""Sets"":""1"",""Size"":""800mm x 2000mm"",""Cartridge"":""Premium""}",20/09/2021,N/A,ROL-554-515-515-558-EXPRESS,ROL-554-515-515-558-STANDARD,ROL-554-515-515-558-SAVER,N/A
Roller Banners,PRD-V1PJ6JAE,10,0.2,1,800mm x 2000mm,Premium,549.89,1,499.9,2,449.91,4,N/A,N/A,0,2.5,6.5,15,0.2,,,,,"{""Sets"":""1"",""Size"":""800mm x 2000mm"",""Cartridge"":""Premium""}",20/09/2021,N/A,ROL-554-515-515-558-EXPRESS,ROL-554-515-515-558-STANDARD,ROL-554-515-515-558-SAVER,N/A
Roller Banners,PRD-V1PJ6JAE,20,0.2,1,800mm x 2000mm,Premium,1099.78,2,999.8,3,899.82,5,N/A,N/A,0,2.5,6.5,15,0.2,,,,,"{""Sets"":""1"",""Size"":""800mm x 2000mm"",""Cartridge"":""Premium""}",20/09/2021,N/A,ROL-554-515-515-558-EXPRESS,ROL-554-515-515-558-STANDARD,ROL-554-515-515-558-SAVER,N/A
Roller Banners,PRD-V1PJ6JAE,50,0.2,1,800mm x 2000mm,Premium,2749.45,3,2499.5,4,2249.55,6,N/A,N/A,0,2.5,6.5,15,0.2,,,,,"{""Sets"":""1"",""Size"":""800mm x 2000mm"",""Cartridge"":""Premium""}",20/09/2021,N/A,ROL-554-515-515-558-EXPRESS,ROL-554-515-515-558-STANDARD,ROL-554-515-515-558-SAVER,N/A
Roller Banners,PRD-V1PJ6JAE,99,0.2,1,800mm x 2000mm,Premium,5443.91,4,4949.01,5,4454.11,7,N/A,N/A,0,2.5,6.5,15,0.2,,,,,"{""Sets"":""1"",""Size"":""800mm x 2000mm"",""Cartridge"":""Premium""}",20/09/2021,N/A,ROL-554-515-515-558-EXPRESS,ROL-554-515-515-558-STANDARD,ROL-554-515-515-558-SAVER,N/A
Roller Banners,PRD-V1PJ6JAE,1,0.2,1,800mm x 2000mm,Standard,27.49,1,24.99,2,22.49,4,37.48,0,0,2.5,6.5,15,0.2,,,,,"{""Sets"":""1"",""Size"":""800mm x 2000mm"",""Cartridge"":""Standard""}",20/09/2021,N/A,ROL-708-523-484-483-EXPRESS,ROL-708-523-484-483-STANDARD,ROL-708-523-484-483-SAVER,ROL-708-523-484-483-SAMEDAY
Roller Banners,PRD-V1PJ6JAE,3,0.2,1,800mm x 2000mm,Standard,82.47,1,74.97,2,67.47,4,112.46,0,0,2.5,6.5,15,0.2,,,,,"{""Sets"":""1"",""Size"":""800mm x 2000mm"",""Cartridge"":""Standard""}",20/09/2021,N/A,ROL-708-523-484-483-EXPRESS,ROL-708-523-484-483-STANDARD,ROL-708-523-484-483-SAVER,ROL-708-523-484-483-SAMEDAY
Roller Banners,PRD-V1PJ6JAE,5,0.2,1,800mm x 2000mm,Standard,137.44,1,124.95,2,112.46,4,187.42,0,0,2.5,6.5,15,0.2,,,,,"{""Sets"":""1"",""Size"":""800mm x 2000mm"",""Cartridge"":""Standard""}",20/09/2021,N/A,ROL-708-523-484-483-EXPRESS,ROL-708-523-484-483-STANDARD,ROL-708-523-484-483-SAVER,ROL-708-523-484-483-SAMEDAY
Roller Banners,PRD-V1PJ6JAE,10,0.2,1,800mm x 2000mm,Standard,274.89,1,249.9,2,224.91,4,N/A,N/A,0,2.5,6.5,15,0.2,,,,,"{""Sets"":""1"",""Size"":""800mm x 2000mm"",""Cartridge"":""Standard""}",20/09/2021,N/A,ROL-708-523-484-483-EXPRESS,ROL-708-523-484-483-STANDARD,ROL-708-523-484-483-SAVER,N/A
Roller Banners,PRD-V1PJ6JAE,20,0.2,1,800mm x 2000mm,Standard,549.78,2,499.8,3,449.82,5,N/A,N/A,0,2.5,6.5,15,0.2,,,,,"{""Sets"":""1"",""Size"":""800mm x 2000mm"",""Cartridge"":""Standard""}",20/09/2021,N/A,ROL-708-523-484-483-EXPRESS,ROL-708-523-484-483-STANDARD,ROL-708-523-484-483-SAVER,N/A
Roller Banners,PRD-V1PJ6JAE,50,0.2,1,800mm x 2000mm,Standard,1374.45,3,1249.5,4,1124.55,6,N/A,N/A,0,2.5,6.5,15,0.2,,,,,"{""Sets"":""1"",""Size"":""800mm x 2000mm"",""Cartridge"":""Standard""}",20/09/2021,N/A,ROL-708-523-484-483-EXPRESS,ROL-708-523-484-483-STANDARD,ROL-708-523-484-483-SAVER,N/A
Roller Banners,PRD-V1PJ6JAE,99,0.2,1,800mm x 2000mm,Standard,2721.41,4,2474.01,5,2226.61,7,N/A,N/A,0,2.5,6.5,15,0.2,,,,,"{""Sets"":""1"",""Size"":""800mm x 2000mm"",""Cartridge"":""Standard""}",20/09/2021,N/A,ROL-708-523-484-483-EXPRESS,ROL-708-523-484-483-STANDARD,ROL-708-523-484-483-SAVER,N/A
Roller Banners,PRD-V1PJ6JAE,1,0.2,1,1500mm x 2000mm,Standard,141.9,1,129,2,116.1,4,N/A,N/A,0,2.5,6.5,15,0.2,,,,,"{""Sets"":""1"",""Size"":""1500mm x 2000mm"",""Cartridge"":""Standard""}",20/09/2021,N/A,ROL-653-561-516-515-EXPRESS,ROL-653-561-516-515-STANDARD,ROL-653-561-516-515-SAVER,N/A
Roller Banners,PRD-V1PJ6JAE,3,0.2,1,1500mm x 2000mm,Standard,425.7,1,387,2,348.3,4,N/A,N/A,0,2.5,6.5,15,0.2,,,,,"{""Sets"":""1"",""Size"":""1500mm x 2000mm"",""Cartridge"":""Standard""}",20/09/2021,N/A,ROL-653-561-516-515-EXPRESS,ROL-653-561-516-515-STANDARD,ROL-653-561-516-515-SAVER,N/A
Roller Banners,PRD-V1PJ6JAE,5,0.2,1,1500mm x 2000mm,Standard,709.5,1,645,2,580.5,4,N/A,N/A,0,2.5,6.5,15,0.2,,,,,"{""Sets"":""1"",""Size"":""1500mm x 2000mm"",""Cartridge"":""Standard""}",20/09/2021,N/A,ROL-653-561-516-515-EXPRESS,ROL-653-561-516-515-STANDARD,ROL-653-561-516-515-SAVER,N/A
Roller Banners,PRD-V1PJ6JAE,10,0.2,1,1500mm x 2000mm,Standard,1419,1,1290,2,1161,4,N/A,N/A,0,2.5,6.5,15,0.2,,,,,"{""Sets"":""1"",""Size"":""1500mm x 2000mm"",""Cartridge"":""Standard""}",20/09/2021,N/A,ROL-653-561-516-515-EXPRESS,ROL-653-561-516-515-STANDARD,ROL-653-561-516-515-SAVER,N/A
Roller Banners,PRD-V1PJ6JAE,20,0.2,1,1500mm x 2000mm,Standard,2838,2,2580,3,2322,5,N/A,N/A,0,2.5,6.5,15,0.2,,,,,"{""Sets"":""1"",""Size"":""1500mm x 2000mm"",""Cartridge"":""Standard""}",20/09/2021,N/A,ROL-653-561-516-515-EXPRESS,ROL-653-561-516-515-STANDARD,ROL-653-561-516-515-SAVER,N/A
Roller Banners,PRD-V1PJ6JAE,50,0.2,1,1500mm x 2000mm,Standard,7095,3,6450,4,5805,6,N/A,N/A,0,2.5,6.5,15,0.2,,,,,"{""Sets"":""1"",""Size"":""1500mm x 2000mm"",""Cartridge"":""Standard""}",20/09/2021,N/A,ROL-653-561-516-515-EXPRESS,ROL-653-561-516-515-STANDARD,ROL-653-561-516-515-SAVER,N/A
Roller Banners,PRD-V1PJ6JAE,99,0.2,1,1500mm x 2000mm,Standard,14048.1,4,12771,5,11493.9,7,N/A,N/A,0,2.5,6.5,15,0.2,,,,,"{""Sets"":""1"",""Size"":""1500mm x 2000mm"",""Cartridge"":""Standard""}",20/09/2021,N/A,ROL-653-561-516-515-EXPRESS,ROL-653-561-516-515-STANDARD,ROL-653-561-516-515-SAVER,N/A
