ProductName,ProductID,Quantity,Tax,Sets,Spot Uv,Lamination,Paper Type,Round Corners,Sides Printed,PriceExpress,Production Days Express,PriceStandard,Production Days Standard,PriceSaver,Production Days Saver,PriceSameday,Production Days Sameday,Price Just Print,Price File Check,Price File Check with Proofing,Price File Assist,Artwork Tax,Flat Width (mm),Flat Height (mm),Finished Width (mm),Finished Height (mm),productionDataJSON,updatedAt,Preflight,Express Sku,Standard Sku,Saver Sku,Same Day Sku
Standard BC,PRD-QPAW6H8M,500,0.0,1,None,Both Sides (Matt),400gsm Art Board Silk Finish,None,Double Sided,9.15,1,8.32,2,7.49,4,12.48,0,0,2.5,6.5,15,0.2,85,55,85,55,"{""Sets"":""1"",""Spot Uv"":""None"",""Lamination"":""Both Sides (Matt)"",""Paper Type"":""400gsm Art Board Silk Finish"",""Round Corners"":""None"",""Sides Printed"":""Double Sided""}",20/09/2021,Available,STA-511-601-465-566-EXPRESS,STA-511-601-465-566-STANDARD,STA-511-601-465-566-SAVER,STA-511-601-465-566-SAMEDAY
Standard BC,PRD-QPAW6H8M,500,0.0,1,None,None,350gsm Art Board Silk Finish,None,Single Sided,17.72,1,16.11,2,14.5,4,24.16,0,0,2.5,6.5,15,0.2,85,55,85,55,"{""Sets"":""1"",""Spot Uv"":""None"",""Lamination"":""None"",""Paper Type"":""350gsm Art Board Silk Finish"",""Round Corners"":""None"",""Sides Printed"":""Single Sided""}",20/09/2021,Available,STA-514-567-564-521-EXPRESS,STA-514-567-564-521-STANDARD,STA-514-567-564-521-SAVER,STA-514-567-564-521-SAMEDAY
Standard BC,PRD-QPAW6H8M,500,0.0,2,None,Both Sides (Gloss),400gsm Art Board Silk Finish,Yes,Double Sided,21.85,1,19.86,2,17.87,4,29.79,0,0,2.5,6.5,15,0.2,85,55,85,55,"{""Sets"":""2"",""Spot Uv"":""None"",""Lamination"":""Both Sides (Gloss)"",""Paper Type"":""400gsm Art Board Silk Finish"",""Round Corners"":""Yes"",""Sides Printed"":""Double Sided""}",20/09/2021,Available,STA-662-561-606-475-EXPRESS,STA-662-561-606-475-STANDARD,STA-662-561-606-475-SAVER,STA-662-561-606-475-SAMEDAY
Standard BC,PRD-QPAW6H8M,500,0.0,1,Spot UV 2 Sides,Both Sides (Matt),450gsm Art Board Silk Finish,None,Double Sided,16.42,6,14.93,7,13.44,9,N/A,N/A,0,2.5,6.5,15,0.2,85,55,85,55,"{""Sets"":""1"",""Spot Uv"":""Spot UV 2 Sides"",""Lamination"":""Both Sides (Matt)"",""Paper Type"":""450gsm Art Board Silk Finish"",""Round Corners"":""None"",""Sides Printed"":""Double Sided""}",20/09/2021,N/A,STA-599-549-614-700-EXPRESS,STA-599-549-614-700-STANDARD,STA-599-549-614-700-SAVER,N/A
Standard BC,PRD-QPAW6H8M,500,0.0,2,None,Both Sides (Matt),450gsm Art Board Silk Finish,None,Double Sided,12.68,1,11.53,2,10.38,4,17.29,0,0,2.5,6.5,15,0.2,85,55,85,55,"{""Sets"":""2"",""Spot Uv"":""None"",""Lamination"":""Both Sides (Matt)"",""Paper Type"":""450gsm Art Board Silk Finish"",""Round Corners"":""None"",""Sides Printed"":""Double Sided""}",20/09/2021,Available,STA-505-563-614-526-EXPRESS,STA-505-563-614-526-STANDARD,STA-505-563-614-526-SAVER,STA-505-563-614-526-SAMEDAY
Standard BC,PRD-QPAW6H8M,500,0.0,2,None,Both Sides (Matt),400gsm Art Board Silk Finish,None,Double Sided,12.19,1,11.08,2,9.97,4,16.62,0,0,2.5,6.5,15,0.2,85,55,85,55,"{""Sets"":""2"",""Spot Uv"":""None"",""Lamination"":""Both Sides (Matt)"",""Paper Type"":""400gsm Art Board Silk Finish"",""Round Corners"":""None"",""Sides Printed"":""Double Sided""}",20/09/2021,Available,STA-563-612-596-520-EXPRESS,STA-563-612-596-520-STANDARD,STA-563-612-596-520-SAVER,STA-563-612-596-520-SAMEDAY
Standard BC,PRD-QPAW6H8M,500,0.0,1,None,Both Sides (Matt),450gsm Art Board Silk Finish,None,Single Sided,9.38,1,8.53,2,7.68,4,12.79,0,0,2.5,6.5,15,0.2,85,55,85,55,"{""Sets"":""1"",""Spot Uv"":""None"",""Lamination"":""Both Sides (Matt)"",""Paper Type"":""450gsm Art Board Silk Finish"",""Round Corners"":""None"",""Sides Printed"":""Single Sided""}",20/09/2021,Available,STA-556-563-611-519-EXPRESS,STA-556-563-611-519-STANDARD,STA-556-563-611-519-SAVER,STA-556-563-611-519-SAMEDAY
Standard BC,PRD-QPAW6H8M,500,0.0,1,None,Both Sides (Soft Touch),400gsm Art Board Silk Finish,Yes,Double Sided,16.26,1,14.78,2,13.3,4,22.17,0,0,2.5,6.5,15,0.2,85,55,85,55,"{""Sets"":""1"",""Spot Uv"":""None"",""Lamination"":""Both Sides (Soft Touch)"",""Paper Type"":""400gsm Art Board Silk Finish"",""Round Corners"":""Yes"",""Sides Printed"":""Double Sided""}",20/09/2021,Available,STA-515-562-661-564-EXPRESS,STA-515-562-661-564-STANDARD,STA-515-562-661-564-SAVER,STA-515-562-661-564-SAMEDAY
Standard BC,PRD-QPAW6H8M,500,0.0,1,None,Both Sides (Soft Touch),450gsm Art Board Silk Finish,Yes,Single Sided,16.5,3,15,4,13.5,6,N/A,N/A,0,2.5,6.5,15,0.2,85,55,85,55,"{""Sets"":""1"",""Spot Uv"":""None"",""Lamination"":""Both Sides (Soft Touch)"",""Paper Type"":""450gsm Art Board Silk Finish"",""Round Corners"":""Yes"",""Sides Printed"":""Single Sided""}",20/09/2021,Available,STA-594-481-606-563-EXPRESS,STA-594-481-606-563-STANDARD,STA-594-481-606-563-SAVER,N/A
Standard BC,PRD-QPAW6H8M,500,0.0,2,None,Both Sides (Soft Touch),450gsm Art Board Silk Finish,None,Double Sided,14.76,1,13.42,2,12.08,4,N/A,N/A,0,2.5,6.5,15,0.2,85,55,85,55,"{""Sets"":""2"",""Spot Uv"":""None"",""Lamination"":""Both Sides (Soft Touch)"",""Paper Type"":""450gsm Art Board Silk Finish"",""Round Corners"":""None"",""Sides Printed"":""Double Sided""}",20/09/2021,Available,STA-662-505-612-574-EXPRESS,STA-662-505-612-574-STANDARD,STA-662-505-612-574-SAVER,N/A
Standard BC,PRD-QPAW6H8M,500,0.0,2,None,Both Sides (Gloss),400gsm Art Board Silk Finish,Yes,Single Sided,21.84,1,19.85,2,17.87,4,29.78,0,0,2.5,6.5,15,0.2,85,55,85,55,"{""Sets"":""2"",""Spot Uv"":""None"",""Lamination"":""Both Sides (Gloss)"",""Paper Type"":""400gsm Art Board Silk Finish"",""Round Corners"":""Yes"",""Sides Printed"":""Single Sided""}",20/09/2021,Available,STA-521-713-465-654-EXPRESS,STA-521-713-465-654-STANDARD,STA-521-713-465-654-SAVER,STA-521-713-465-654-SAMEDAY
Standard BC,PRD-QPAW6H8M,500,0.0,1,None,Both Sides (Soft Touch),400gsm Art Board Silk Finish,Yes,Single Sided,16.25,1,14.77,2,13.29,4,22.16,0,0,2.5,6.5,15,0.2,85,55,85,55,"{""Sets"":""1"",""Spot Uv"":""None"",""Lamination"":""Both Sides (Soft Touch)"",""Paper Type"":""400gsm Art Board Silk Finish"",""Round Corners"":""Yes"",""Sides Printed"":""Single Sided""}",20/09/2021,Available,STA-616-425-609-655-EXPRESS,STA-616-425-609-655-STANDARD,STA-616-425-609-655-SAVER,STA-616-425-609-655-SAMEDAY
Standard BC,PRD-QPAW6H8M,500,0.0,1,None,Both Sides (Gloss),450gsm Art Board Silk Finish,None,Double Sided,9.39,2,8.54,3,7.69,5,N/A,N/A,0,2.5,6.5,15,0.2,85,55,85,55,"{""Sets"":""1"",""Spot Uv"":""None"",""Lamination"":""Both Sides (Gloss)"",""Paper Type"":""450gsm Art Board Silk Finish"",""Round Corners"":""None"",""Sides Printed"":""Double Sided""}",20/09/2021,Available,STA-517-522-520-573-EXPRESS,STA-517-522-520-573-STANDARD,STA-517-522-520-573-SAVER,N/A
Standard BC,PRD-QPAW6H8M,500,0.0,2,None,Both Sides (Matt),400gsm Art Board Silk Finish,None,Single Sided,12.18,1,11.07,2,9.96,4,16.6,0,0,2.5,6.5,15,0.2,85,55,85,55,"{""Sets"":""2"",""Spot Uv"":""None"",""Lamination"":""Both Sides (Matt)"",""Paper Type"":""400gsm Art Board Silk Finish"",""Round Corners"":""None"",""Sides Printed"":""Single Sided""}",20/09/2021,Available,STA-646-560-564-436-EXPRESS,STA-646-560-564-436-STANDARD,STA-646-560-564-436-SAVER,STA-646-560-564-436-SAMEDAY
Standard BC,PRD-QPAW6H8M,500,0.0,1,None,Both Sides (Gloss),450gsm Art Board Silk Finish,Yes,Single Sided,15.46,4,14.05,5,12.64,7,N/A,N/A,0,2.5,6.5,15,0.2,85,55,85,55,"{""Sets"":""1"",""Spot Uv"":""None"",""Lamination"":""Both Sides (Gloss)"",""Paper Type"":""450gsm Art Board Silk Finish"",""Round Corners"":""Yes"",""Sides Printed"":""Single Sided""}",20/09/2021,Available,STA-561-460-620-571-EXPRESS,STA-561-460-620-571-STANDARD,STA-561-460-620-571-SAVER,N/A
Standard BC,PRD-QPAW6H8M,500,0.0,1,None,None,350gsm Art Board Silk Finish,None,Double Sided,18.54,1,16.85,2,15.17,4,25.28,0,0,2.5,6.5,15,0.2,85,55,85,55,"{""Sets"":""1"",""Spot Uv"":""None"",""Lamination"":""None"",""Paper Type"":""350gsm Art Board Silk Finish"",""Round Corners"":""None"",""Sides Printed"":""Double Sided""}",20/09/2021,Available,STA-560-518-700-512-EXPRESS,STA-560-518-700-512-STANDARD,STA-560-518-700-512-SAVER,STA-560-518-700-512-SAMEDAY
Standard BC,PRD-QPAW6H8M,500,0.0,2,None,Both Sides (Gloss),400gsm Art Board Silk Finish,None,Double Sided,12.19,1,11.08,2,9.97,4,16.62,0,0,2.5,6.5,15,0.2,85,55,85,55,"{""Sets"":""2"",""Spot Uv"":""None"",""Lamination"":""Both Sides (Gloss)"",""Paper Type"":""400gsm Art Board Silk Finish"",""Round Corners"":""None"",""Sides Printed"":""Double Sided""}",20/09/2021,Available,STA-525-525-472-597-EXPRESS,STA-525-525-472-597-STANDARD,STA-525-525-472-597-SAVER,STA-525-525-472-597-SAMEDAY
Standard BC,PRD-QPAW6H8M,500,0.0,2,None,Both Sides (Soft Touch),450gsm Art Board Silk Finish,Yes,Single Sided,24.41,3,22.19,4,19.97,6,N/A,N/A,0,2.5,6.5,15,0.2,85,55,85,55,"{""Sets"":""2"",""Spot Uv"":""None"",""Lamination"":""Both Sides (Soft Touch)"",""Paper Type"":""450gsm Art Board Silk Finish"",""Round Corners"":""Yes"",""Sides Printed"":""Single Sided""}",20/09/2021,Available,STA-551-510-656-618-EXPRESS,STA-551-510-656-618-STANDARD,STA-551-510-656-618-SAVER,N/A
Standard BC,PRD-QPAW6H8M,500,0.0,1,None,Both Sides (Matt),450gsm Art Board Silk Finish,Yes,Double Sided,15.47,3,14.06,4,12.65,6,N/A,N/A,0,2.5,6.5,15,0.2,85,55,85,55,"{""Sets"":""1"",""Spot Uv"":""None"",""Lamination"":""Both Sides (Matt)"",""Paper Type"":""450gsm Art Board Silk Finish"",""Round Corners"":""Yes"",""Sides Printed"":""Double Sided""}",20/09/2021,Available,STA-563-466-649-521-EXPRESS,STA-563-466-649-521-STANDARD,STA-563-466-649-521-SAVER,N/A
Standard BC,PRD-QPAW6H8M,500,0.0,2,None,Both Sides (Soft Touch),400gsm Art Board Silk Finish,None,Single Sided,14.26,1,12.96,2,11.66,4,19.44,0,0,2.5,6.5,15,0.2,85,55,85,55,"{""Sets"":""2"",""Spot Uv"":""None"",""Lamination"":""Both Sides (Soft Touch)"",""Paper Type"":""400gsm Art Board Silk Finish"",""Round Corners"":""None"",""Sides Printed"":""Single Sided""}",20/09/2021,Available,STA-533-527-559-618-EXPRESS,STA-533-527-559-618-STANDARD,STA-533-527-559-618-SAVER,STA-533-527-559-618-SAMEDAY
Standard BC,PRD-QPAW6H8M,500,0.0,1,None,Both Sides (Matt),450gsm Art Board Silk Finish,Yes,Single Sided,15.46,3,14.05,4,12.64,6,N/A,N/A,0,2.5,6.5,15,0.2,85,55,85,55,"{""Sets"":""1"",""Spot Uv"":""None"",""Lamination"":""Both Sides (Matt)"",""Paper Type"":""450gsm Art Board Silk Finish"",""Round Corners"":""Yes"",""Sides Printed"":""Single Sided""}",20/09/2021,Available,STA-486-611-709-559-EXPRESS,STA-486-611-709-559-STANDARD,STA-486-611-709-559-SAVER,N/A
Standard BC,PRD-QPAW6H8M,500,0.0,2,None,Both Sides (Matt),400gsm Art Board Silk Finish,Yes,Double Sided,21.85,3,19.86,4,17.87,6,N/A,N/A,0,2.5,6.5,15,0.2,85,55,85,55,"{""Sets"":""2"",""Spot Uv"":""None"",""Lamination"":""Both Sides (Matt)"",""Paper Type"":""400gsm Art Board Silk Finish"",""Round Corners"":""Yes"",""Sides Printed"":""Double Sided""}",20/09/2021,Available,STA-606-468-513-610-EXPRESS,STA-606-468-513-610-STANDARD,STA-606-468-513-610-SAVER,N/A
Standard BC,PRD-QPAW6H8M,500,0.0,2,None,None,400gsm Art Board Silk Finish,None,Double Sided,10.25,1,9.32,2,8.39,4,N/A,N/A,0,2.5,6.5,15,0.2,85,55,85,55,"{""Sets"":""2"",""Spot Uv"":""None"",""Lamination"":""None"",""Paper Type"":""400gsm Art Board Silk Finish"",""Round Corners"":""None"",""Sides Printed"":""Double Sided""}",20/09/2021,Available,STA-514-419-566-604-EXPRESS,STA-514-419-566-604-STANDARD,STA-514-419-566-604-SAVER,N/A
Standard BC,PRD-QPAW6H8M,500,0.0,1,None,Both Sides (Soft Touch),400gsm Art Board Silk Finish,None,Single Sided,10.19,1,9.26,2,8.33,4,13.89,0,0,2.5,6.5,15,0.2,85,55,85,55,"{""Sets"":""1"",""Spot Uv"":""None"",""Lamination"":""Both Sides (Soft Touch)"",""Paper Type"":""400gsm Art Board Silk Finish"",""Round Corners"":""None"",""Sides Printed"":""Single Sided""}",20/09/2021,Available,STA-648-463-558-462-EXPRESS,STA-648-463-558-462-STANDARD,STA-648-463-558-462-SAVER,STA-648-463-558-462-SAMEDAY
Standard BC,PRD-QPAW6H8M,500,0.0,2,None,None,400gsm Art Board Silk Finish,Yes,Double Sided,19.91,3,18.1,4,16.29,6,N/A,N/A,0,2.5,6.5,15,0.2,85,55,85,55,"{""Sets"":""2"",""Spot Uv"":""None"",""Lamination"":""None"",""Paper Type"":""400gsm Art Board Silk Finish"",""Round Corners"":""Yes"",""Sides Printed"":""Double Sided""}",20/09/2021,Available,STA-553-522-561-705-EXPRESS,STA-553-522-561-705-STANDARD,STA-553-522-561-705-SAVER,N/A
Standard BC,PRD-QPAW6H8M,500,0.0,1,None,None,400gsm Art Board Silk Finish,None,Single Sided,8.17,1,7.43,2,6.69,4,N/A,N/A,0,2.5,6.5,15,0.2,85,55,85,55,"{""Sets"":""1"",""Spot Uv"":""None"",""Lamination"":""None"",""Paper Type"":""400gsm Art Board Silk Finish"",""Round Corners"":""None"",""Sides Printed"":""Single Sided""}",20/09/2021,Available,STA-609-609-651-563-EXPRESS,STA-609-609-651-563-STANDARD,STA-609-609-651-563-SAVER,N/A
Standard BC,PRD-QPAW6H8M,500,0.0,1,None,None,400gsm Art Board Silk Finish,Yes,Double Sided,14.26,3,12.96,4,11.66,6,N/A,N/A,0,2.5,6.5,15,0.2,85,55,85,55,"{""Sets"":""1"",""Spot Uv"":""None"",""Lamination"":""None"",""Paper Type"":""400gsm Art Board Silk Finish"",""Round Corners"":""Yes"",""Sides Printed"":""Double Sided""}",20/09/2021,Available,STA-572-561-610-610-EXPRESS,STA-572-561-610-610-STANDARD,STA-572-561-610-610-SAVER,N/A
Standard BC,PRD-QPAW6H8M,500,0.0,2,None,Both Sides (Matt),450gsm Art Board Silk Finish,None,Single Sided,12.66,1,11.51,2,10.36,4,17.26,0,0,2.5,6.5,15,0.2,85,55,85,55,"{""Sets"":""2"",""Spot Uv"":""None"",""Lamination"":""Both Sides (Matt)"",""Paper Type"":""450gsm Art Board Silk Finish"",""Round Corners"":""None"",""Sides Printed"":""Single Sided""}",20/09/2021,Available,STA-564-609-653-570-EXPRESS,STA-564-609-653-570-STANDARD,STA-564-609-653-570-SAVER,STA-564-609-653-570-SAMEDAY
Standard BC,PRD-QPAW6H8M,500,0.0,2,None,Both Sides (Gloss),450gsm Art Board Silk Finish,None,Single Sided,12.66,2,11.51,3,10.36,5,N/A,N/A,0,2.5,6.5,15,0.2,85,55,85,55,"{""Sets"":""2"",""Spot Uv"":""None"",""Lamination"":""Both Sides (Gloss)"",""Paper Type"":""450gsm Art Board Silk Finish"",""Round Corners"":""None"",""Sides Printed"":""Single Sided""}",20/09/2021,Available,STA-564-624-469-474-EXPRESS,STA-564-624-469-474-STANDARD,STA-564-624-469-474-SAVER,N/A
Standard BC,PRD-QPAW6H8M,500,0.0,1,None,Both Sides (Matt),400gsm Art Board Silk Finish,Yes,Single Sided,15.21,3,13.83,4,12.45,6,N/A,N/A,0,2.5,6.5,15,0.2,85,55,85,55,"{""Sets"":""1"",""Spot Uv"":""None"",""Lamination"":""Both Sides (Matt)"",""Paper Type"":""400gsm Art Board Silk Finish"",""Round Corners"":""Yes"",""Sides Printed"":""Single Sided""}",20/09/2021,Available,STA-654-556-606-556-EXPRESS,STA-654-556-606-556-STANDARD,STA-654-556-606-556-SAVER,N/A
Standard BC,PRD-QPAW6H8M,500,0.0,1,None,Both Sides (Gloss),400gsm Art Board Silk Finish,None,Double Sided,9.15,1,8.32,2,7.49,4,12.48,0,0,2.5,6.5,15,0.2,85,55,85,55,"{""Sets"":""1"",""Spot Uv"":""None"",""Lamination"":""Both Sides (Gloss)"",""Paper Type"":""400gsm Art Board Silk Finish"",""Round Corners"":""None"",""Sides Printed"":""Double Sided""}",20/09/2021,Available,STA-560-461-608-559-EXPRESS,STA-560-461-608-559-STANDARD,STA-560-461-608-559-SAVER,STA-560-461-608-559-SAMEDAY
Standard BC,PRD-QPAW6H8M,500,0.0,2,None,Both Sides (Gloss),400gsm Art Board Silk Finish,None,Single Sided,12.18,1,11.07,2,9.96,4,16.6,0,0,2.5,6.5,15,0.2,85,55,85,55,"{""Sets"":""2"",""Spot Uv"":""None"",""Lamination"":""Both Sides (Gloss)"",""Paper Type"":""400gsm Art Board Silk Finish"",""Round Corners"":""None"",""Sides Printed"":""Single Sided""}",20/09/2021,Available,STA-463-609-471-603-EXPRESS,STA-463-609-471-603-STANDARD,STA-463-609-471-603-SAVER,STA-463-609-471-603-SAMEDAY
Standard BC,PRD-QPAW6H8M,500,0.0,1,None,Both Sides (Gloss),400gsm Art Board Silk Finish,None,Single Sided,9.14,1,8.31,2,7.48,4,12.46,0,0,2.5,6.5,15,0.2,85,55,85,55,"{""Sets"":""1"",""Spot Uv"":""None"",""Lamination"":""Both Sides (Gloss)"",""Paper Type"":""400gsm Art Board Silk Finish"",""Round Corners"":""None"",""Sides Printed"":""Single Sided""}",20/09/2021,Available,STA-523-619-647-567-EXPRESS,STA-523-619-647-567-STANDARD,STA-523-619-647-567-SAVER,STA-523-619-647-567-SAMEDAY
Standard BC,PRD-QPAW6H8M,500,0.0,2,None,Both Sides (Gloss),450gsm Art Board Silk Finish,Yes,Double Sided,22.34,4,20.31,5,18.28,7,N/A,N/A,0,2.5,6.5,15,0.2,85,55,85,55,"{""Sets"":""2"",""Spot Uv"":""None"",""Lamination"":""Both Sides (Gloss)"",""Paper Type"":""450gsm Art Board Silk Finish"",""Round Corners"":""Yes"",""Sides Printed"":""Double Sided""}",20/09/2021,Available,STA-613-551-558-529-EXPRESS,STA-613-551-558-529-STANDARD,STA-613-551-558-529-SAVER,N/A
Standard BC,PRD-QPAW6H8M,500,0.0,2,None,Both Sides (Soft Touch),400gsm Art Board Silk Finish,Yes,Single Sided,23.91,1,21.74,2,19.57,4,32.61,0,0,2.5,6.5,15,0.2,85,55,85,55,"{""Sets"":""2"",""Spot Uv"":""None"",""Lamination"":""Both Sides (Soft Touch)"",""Paper Type"":""400gsm Art Board Silk Finish"",""Round Corners"":""Yes"",""Sides Printed"":""Single Sided""}",20/09/2021,Available,STA-503-563-451-613-EXPRESS,STA-503-563-451-613-STANDARD,STA-503-563-451-613-SAVER,STA-503-563-451-613-SAMEDAY
Standard BC,PRD-QPAW6H8M,500,0.0,2,None,Both Sides (Soft Touch),450gsm Art Board Silk Finish,Yes,Double Sided,24.43,3,22.21,4,19.99,6,N/A,N/A,0,2.5,6.5,15,0.2,85,55,85,55,"{""Sets"":""2"",""Spot Uv"":""None"",""Lamination"":""Both Sides (Soft Touch)"",""Paper Type"":""450gsm Art Board Silk Finish"",""Round Corners"":""Yes"",""Sides Printed"":""Double Sided""}",20/09/2021,Available,STA-509-560-512-556-EXPRESS,STA-509-560-512-556-STANDARD,STA-509-560-512-556-SAVER,N/A
Standard BC,PRD-QPAW6H8M,500,0.0,2,None,None,350gsm Art Board Silk Finish,None,Double Sided,21.52,1,19.56,2,17.6,4,29.34,0,0,2.5,6.5,15,0.2,85,55,85,55,"{""Sets"":""2"",""Spot Uv"":""None"",""Lamination"":""None"",""Paper Type"":""350gsm Art Board Silk Finish"",""Round Corners"":""None"",""Sides Printed"":""Double Sided""}",20/09/2021,Available,STA-515-612-561-559-EXPRESS,STA-515-612-561-559-STANDARD,STA-515-612-561-559-SAVER,STA-515-612-561-559-SAMEDAY
Standard BC,PRD-QPAW6H8M,500,0.0,2,None,None,400gsm Art Board Silk Finish,Yes,Single Sided,19.9,3,18.09,4,16.28,6,N/A,N/A,0,2.5,6.5,15,0.2,85,55,85,55,"{""Sets"":""2"",""Spot Uv"":""None"",""Lamination"":""None"",""Paper Type"":""400gsm Art Board Silk Finish"",""Round Corners"":""Yes"",""Sides Printed"":""Single Sided""}",20/09/2021,Available,STA-597-608-470-464-EXPRESS,STA-597-608-470-464-STANDARD,STA-597-608-470-464-SAVER,N/A
Standard BC,PRD-QPAW6H8M,500,0.0,2,None,None,350gsm Art Board Silk Finish,None,Single Sided,20.11,1,18.28,2,16.45,4,27.42,0,0,2.5,6.5,15,0.2,85,55,85,55,"{""Sets"":""2"",""Spot Uv"":""None"",""Lamination"":""None"",""Paper Type"":""350gsm Art Board Silk Finish"",""Round Corners"":""None"",""Sides Printed"":""Single Sided""}",20/09/2021,Available,STA-553-514-609-568-EXPRESS,STA-553-514-609-568-STANDARD,STA-553-514-609-568-SAVER,STA-553-514-609-568-SAMEDAY
Standard BC,PRD-QPAW6H8M,500,0.0,2,None,Both Sides (Matt),400gsm Art Board Silk Finish,Yes,Single Sided,21.84,3,19.85,4,17.87,6,N/A,N/A,0,2.5,6.5,15,0.2,85,55,85,55,"{""Sets"":""2"",""Spot Uv"":""None"",""Lamination"":""Both Sides (Matt)"",""Paper Type"":""400gsm Art Board Silk Finish"",""Round Corners"":""Yes"",""Sides Printed"":""Single Sided""}",20/09/2021,Available,STA-423-502-458-518-EXPRESS,STA-423-502-458-518-STANDARD,STA-423-502-458-518-SAVER,N/A
Standard BC,PRD-QPAW6H8M,500,0.0,2,Spot UV 1 Side,Both Sides (Matt),450gsm Art Board Silk Finish,Yes,Single Sided,30.88,6,28.07,7,25.26,9,N/A,N/A,0,2.5,6.5,15,0.2,85,55,85,55,"{""Sets"":""2"",""Spot Uv"":""Spot UV 1 Side"",""Lamination"":""Both Sides (Matt)"",""Paper Type"":""450gsm Art Board Silk Finish"",""Round Corners"":""Yes"",""Sides Printed"":""Single Sided""}",20/09/2021,N/A,STA-469-563-707-704-EXPRESS,STA-469-563-707-704-STANDARD,STA-469-563-707-704-SAVER,N/A
Standard BC,PRD-QPAW6H8M,500,0.0,2,None,Both Sides (Gloss),450gsm Art Board Silk Finish,None,Double Sided,12.68,2,11.53,3,10.38,5,N/A,N/A,0,2.5,6.5,15,0.2,85,55,85,55,"{""Sets"":""2"",""Spot Uv"":""None"",""Lamination"":""Both Sides (Gloss)"",""Paper Type"":""450gsm Art Board Silk Finish"",""Round Corners"":""None"",""Sides Printed"":""Double Sided""}",20/09/2021,Available,STA-473-600-513-599-EXPRESS,STA-473-600-513-599-STANDARD,STA-473-600-513-599-SAVER,N/A
Standard BC,PRD-QPAW6H8M,500,0.0,1,None,None,400gsm Art Board Silk Finish,None,Double Sided,8.18,1,7.44,2,6.7,4,N/A,N/A,0,2.5,6.5,15,0.2,85,55,85,55,"{""Sets"":""1"",""Spot Uv"":""None"",""Lamination"":""None"",""Paper Type"":""400gsm Art Board Silk Finish"",""Round Corners"":""None"",""Sides Printed"":""Double Sided""}",20/09/2021,Available,STA-467-471-517-469-EXPRESS,STA-467-471-517-469-STANDARD,STA-467-471-517-469-SAVER,N/A
Standard BC,PRD-QPAW6H8M,500,0.0,1,None,Both Sides (Gloss),450gsm Art Board Silk Finish,Yes,Double Sided,15.47,4,14.06,5,12.65,7,N/A,N/A,0,2.5,6.5,15,0.2,85,55,85,55,"{""Sets"":""1"",""Spot Uv"":""None"",""Lamination"":""Both Sides (Gloss)"",""Paper Type"":""450gsm Art Board Silk Finish"",""Round Corners"":""Yes"",""Sides Printed"":""Double Sided""}",20/09/2021,Available,STA-567-655-603-508-EXPRESS,STA-567-655-603-508-STANDARD,STA-567-655-603-508-SAVER,N/A
Standard BC,PRD-QPAW6H8M,500,0.0,2,None,None,400gsm Art Board Silk Finish,None,Single Sided,10.24,1,9.31,2,8.38,4,N/A,N/A,0,2.5,6.5,15,0.2,85,55,85,55,"{""Sets"":""2"",""Spot Uv"":""None"",""Lamination"":""None"",""Paper Type"":""400gsm Art Board Silk Finish"",""Round Corners"":""None"",""Sides Printed"":""Single Sided""}",20/09/2021,Available,STA-523-497-711-525-EXPRESS,STA-523-497-711-525-STANDARD,STA-523-497-711-525-SAVER,N/A
Standard BC,PRD-QPAW6H8M,500,0.0,1,None,Both Sides (Gloss),450gsm Art Board Silk Finish,None,Single Sided,9.38,2,8.53,3,7.68,5,N/A,N/A,0,2.5,6.5,15,0.2,85,55,85,55,"{""Sets"":""1"",""Spot Uv"":""None"",""Lamination"":""Both Sides (Gloss)"",""Paper Type"":""450gsm Art Board Silk Finish"",""Round Corners"":""None"",""Sides Printed"":""Single Sided""}",20/09/2021,Available,STA-603-546-619-565-EXPRESS,STA-603-546-619-565-STANDARD,STA-603-546-619-565-SAVER,N/A
Standard BC,PRD-QPAW6H8M,500,0.0,2,Spot UV 1 Side,Both Sides (Matt),450gsm Art Board Silk Finish,None,Single Sided,21.22,6,19.29,7,17.36,9,N/A,N/A,0,2.5,6.5,15,0.2,85,55,85,55,"{""Sets"":""2"",""Spot Uv"":""Spot UV 1 Side"",""Lamination"":""Both Sides (Matt)"",""Paper Type"":""450gsm Art Board Silk Finish"",""Round Corners"":""None"",""Sides Printed"":""Single Sided""}",20/09/2021,N/A,STA-607-656-498-660-EXPRESS,STA-607-656-498-660-STANDARD,STA-607-656-498-660-SAVER,N/A
Standard BC,PRD-QPAW6H8M,500,0.0,1,None,Both Sides (Matt),450gsm Art Board Silk Finish,None,Double Sided,9.39,1,8.54,2,7.69,4,12.81,0,0,2.5,6.5,15,0.2,85,55,85,55,"{""Sets"":""1"",""Spot Uv"":""None"",""Lamination"":""Both Sides (Matt)"",""Paper Type"":""450gsm Art Board Silk Finish"",""Round Corners"":""None"",""Sides Printed"":""Double Sided""}",20/09/2021,Available,STA-610-642-529-507-EXPRESS,STA-610-642-529-507-STANDARD,STA-610-642-529-507-SAVER,STA-610-642-529-507-SAMEDAY
Standard BC,PRD-QPAW6H8M,500,0.0,1,None,Both Sides (Gloss),400gsm Art Board Silk Finish,Yes,Single Sided,15.21,1,13.83,2,12.45,4,20.74,0,0,2.5,6.5,15,0.2,85,55,85,55,"{""Sets"":""1"",""Spot Uv"":""None"",""Lamination"":""Both Sides (Gloss)"",""Paper Type"":""400gsm Art Board Silk Finish"",""Round Corners"":""Yes"",""Sides Printed"":""Single Sided""}",20/09/2021,Available,STA-512-511-606-654-EXPRESS,STA-512-511-606-654-STANDARD,STA-512-511-606-654-SAVER,STA-512-511-606-654-SAMEDAY
Standard BC,PRD-QPAW6H8M,500,0.0,1,None,Both Sides (Gloss),400gsm Art Board Silk Finish,Yes,Double Sided,15.21,1,13.83,2,12.45,4,20.74,0,0,2.5,6.5,15,0.2,85,55,85,55,"{""Sets"":""1"",""Spot Uv"":""None"",""Lamination"":""Both Sides (Gloss)"",""Paper Type"":""400gsm Art Board Silk Finish"",""Round Corners"":""Yes"",""Sides Printed"":""Double Sided""}",20/09/2021,Available,STA-643-466-501-566-EXPRESS,STA-643-466-501-566-STANDARD,STA-643-466-501-566-SAVER,STA-643-466-501-566-SAMEDAY
Standard BC,PRD-QPAW6H8M,500,0.0,2,None,Both Sides (Matt),450gsm Art Board Silk Finish,Yes,Single Sided,22.33,3,20.3,4,18.27,6,N/A,N/A,0,2.5,6.5,15,0.2,85,55,85,55,"{""Sets"":""2"",""Spot Uv"":""None"",""Lamination"":""Both Sides (Matt)"",""Paper Type"":""450gsm Art Board Silk Finish"",""Round Corners"":""Yes"",""Sides Printed"":""Single Sided""}",20/09/2021,Available,STA-564-651-511-573-EXPRESS,STA-564-651-511-573-STANDARD,STA-564-651-511-573-SAVER,N/A
Standard BC,PRD-QPAW6H8M,500,0.0,1,Spot UV 1 Side,Both Sides (Matt),450gsm Art Board Silk Finish,None,Single Sided,13.66,6,12.42,7,11.18,9,N/A,N/A,0,2.5,6.5,15,0.2,85,55,85,55,"{""Sets"":""1"",""Spot Uv"":""Spot UV 1 Side"",""Lamination"":""Both Sides (Matt)"",""Paper Type"":""450gsm Art Board Silk Finish"",""Round Corners"":""None"",""Sides Printed"":""Single Sided""}",20/09/2021,N/A,STA-598-513-599-516-EXPRESS,STA-598-513-599-516-STANDARD,STA-598-513-599-516-SAVER,N/A
Standard BC,PRD-QPAW6H8M,500,0.0,1,None,Both Sides (Soft Touch),450gsm Art Board Silk Finish,None,Single Sided,10.43,1,9.48,2,8.53,4,N/A,N/A,0,2.5,6.5,15,0.2,85,55,85,55,"{""Sets"":""1"",""Spot Uv"":""None"",""Lamination"":""Both Sides (Soft Touch)"",""Paper Type"":""450gsm Art Board Silk Finish"",""Round Corners"":""None"",""Sides Printed"":""Single Sided""}",20/09/2021,Available,STA-463-664-557-609-EXPRESS,STA-463-664-557-609-STANDARD,STA-463-664-557-609-SAVER,N/A
Standard BC,PRD-QPAW6H8M,500,0.0,1,Spot UV 1 Side,Both Sides (Matt),450gsm Art Board Silk Finish,Yes,Single Sided,19.73,6,17.94,7,16.15,9,N/A,N/A,0,2.5,6.5,15,0.2,85,55,85,55,"{""Sets"":""1"",""Spot Uv"":""Spot UV 1 Side"",""Lamination"":""Both Sides (Matt)"",""Paper Type"":""450gsm Art Board Silk Finish"",""Round Corners"":""Yes"",""Sides Printed"":""Single Sided""}",20/09/2021,N/A,STA-650-573-508-561-EXPRESS,STA-650-573-508-561-STANDARD,STA-650-573-508-561-SAVER,N/A
Standard BC,PRD-QPAW6H8M,500,0.0,1,None,Both Sides (Matt),400gsm Art Board Silk Finish,Yes,Double Sided,15.21,3,13.83,4,12.45,6,N/A,N/A,0,2.5,6.5,15,0.2,85,55,85,55,"{""Sets"":""1"",""Spot Uv"":""None"",""Lamination"":""Both Sides (Matt)"",""Paper Type"":""400gsm Art Board Silk Finish"",""Round Corners"":""Yes"",""Sides Printed"":""Double Sided""}",20/09/2021,Available,STA-567-473-614-667-EXPRESS,STA-567-473-614-667-STANDARD,STA-567-473-614-667-SAVER,N/A
Standard BC,PRD-QPAW6H8M,500,0.0,2,Spot UV 2 Sides,Both Sides (Matt),450gsm Art Board Silk Finish,None,Double Sided,26.74,6,24.31,7,21.88,9,N/A,N/A,0,2.5,6.5,15,0.2,85,55,85,55,"{""Sets"":""2"",""Spot Uv"":""Spot UV 2 Sides"",""Lamination"":""Both Sides (Matt)"",""Paper Type"":""450gsm Art Board Silk Finish"",""Round Corners"":""None"",""Sides Printed"":""Double Sided""}",20/09/2021,N/A,STA-560-647-516-514-EXPRESS,STA-560-647-516-514-STANDARD,STA-560-647-516-514-SAVER,N/A
Standard BC,PRD-QPAW6H8M,500,0.0,1,None,Both Sides (Soft Touch),450gsm Art Board Silk Finish,None,Double Sided,10.44,1,9.49,2,8.54,4,N/A,N/A,0,2.5,6.5,15,0.2,85,55,85,55,"{""Sets"":""1"",""Spot Uv"":""None"",""Lamination"":""Both Sides (Soft Touch)"",""Paper Type"":""450gsm Art Board Silk Finish"",""Round Corners"":""None"",""Sides Printed"":""Double Sided""}",20/09/2021,Available,STA-601-563-660-607-EXPRESS,STA-601-563-660-607-STANDARD,STA-601-563-660-607-SAVER,N/A
Standard BC,PRD-QPAW6H8M,500,0.0,1,None,None,400gsm Art Board Silk Finish,Yes,Single Sided,14.24,3,12.95,4,11.66,6,N/A,N/A,0,2.5,6.5,15,0.2,85,55,85,55,"{""Sets"":""1"",""Spot Uv"":""None"",""Lamination"":""None"",""Paper Type"":""400gsm Art Board Silk Finish"",""Round Corners"":""Yes"",""Sides Printed"":""Single Sided""}",20/09/2021,Available,STA-516-521-553-567-EXPRESS,STA-516-521-553-567-STANDARD,STA-516-521-553-567-SAVER,N/A
Standard BC,PRD-QPAW6H8M,500,0.0,2,None,Both Sides (Soft Touch),400gsm Art Board Silk Finish,None,Double Sided,14.27,1,12.97,2,11.67,4,19.46,0,0,2.5,6.5,15,0.2,85,55,85,55,"{""Sets"":""2"",""Spot Uv"":""None"",""Lamination"":""Both Sides (Soft Touch)"",""Paper Type"":""400gsm Art Board Silk Finish"",""Round Corners"":""None"",""Sides Printed"":""Double Sided""}",20/09/2021,Available,STA-561-515-517-602-EXPRESS,STA-561-515-517-602-STANDARD,STA-561-515-517-602-SAVER,STA-561-515-517-602-SAMEDAY
Standard BC,PRD-QPAW6H8M,500,0.0,2,None,Both Sides (Matt),450gsm Art Board Silk Finish,Yes,Double Sided,22.34,3,20.31,4,18.28,6,N/A,N/A,0,2.5,6.5,15,0.2,85,55,85,55,"{""Sets"":""2"",""Spot Uv"":""None"",""Lamination"":""Both Sides (Matt)"",""Paper Type"":""450gsm Art Board Silk Finish"",""Round Corners"":""Yes"",""Sides Printed"":""Double Sided""}",20/09/2021,Available,STA-548-566-602-512-EXPRESS,STA-548-566-602-512-STANDARD,STA-548-566-602-512-SAVER,N/A
Standard BC,PRD-QPAW6H8M,500,0.0,2,None,Both Sides (Soft Touch),450gsm Art Board Silk Finish,None,Single Sided,14.75,1,13.41,2,12.07,4,N/A,N/A,0,2.5,6.5,15,0.2,85,55,85,55,"{""Sets"":""2"",""Spot Uv"":""None"",""Lamination"":""Both Sides (Soft Touch)"",""Paper Type"":""450gsm Art Board Silk Finish"",""Round Corners"":""None"",""Sides Printed"":""Single Sided""}",20/09/2021,Available,STA-601-558-566-482-EXPRESS,STA-601-558-566-482-STANDARD,STA-601-558-566-482-SAVER,N/A
Standard BC,PRD-QPAW6H8M,500,0.0,1,None,Both Sides (Matt),400gsm Art Board Silk Finish,None,Single Sided,9.14,1,8.31,2,7.48,4,12.46,0,0,2.5,6.5,15,0.2,85,55,85,55,"{""Sets"":""1"",""Spot Uv"":""None"",""Lamination"":""Both Sides (Matt)"",""Paper Type"":""400gsm Art Board Silk Finish"",""Round Corners"":""None"",""Sides Printed"":""Single Sided""}",20/09/2021,Available,STA-564-546-615-649-EXPRESS,STA-564-546-615-649-STANDARD,STA-564-546-615-649-SAVER,STA-564-546-615-649-SAMEDAY
Standard BC,PRD-QPAW6H8M,500,0.0,2,None,Both Sides (Gloss),450gsm Art Board Silk Finish,Yes,Single Sided,22.33,4,20.3,5,18.27,7,N/A,N/A,0,2.5,6.5,15,0.2,85,55,85,55,"{""Sets"":""2"",""Spot Uv"":""None"",""Lamination"":""Both Sides (Gloss)"",""Paper Type"":""450gsm Art Board Silk Finish"",""Round Corners"":""Yes"",""Sides Printed"":""Single Sided""}",20/09/2021,Available,STA-615-576-509-610-EXPRESS,STA-615-576-509-610-STANDARD,STA-615-576-509-610-SAVER,N/A
Standard BC,PRD-QPAW6H8M,500,0.0,2,None,Both Sides (Soft Touch),400gsm Art Board Silk Finish,Yes,Double Sided,23.92,1,21.75,2,19.58,4,32.62,0,0,2.5,6.5,15,0.2,85,55,85,55,"{""Sets"":""2"",""Spot Uv"":""None"",""Lamination"":""Both Sides (Soft Touch)"",""Paper Type"":""400gsm Art Board Silk Finish"",""Round Corners"":""Yes"",""Sides Printed"":""Double Sided""}",20/09/2021,Available,STA-653-599-609-404-EXPRESS,STA-653-599-609-404-STANDARD,STA-653-599-609-404-SAVER,STA-653-599-609-404-SAMEDAY
Standard BC,PRD-QPAW6H8M,500,0.0,1,None,Both Sides (Soft Touch),450gsm Art Board Silk Finish,Yes,Double Sided,16.51,3,15.01,4,13.51,6,N/A,N/A,0,2.5,6.5,15,0.2,85,55,85,55,"{""Sets"":""1"",""Spot Uv"":""None"",""Lamination"":""Both Sides (Soft Touch)"",""Paper Type"":""450gsm Art Board Silk Finish"",""Round Corners"":""Yes"",""Sides Printed"":""Double Sided""}",20/09/2021,Available,STA-462-602-663-542-EXPRESS,STA-462-602-663-542-STANDARD,STA-462-602-663-542-SAVER,N/A
Standard BC,PRD-QPAW6H8M,500,0.0,1,None,Both Sides (Soft Touch),400gsm Art Board Silk Finish,None,Double Sided,10.19,1,9.26,2,8.33,4,13.89,0,0,2.5,6.5,15,0.2,85,55,85,55,"{""Sets"":""1"",""Spot Uv"":""None"",""Lamination"":""Both Sides (Soft Touch)"",""Paper Type"":""400gsm Art Board Silk Finish"",""Round Corners"":""None"",""Sides Printed"":""Double Sided""}",20/09/2021,Available,STA-517-519-612-601-EXPRESS,STA-517-519-612-601-STANDARD,STA-517-519-612-601-SAVER,STA-517-519-612-601-SAMEDAY
