ProductName,ProductID,Quantity,Tax,Size,Paper Type,PriceExpress,Production Days Express,PriceStandard,Production Days Standard,PriceSaver,Production Days Saver,PriceSameday,Production Days Sameday,Price Just Print,Price File Check,Price File Check with Proofing,Price File Assist,Artwork Tax,Flat Width (mm),Flat Height (mm),Finished Width (mm),Finished Height (mm),productionDataJSON,updatedAt,Preflight,Express Sku,Standard Sku,Saver Sku,Same Day Sku
Stickers on a sheet,PRD-DTVNV1D4,2000,0.2,96mm x 68mm,White Vinyl Sticker,352.73,1,320.66,2,288.59,4,480.99,0,0,2.5,6.5,15,0.2,96,68,96,68,"{""Size"":""96mm x 68mm"",""Paper Type"":""White Vinyl Sticker""}",20/09/2021,N/A,STI-556-566-570-567-EXPRESS,STI-556-566-570-567-STANDARD,STI-556-566-570-567-SAVER,STI-556-566-570-567-SAMEDAY
Stickers on a sheet,PRD-DTVNV1D4,1000,0.2,75mm x 110mm,Matt Sticker,79.88,1,72.62,2,65.36,4,108.93,0,0,2.5,6.5,15,0.2,75,110,75,110,"{""Size"":""75mm x 110mm"",""Paper Type"":""Matt Sticker""}",20/09/2021,N/A,STI-524-506-571-605-EXPRESS,STI-524-506-571-605-STANDARD,STI-524-506-571-605-SAVER,STI-524-506-571-605-SAMEDAY
Stickers on a sheet,PRD-DTVNV1D4,2000,0.2,75mm x 110mm,Matt Sticker,129.3,1,117.55,2,105.8,4,176.32,0,0,2.5,6.5,15,0.2,75,110,75,110,"{""Size"":""75mm x 110mm"",""Paper Type"":""Matt Sticker""}",20/09/2021,N/A,STI-524-506-571-605-EXPRESS,STI-524-506-571-605-STANDARD,STI-524-506-571-605-SAVER,STI-524-506-571-605-SAMEDAY
Stickers on a sheet,PRD-DTVNV1D4,1000,0.2,94mm x 140mm,White Vinyl Sticker,350.2,1,318.36,2,286.52,4,477.54,0,0,2.5,6.5,15,0.2,94,140,94,140,"{""Size"":""94mm x 140mm"",""Paper Type"":""White Vinyl Sticker""}",20/09/2021,N/A,STI-510-522-481-703-EXPRESS,STI-510-522-481-703-STANDARD,STI-510-522-481-703-SAVER,STI-510-522-481-703-SAMEDAY
Stickers on a sheet,PRD-DTVNV1D4,2000,0.2,94mm x 140mm,White Vinyl Sticker,665.36,1,604.87,2,544.38,4,907.31,0,0,2.5,6.5,15,0.2,94,140,94,140,"{""Size"":""94mm x 140mm"",""Paper Type"":""White Vinyl Sticker""}",20/09/2021,N/A,STI-510-522-481-703-EXPRESS,STI-510-522-481-703-STANDARD,STI-510-522-481-703-SAVER,STI-510-522-481-703-SAMEDAY
Stickers on a sheet,PRD-DTVNV1D4,1000,0.2,94mm x 140mm,Matt Sticker,79.88,1,72.62,2,65.36,4,108.93,0,0,2.5,6.5,15,0.2,94,140,94,140,"{""Size"":""94mm x 140mm"",""Paper Type"":""Matt Sticker""}",20/09/2021,N/A,STI-556-527-555-604-EXPRESS,STI-556-527-555-604-STANDARD,STI-556-527-555-604-SAVER,STI-556-527-555-604-SAMEDAY
Stickers on a sheet,PRD-DTVNV1D4,2000,0.2,94mm x 140mm,Matt Sticker,129.3,1,117.55,2,105.8,4,176.32,0,0,2.5,6.5,15,0.2,94,140,94,140,"{""Size"":""94mm x 140mm"",""Paper Type"":""Matt Sticker""}",20/09/2021,N/A,STI-556-527-555-604-EXPRESS,STI-556-527-555-604-STANDARD,STI-556-527-555-604-SAVER,STI-556-527-555-604-SAMEDAY
Stickers on a sheet,PRD-DTVNV1D4,1000,0.2,75mm x 110mm,Gloss Sticker,79.88,1,72.62,2,65.36,4,108.93,0,0,2.5,6.5,15,0.2,75,110,75,110,"{""Size"":""75mm x 110mm"",""Paper Type"":""Gloss Sticker""}",20/09/2021,N/A,STI-552-515-583-656-EXPRESS,STI-552-515-583-656-STANDARD,STI-552-515-583-656-SAVER,STI-552-515-583-656-SAMEDAY
Stickers on a sheet,PRD-DTVNV1D4,2000,0.2,75mm x 110mm,Gloss Sticker,129.3,1,117.55,2,105.8,4,176.32,0,0,2.5,6.5,15,0.2,75,110,75,110,"{""Size"":""75mm x 110mm"",""Paper Type"":""Gloss Sticker""}",20/09/2021,N/A,STI-552-515-583-656-EXPRESS,STI-552-515-583-656-STANDARD,STI-552-515-583-656-SAVER,STI-552-515-583-656-SAMEDAY
Stickers on a sheet,PRD-DTVNV1D4,100,0.2,76mm x 51mm,Gloss Sticker,17.3,1,15.73,2,14.16,4,23.6,0,0,2.5,6.5,15,0.2,76,51,76,51,"{""Size"":""76mm x 51mm"",""Paper Type"":""Gloss Sticker""}",20/09/2021,N/A,STI-614-497-620-468-EXPRESS,STI-614-497-620-468-STANDARD,STI-614-497-620-468-SAVER,STI-614-497-620-468-SAMEDAY
Stickers on a sheet,PRD-DTVNV1D4,500,0.2,76mm x 51mm,Gloss Sticker,33.59,1,30.54,2,27.49,4,45.81,0,0,2.5,6.5,15,0.2,76,51,76,51,"{""Size"":""76mm x 51mm"",""Paper Type"":""Gloss Sticker""}",20/09/2021,N/A,STI-614-497-620-468-EXPRESS,STI-614-497-620-468-STANDARD,STI-614-497-620-468-SAVER,STI-614-497-620-468-SAMEDAY
Stickers on a sheet,PRD-DTVNV1D4,1000,0.2,76mm x 51mm,Gloss Sticker,45.21,1,41.1,2,36.99,4,61.65,0,0,2.5,6.5,15,0.2,76,51,76,51,"{""Size"":""76mm x 51mm"",""Paper Type"":""Gloss Sticker""}",20/09/2021,N/A,STI-614-497-620-468-EXPRESS,STI-614-497-620-468-STANDARD,STI-614-497-620-468-SAVER,STI-614-497-620-468-SAMEDAY
Stickers on a sheet,PRD-DTVNV1D4,2000,0.2,76mm x 51mm,Gloss Sticker,69.37,1,63.06,2,56.75,4,94.59,0,0,2.5,6.5,15,0.2,76,51,76,51,"{""Size"":""76mm x 51mm"",""Paper Type"":""Gloss Sticker""}",20/09/2021,N/A,STI-614-497-620-468-EXPRESS,STI-614-497-620-468-STANDARD,STI-614-497-620-468-SAVER,STI-614-497-620-468-SAMEDAY
Stickers on a sheet,PRD-DTVNV1D4,100,0.2,76mm x 51mm,Matt Sticker,17.3,1,15.73,2,14.16,4,23.6,0,0,2.5,6.5,15,0.2,76,51,76,51,"{""Size"":""76mm x 51mm"",""Paper Type"":""Matt Sticker""}",20/09/2021,N/A,STI-567-563-549-522-EXPRESS,STI-567-563-549-522-STANDARD,STI-567-563-549-522-SAVER,STI-567-563-549-522-SAMEDAY
Stickers on a sheet,PRD-DTVNV1D4,500,0.2,76mm x 51mm,Matt Sticker,33.59,1,30.54,2,27.49,4,45.81,0,0,2.5,6.5,15,0.2,76,51,76,51,"{""Size"":""76mm x 51mm"",""Paper Type"":""Matt Sticker""}",20/09/2021,N/A,STI-567-563-549-522-EXPRESS,STI-567-563-549-522-STANDARD,STI-567-563-549-522-SAVER,STI-567-563-549-522-SAMEDAY
Stickers on a sheet,PRD-DTVNV1D4,1000,0.2,76mm x 51mm,Matt Sticker,45.21,1,41.1,2,36.99,4,61.65,0,0,2.5,6.5,15,0.2,76,51,76,51,"{""Size"":""76mm x 51mm"",""Paper Type"":""Matt Sticker""}",20/09/2021,N/A,STI-567-563-549-522-EXPRESS,STI-567-563-549-522-STANDARD,STI-567-563-549-522-SAVER,STI-567-563-549-522-SAMEDAY
Stickers on a sheet,PRD-DTVNV1D4,2000,0.2,76mm x 51mm,Matt Sticker,69.37,1,63.06,2,56.75,4,94.59,0,0,2.5,6.5,15,0.2,76,51,76,51,"{""Size"":""76mm x 51mm"",""Paper Type"":""Matt Sticker""}",20/09/2021,N/A,STI-567-563-549-522-EXPRESS,STI-567-563-549-522-STANDARD,STI-567-563-549-522-SAVER,STI-567-563-549-522-SAMEDAY
Stickers on a sheet,PRD-DTVNV1D4,100,0.2,76mm x 51mm,White Vinyl Sticker,40.1,1,36.45,2,32.8,4,54.68,0,0,2.5,6.5,15,0.2,76,51,76,51,"{""Size"":""76mm x 51mm"",""Paper Type"":""White Vinyl Sticker""}",20/09/2021,N/A,STI-510-567-667-611-EXPRESS,STI-510-567-667-611-STANDARD,STI-510-567-667-611-SAVER,STI-510-567-667-611-SAMEDAY
Stickers on a sheet,PRD-DTVNV1D4,500,0.2,76mm x 51mm,White Vinyl Sticker,93.04,1,84.58,2,76.12,4,126.87,0,0,2.5,6.5,15,0.2,76,51,76,51,"{""Size"":""76mm x 51mm"",""Paper Type"":""White Vinyl Sticker""}",20/09/2021,N/A,STI-510-567-667-611-EXPRESS,STI-510-567-667-611-STANDARD,STI-510-567-667-611-SAVER,STI-510-567-667-611-SAMEDAY
Stickers on a sheet,PRD-DTVNV1D4,1000,0.2,76mm x 51mm,White Vinyl Sticker,156.07,1,141.88,2,127.69,4,212.82,0,0,2.5,6.5,15,0.2,76,51,76,51,"{""Size"":""76mm x 51mm"",""Paper Type"":""White Vinyl Sticker""}",20/09/2021,N/A,STI-510-567-667-611-EXPRESS,STI-510-567-667-611-STANDARD,STI-510-567-667-611-SAVER,STI-510-567-667-611-SAMEDAY
Stickers on a sheet,PRD-DTVNV1D4,2000,0.2,76mm x 51mm,White Vinyl Sticker,282.14,1,256.49,2,230.84,4,384.74,0,0,2.5,6.5,15,0.2,76,51,76,51,"{""Size"":""76mm x 51mm"",""Paper Type"":""White Vinyl Sticker""}",20/09/2021,N/A,STI-510-567-667-611-EXPRESS,STI-510-567-667-611-STANDARD,STI-510-567-667-611-SAVER,STI-510-567-667-611-SAMEDAY
Stickers on a sheet,PRD-DTVNV1D4,2000,0.2,96mm x 68mm,Gloss Sticker,79.88,1,72.62,2,65.36,4,108.93,0,0,2.5,6.5,15,0.2,96,68,96,68,"{""Size"":""96mm x 68mm"",""Paper Type"":""Gloss Sticker""}",20/09/2021,N/A,STI-560-524-512-593-EXPRESS,STI-560-524-512-593-STANDARD,STI-560-524-512-593-SAVER,STI-560-524-512-593-SAMEDAY
Stickers on a sheet,PRD-DTVNV1D4,1000,0.2,75mm x 110mm,White Vinyl Sticker,350.2,1,318.36,2,286.52,4,477.54,0,0,2.5,6.5,15,0.2,75,110,75,110,"{""Size"":""75mm x 110mm"",""Paper Type"":""White Vinyl Sticker""}",20/09/2021,N/A,STI-503-571-567-567-EXPRESS,STI-503-571-567-567-STANDARD,STI-503-571-567-567-SAVER,STI-503-571-567-567-SAMEDAY
Stickers on a sheet,PRD-DTVNV1D4,2000,0.2,75mm x 110mm,White Vinyl Sticker,665.36,1,604.87,2,544.38,4,907.31,0,0,2.5,6.5,15,0.2,75,110,75,110,"{""Size"":""75mm x 110mm"",""Paper Type"":""White Vinyl Sticker""}",20/09/2021,N/A,STI-503-571-567-567-EXPRESS,STI-503-571-567-567-STANDARD,STI-503-571-567-567-SAVER,STI-503-571-567-567-SAMEDAY
Stickers on a sheet,PRD-DTVNV1D4,2000,0.2,96mm x 68mm,Matt Sticker,79.88,1,72.62,2,65.36,4,108.93,0,0,2.5,6.5,15,0.2,96,68,96,68,"{""Size"":""96mm x 68mm"",""Paper Type"":""Matt Sticker""}",20/09/2021,N/A,STI-471-563-608-409-EXPRESS,STI-471-563-608-409-STANDARD,STI-471-563-608-409-SAVER,STI-471-563-608-409-SAMEDAY
Stickers on a sheet,PRD-DTVNV1D4,1000,0.2,94mm x 140mm,Gloss Sticker,79.88,1,72.62,2,65.36,4,108.93,0,0,2.5,6.5,15,0.2,94,140,94,140,"{""Size"":""94mm x 140mm"",""Paper Type"":""Gloss Sticker""}",20/09/2021,N/A,STI-612-458-577-525-EXPRESS,STI-612-458-577-525-STANDARD,STI-612-458-577-525-SAVER,STI-612-458-577-525-SAMEDAY
Stickers on a sheet,PRD-DTVNV1D4,2000,0.2,94mm x 140mm,Gloss Sticker,129.3,1,117.55,2,105.8,4,176.32,0,0,2.5,6.5,15,0.2,94,140,94,140,"{""Size"":""94mm x 140mm"",""Paper Type"":""Gloss Sticker""}",20/09/2021,N/A,STI-612-458-577-525-EXPRESS,STI-612-458-577-525-STANDARD,STI-612-458-577-525-SAVER,STI-612-458-577-525-SAMEDAY
