ProductName,ProductID,Quantity,Tax,Base,Size,Shape,PriceExpress,Production Days Express,PriceStandard,Production Days Standard,PriceSaver,Production Days Saver,PriceSameday,Production Days Sameday,Price Just Print,Price File Check,Price File Check with Proofing,Price File Assist,Artwork Tax,Flat Width (mm),Flat Height (mm),Finished Width (mm),Finished Height (mm),productionDataJSON,updatedAt,Preflight,Express Sku,Standard Sku,Saver Sku,Same Day Sku
Teardrop Flags,PRD-ADBSTYHI,1,0.2,Plastic Ground Spike,2.1m,Teardrop,78.16,3,71.05,4,63.94,6,N/A,N/A,0,2.5,6.5,15,0.2,170,363,,,"{""Base"":""Plastic Ground Spike"",""Size"":""2.1m"",""Shape"":""Teardrop""}",20/09/2021,N/A,TEA-560-608-516-560-EXPRESS,TEA-560-608-516-560-STANDARD,TEA-560-608-516-560-SAVER,N/A
Teardrop Flags,PRD-ADBSTYHI,3,0.2,Plastic Ground Spike,2.1m,Teardrop,216.67,3,196.97,4,177.27,6,N/A,N/A,0,2.5,6.5,15,0.2,170,363,,,"{""Base"":""Plastic Ground Spike"",""Size"":""2.1m"",""Shape"":""Teardrop""}",20/09/2021,N/A,TEA-560-608-516-560-EXPRESS,TEA-560-608-516-560-STANDARD,TEA-560-608-516-560-SAVER,N/A
Teardrop Flags,PRD-ADBSTYHI,5,0.2,Plastic Ground Spike,2.1m,Teardrop,355.18,3,322.89,4,290.6,6,N/A,N/A,0,2.5,6.5,15,0.2,170,363,,,"{""Base"":""Plastic Ground Spike"",""Size"":""2.1m"",""Shape"":""Teardrop""}",20/09/2021,N/A,TEA-560-608-516-560-EXPRESS,TEA-560-608-516-560-STANDARD,TEA-560-608-516-560-SAVER,N/A
Teardrop Flags,PRD-ADBSTYHI,10,0.2,Plastic Ground Spike,2.1m,Teardrop,703.11,3,639.19,4,575.27,6,N/A,N/A,0,2.5,6.5,15,0.2,170,363,,,"{""Base"":""Plastic Ground Spike"",""Size"":""2.1m"",""Shape"":""Teardrop""}",20/09/2021,N/A,TEA-560-608-516-560-EXPRESS,TEA-560-608-516-560-STANDARD,TEA-560-608-516-560-SAVER,N/A
Teardrop Flags,PRD-ADBSTYHI,20,0.2,Plastic Ground Spike,2.1m,Teardrop,1268.63,3,1153.3,4,1037.97,6,N/A,N/A,0,2.5,6.5,15,0.2,170,363,,,"{""Base"":""Plastic Ground Spike"",""Size"":""2.1m"",""Shape"":""Teardrop""}",20/09/2021,N/A,TEA-560-608-516-560-EXPRESS,TEA-560-608-516-560-STANDARD,TEA-560-608-516-560-SAVER,N/A
Teardrop Flags,PRD-ADBSTYHI,50,0.2,Plastic Ground Spike,2.1m,Teardrop,3191.06,3,2900.96,4,2610.86,6,N/A,N/A,0,2.5,6.5,15,0.2,170,363,,,"{""Base"":""Plastic Ground Spike"",""Size"":""2.1m"",""Shape"":""Teardrop""}",20/09/2021,N/A,TEA-560-608-516-560-EXPRESS,TEA-560-608-516-560-STANDARD,TEA-560-608-516-560-SAVER,N/A
Teardrop Flags,PRD-ADBSTYHI,99,0.2,Plastic Ground Spike,2.1m,Teardrop,5792.21,3,5265.65,4,4739.08,6,N/A,N/A,0,2.5,6.5,15,0.2,170,363,,,"{""Base"":""Plastic Ground Spike"",""Size"":""2.1m"",""Shape"":""Teardrop""}",20/09/2021,N/A,TEA-560-608-516-560-EXPRESS,TEA-560-608-516-560-STANDARD,TEA-560-608-516-560-SAVER,N/A
Teardrop Flags,PRD-ADBSTYHI,1,0.2,None,2.1m,Teardrop,60.93,3,55.39,4,49.85,6,N/A,N/A,0,2.5,6.5,15,0.2,170,363,,,"{""Base"":""None"",""Size"":""2.1m"",""Shape"":""Teardrop""}",20/09/2021,N/A,TEA-565-569-465-517-EXPRESS,TEA-565-569-465-517-STANDARD,TEA-565-569-465-517-SAVER,N/A
Teardrop Flags,PRD-ADBSTYHI,3,0.2,None,2.1m,Teardrop,165.01,3,150.01,4,135.01,6,N/A,N/A,0,2.5,6.5,15,0.2,170,363,,,"{""Base"":""None"",""Size"":""2.1m"",""Shape"":""Teardrop""}",20/09/2021,N/A,TEA-565-569-465-517-EXPRESS,TEA-565-569-465-517-STANDARD,TEA-565-569-465-517-SAVER,N/A
Teardrop Flags,PRD-ADBSTYHI,5,0.2,None,2.1m,Teardrop,269.09,3,244.63,4,220.17,6,N/A,N/A,0,2.5,6.5,15,0.2,170,363,,,"{""Base"":""None"",""Size"":""2.1m"",""Shape"":""Teardrop""}",20/09/2021,N/A,TEA-565-569-465-517-EXPRESS,TEA-565-569-465-517-STANDARD,TEA-565-569-465-517-SAVER,N/A
Teardrop Flags,PRD-ADBSTYHI,10,0.2,None,2.1m,Teardrop,529.29,3,481.17,4,433.05,6,N/A,N/A,0,2.5,6.5,15,0.2,170,363,,,"{""Base"":""None"",""Size"":""2.1m"",""Shape"":""Teardrop""}",20/09/2021,N/A,TEA-565-569-465-517-EXPRESS,TEA-565-569-465-517-STANDARD,TEA-565-569-465-517-SAVER,N/A
Teardrop Flags,PRD-ADBSTYHI,20,0.2,None,2.1m,Teardrop,894.71,3,813.37,4,732.03,6,N/A,N/A,0,2.5,6.5,15,0.2,170,363,,,"{""Base"":""None"",""Size"":""2.1m"",""Shape"":""Teardrop""}",20/09/2021,N/A,TEA-565-569-465-517-EXPRESS,TEA-565-569-465-517-STANDARD,TEA-565-569-465-517-SAVER,N/A
Teardrop Flags,PRD-ADBSTYHI,50,0.2,None,2.1m,Teardrop,2224.87,3,2022.61,4,1820.35,6,N/A,N/A,0,2.5,6.5,15,0.2,170,363,,,"{""Base"":""None"",""Size"":""2.1m"",""Shape"":""Teardrop""}",20/09/2021,N/A,TEA-565-569-465-517-EXPRESS,TEA-565-569-465-517-STANDARD,TEA-565-569-465-517-SAVER,N/A
Teardrop Flags,PRD-ADBSTYHI,99,0.2,None,2.1m,Teardrop,3970.08,3,3609.16,4,3248.24,6,N/A,N/A,0,2.5,6.5,15,0.2,170,363,,,"{""Base"":""None"",""Size"":""2.1m"",""Shape"":""Teardrop""}",20/09/2021,N/A,TEA-565-569-465-517-EXPRESS,TEA-565-569-465-517-STANDARD,TEA-565-569-465-517-SAVER,N/A
Teardrop Flags,PRD-ADBSTYHI,1,0.2,Budget Ground Spike,2.1m,Teardrop,66.04,3,60.04,4,54.04,6,N/A,N/A,0,2.5,6.5,15,0.2,170,363,,,"{""Base"":""Budget Ground Spike"",""Size"":""2.1m"",""Shape"":""Teardrop""}",20/09/2021,N/A,TEA-652-572-517-656-EXPRESS,TEA-652-572-517-656-STANDARD,TEA-652-572-517-656-SAVER,N/A
Teardrop Flags,PRD-ADBSTYHI,3,0.2,Budget Ground Spike,2.1m,Teardrop,180.33,3,163.94,4,147.55,6,N/A,N/A,0,2.5,6.5,15,0.2,170,363,,,"{""Base"":""Budget Ground Spike"",""Size"":""2.1m"",""Shape"":""Teardrop""}",20/09/2021,N/A,TEA-652-572-517-656-EXPRESS,TEA-652-572-517-656-STANDARD,TEA-652-572-517-656-SAVER,N/A
Teardrop Flags,PRD-ADBSTYHI,5,0.2,Budget Ground Spike,2.1m,Teardrop,294.64,3,267.85,4,241.07,6,N/A,N/A,0,2.5,6.5,15,0.2,170,363,,,"{""Base"":""Budget Ground Spike"",""Size"":""2.1m"",""Shape"":""Teardrop""}",20/09/2021,N/A,TEA-652-572-517-656-EXPRESS,TEA-652-572-517-656-STANDARD,TEA-652-572-517-656-SAVER,N/A
Teardrop Flags,PRD-ADBSTYHI,10,0.2,Budget Ground Spike,2.1m,Teardrop,582.02,3,529.11,4,476.2,6,N/A,N/A,0,2.5,6.5,15,0.2,170,363,,,"{""Base"":""Budget Ground Spike"",""Size"":""2.1m"",""Shape"":""Teardrop""}",20/09/2021,N/A,TEA-652-572-517-656-EXPRESS,TEA-652-572-517-656-STANDARD,TEA-652-572-517-656-SAVER,N/A
Teardrop Flags,PRD-ADBSTYHI,20,0.2,Budget Ground Spike,2.1m,Teardrop,1011.03,3,919.12,4,827.21,6,N/A,N/A,0,2.5,6.5,15,0.2,170,363,,,"{""Base"":""Budget Ground Spike"",""Size"":""2.1m"",""Shape"":""Teardrop""}",20/09/2021,N/A,TEA-652-572-517-656-EXPRESS,TEA-652-572-517-656-STANDARD,TEA-652-572-517-656-SAVER,N/A
Teardrop Flags,PRD-ADBSTYHI,50,0.2,Budget Ground Spike,2.1m,Teardrop,2527.33,3,2297.57,4,2067.81,6,N/A,N/A,0,2.5,6.5,15,0.2,170,363,,,"{""Base"":""Budget Ground Spike"",""Size"":""2.1m"",""Shape"":""Teardrop""}",20/09/2021,N/A,TEA-652-572-517-656-EXPRESS,TEA-652-572-517-656-STANDARD,TEA-652-572-517-656-SAVER,N/A
Teardrop Flags,PRD-ADBSTYHI,99,0.2,Budget Ground Spike,2.1m,Teardrop,4543.65,3,4130.59,4,3717.53,6,N/A,N/A,0,2.5,6.5,15,0.2,170,363,,,"{""Base"":""Budget Ground Spike"",""Size"":""2.1m"",""Shape"":""Teardrop""}",20/09/2021,N/A,TEA-652-572-517-656-EXPRESS,TEA-652-572-517-656-STANDARD,TEA-652-572-517-656-SAVER,N/A
Teardrop Flags,PRD-ADBSTYHI,1,0.2,Standard Ground Spike,2.1m,Teardrop,72.4,3,65.82,4,59.24,6,N/A,N/A,0,2.5,6.5,15,0.2,170,363,,,"{""Base"":""Standard Ground Spike"",""Size"":""2.1m"",""Shape"":""Teardrop""}",20/09/2021,N/A,TEA-504-565-570-510-EXPRESS,TEA-504-565-570-510-STANDARD,TEA-504-565-570-510-SAVER,N/A
Teardrop Flags,PRD-ADBSTYHI,3,0.2,Standard Ground Spike,2.1m,Teardrop,199.41,3,181.28,4,163.15,6,N/A,N/A,0,2.5,6.5,15,0.2,170,363,,,"{""Base"":""Standard Ground Spike"",""Size"":""2.1m"",""Shape"":""Teardrop""}",20/09/2021,N/A,TEA-504-565-570-510-EXPRESS,TEA-504-565-570-510-STANDARD,TEA-504-565-570-510-SAVER,N/A
Teardrop Flags,PRD-ADBSTYHI,5,0.2,Standard Ground Spike,2.1m,Teardrop,326.41,3,296.74,4,267.07,6,N/A,N/A,0,2.5,6.5,15,0.2,170,363,,,"{""Base"":""Standard Ground Spike"",""Size"":""2.1m"",""Shape"":""Teardrop""}",20/09/2021,N/A,TEA-504-565-570-510-EXPRESS,TEA-504-565-570-510-STANDARD,TEA-504-565-570-510-SAVER,N/A
Teardrop Flags,PRD-ADBSTYHI,10,0.2,Standard Ground Spike,2.1m,Teardrop,646.02,3,587.29,4,528.56,6,N/A,N/A,0,2.5,6.5,15,0.2,170,363,,,"{""Base"":""Standard Ground Spike"",""Size"":""2.1m"",""Shape"":""Teardrop""}",20/09/2021,N/A,TEA-504-565-570-510-EXPRESS,TEA-504-565-570-510-STANDARD,TEA-504-565-570-510-SAVER,N/A
Teardrop Flags,PRD-ADBSTYHI,20,0.2,Standard Ground Spike,2.1m,Teardrop,1148.91,3,1044.46,4,940.01,6,N/A,N/A,0,2.5,6.5,15,0.2,170,363,,,"{""Base"":""Standard Ground Spike"",""Size"":""2.1m"",""Shape"":""Teardrop""}",20/09/2021,N/A,TEA-504-565-570-510-EXPRESS,TEA-504-565-570-510-STANDARD,TEA-504-565-570-510-SAVER,N/A
Teardrop Flags,PRD-ADBSTYHI,50,0.2,Standard Ground Spike,2.1m,Teardrop,2883.79,3,2621.63,4,2359.47,6,N/A,N/A,0,2.5,6.5,15,0.2,170,363,,,"{""Base"":""Standard Ground Spike"",""Size"":""2.1m"",""Shape"":""Teardrop""}",20/09/2021,N/A,TEA-504-565-570-510-EXPRESS,TEA-504-565-570-510-STANDARD,TEA-504-565-570-510-SAVER,N/A
Teardrop Flags,PRD-ADBSTYHI,99,0.2,Standard Ground Spike,2.1m,Teardrop,5215.1,3,4741,4,4266.9,6,N/A,N/A,0,2.5,6.5,15,0.2,170,363,,,"{""Base"":""Standard Ground Spike"",""Size"":""2.1m"",""Shape"":""Teardrop""}",20/09/2021,N/A,TEA-504-565-570-510-EXPRESS,TEA-504-565-570-510-STANDARD,TEA-504-565-570-510-SAVER,N/A
Teardrop Flags,PRD-ADBSTYHI,1,0.2,Drive on Car Base,2.1m,Teardrop,75.61,3,68.74,4,61.87,6,N/A,N/A,0,2.5,6.5,15,0.2,170,363,,,"{""Base"":""Drive on Car Base"",""Size"":""2.1m"",""Shape"":""Teardrop""}",20/09/2021,N/A,TEA-505-433-456-558-EXPRESS,TEA-505-433-456-558-STANDARD,TEA-505-433-456-558-SAVER,N/A
Teardrop Flags,PRD-ADBSTYHI,3,0.2,Drive on Car Base,2.1m,Teardrop,209.04,3,190.04,4,171.04,6,N/A,N/A,0,2.5,6.5,15,0.2,170,363,,,"{""Base"":""Drive on Car Base"",""Size"":""2.1m"",""Shape"":""Teardrop""}",20/09/2021,N/A,TEA-505-433-456-558-EXPRESS,TEA-505-433-456-558-STANDARD,TEA-505-433-456-558-SAVER,N/A
Teardrop Flags,PRD-ADBSTYHI,5,0.2,Drive on Car Base,2.1m,Teardrop,344.14,3,312.85,4,281.56,6,N/A,N/A,0,2.5,6.5,15,0.2,170,363,,,"{""Base"":""Drive on Car Base"",""Size"":""2.1m"",""Shape"":""Teardrop""}",20/09/2021,N/A,TEA-505-433-456-558-EXPRESS,TEA-505-433-456-558-STANDARD,TEA-505-433-456-558-SAVER,N/A
Teardrop Flags,PRD-ADBSTYHI,10,0.2,Drive on Car Base,2.1m,Teardrop,679.89,3,618.08,4,556.27,6,N/A,N/A,0,2.5,6.5,15,0.2,170,363,,,"{""Base"":""Drive on Car Base"",""Size"":""2.1m"",""Shape"":""Teardrop""}",20/09/2021,N/A,TEA-505-433-456-558-EXPRESS,TEA-505-433-456-558-STANDARD,TEA-505-433-456-558-SAVER,N/A
Teardrop Flags,PRD-ADBSTYHI,20,0.2,Drive on Car Base,2.1m,Teardrop,1221.53,3,1110.48,4,999.43,6,N/A,N/A,0,2.5,6.5,15,0.2,170,363,,,"{""Base"":""Drive on Car Base"",""Size"":""2.1m"",""Shape"":""Teardrop""}",20/09/2021,N/A,TEA-505-433-456-558-EXPRESS,TEA-505-433-456-558-STANDARD,TEA-505-433-456-558-SAVER,N/A
Teardrop Flags,PRD-ADBSTYHI,50,0.2,Drive on Car Base,2.1m,Teardrop,3072.04,3,2792.76,4,2513.48,6,N/A,N/A,0,2.5,6.5,15,0.2,170,363,,,"{""Base"":""Drive on Car Base"",""Size"":""2.1m"",""Shape"":""Teardrop""}",20/09/2021,N/A,TEA-505-433-456-558-EXPRESS,TEA-505-433-456-558-STANDARD,TEA-505-433-456-558-SAVER,N/A
Teardrop Flags,PRD-ADBSTYHI,99,0.2,Drive on Car Base,2.1m,Teardrop,5569.07,3,5062.79,4,4556.51,6,N/A,N/A,0,2.5,6.5,15,0.2,170,363,,,"{""Base"":""Drive on Car Base"",""Size"":""2.1m"",""Shape"":""Teardrop""}",20/09/2021,N/A,TEA-505-433-456-558-EXPRESS,TEA-505-433-456-558-STANDARD,TEA-505-433-456-558-SAVER,N/A
Teardrop Flags,PRD-ADBSTYHI,1,0.2,Large Square Base,2.8m,Teardrop,120.16,3,109.24,4,98.32,6,N/A,N/A,0,2.5,6.5,15,0.2,170,525,,,"{""Base"":""Large Square Base"",""Size"":""2.8m"",""Shape"":""Teardrop""}",20/09/2021,N/A,TEA-563-659-517-569-EXPRESS,TEA-563-659-517-569-STANDARD,TEA-563-659-517-569-SAVER,N/A
Teardrop Flags,PRD-ADBSTYHI,3,0.2,Large Square Base,2.8m,Teardrop,350.25,3,318.41,4,286.57,6,N/A,N/A,0,2.5,6.5,15,0.2,170,525,,,"{""Base"":""Large Square Base"",""Size"":""2.8m"",""Shape"":""Teardrop""}",20/09/2021,N/A,TEA-563-659-517-569-EXPRESS,TEA-563-659-517-569-STANDARD,TEA-563-659-517-569-SAVER,N/A
Teardrop Flags,PRD-ADBSTYHI,5,0.2,Large Square Base,2.8m,Teardrop,583.08,3,530.07,4,477.06,6,N/A,N/A,0,2.5,6.5,15,0.2,170,525,,,"{""Base"":""Large Square Base"",""Size"":""2.8m"",""Shape"":""Teardrop""}",20/09/2021,N/A,TEA-563-659-517-569-EXPRESS,TEA-563-659-517-569-STANDARD,TEA-563-659-517-569-SAVER,N/A
Teardrop Flags,PRD-ADBSTYHI,10,0.2,Large Square Base,2.8m,Teardrop,1167.28,3,1061.16,4,955.04,6,N/A,N/A,0,2.5,6.5,15,0.2,170,525,,,"{""Base"":""Large Square Base"",""Size"":""2.8m"",""Shape"":""Teardrop""}",20/09/2021,N/A,TEA-563-659-517-569-EXPRESS,TEA-563-659-517-569-STANDARD,TEA-563-659-517-569-SAVER,N/A
Teardrop Flags,PRD-ADBSTYHI,20,0.2,Large Square Base,2.8m,Teardrop,2240.93,3,2037.21,4,1833.49,6,N/A,N/A,0,2.5,6.5,15,0.2,170,525,,,"{""Base"":""Large Square Base"",""Size"":""2.8m"",""Shape"":""Teardrop""}",20/09/2021,N/A,TEA-563-659-517-569-EXPRESS,TEA-563-659-517-569-STANDARD,TEA-563-659-517-569-SAVER,N/A
Teardrop Flags,PRD-ADBSTYHI,50,0.2,Large Square Base,2.8m,Teardrop,5580.91,3,5073.55,4,4566.2,6,N/A,N/A,0,2.5,6.5,15,0.2,170,525,,,"{""Base"":""Large Square Base"",""Size"":""2.8m"",""Shape"":""Teardrop""}",20/09/2021,N/A,TEA-563-659-517-569-EXPRESS,TEA-563-659-517-569-STANDARD,TEA-563-659-517-569-SAVER,N/A
Teardrop Flags,PRD-ADBSTYHI,99,0.2,Large Square Base,2.8m,Teardrop,10605.39,3,9641.26,4,8677.13,6,N/A,N/A,0,2.5,6.5,15,0.2,170,525,,,"{""Base"":""Large Square Base"",""Size"":""2.8m"",""Shape"":""Teardrop""}",20/09/2021,N/A,TEA-563-659-517-569-EXPRESS,TEA-563-659-517-569-STANDARD,TEA-563-659-517-569-SAVER,N/A
Teardrop Flags,PRD-ADBSTYHI,1,0.2,Large Water Base,2.8m,Teardrop,104.61,3,95.1,4,85.59,6,N/A,N/A,0,2.5,6.5,15,0.2,170,525,,,"{""Base"":""Large Water Base"",""Size"":""2.8m"",""Shape"":""Teardrop""}",20/09/2021,N/A,TEA-470-559-562-613-EXPRESS,TEA-470-559-562-613-STANDARD,TEA-470-559-562-613-SAVER,N/A
Teardrop Flags,PRD-ADBSTYHI,3,0.2,Large Water Base,2.8m,Teardrop,296.03,3,269.12,4,242.21,6,N/A,N/A,0,2.5,6.5,15,0.2,170,525,,,"{""Base"":""Large Water Base"",""Size"":""2.8m"",""Shape"":""Teardrop""}",20/09/2021,N/A,TEA-470-559-562-613-EXPRESS,TEA-470-559-562-613-STANDARD,TEA-470-559-562-613-SAVER,N/A
Teardrop Flags,PRD-ADBSTYHI,5,0.2,Large Water Base,2.8m,Teardrop,489.12,3,444.65,4,400.18,6,N/A,N/A,0,2.5,6.5,15,0.2,170,525,,,"{""Base"":""Large Water Base"",""Size"":""2.8m"",""Shape"":""Teardrop""}",20/09/2021,N/A,TEA-470-559-562-613-EXPRESS,TEA-470-559-562-613-STANDARD,TEA-470-559-562-613-SAVER,N/A
Teardrop Flags,PRD-ADBSTYHI,10,0.2,Large Water Base,2.8m,Teardrop,975.03,3,886.39,4,797.75,6,N/A,N/A,0,2.5,6.5,15,0.2,170,525,,,"{""Base"":""Large Water Base"",""Size"":""2.8m"",""Shape"":""Teardrop""}",20/09/2021,N/A,TEA-470-559-562-613-EXPRESS,TEA-470-559-562-613-STANDARD,TEA-470-559-562-613-SAVER,N/A
Teardrop Flags,PRD-ADBSTYHI,20,0.2,Large Water Base,2.8m,Teardrop,1826.64,3,1660.58,4,1494.52,6,N/A,N/A,0,2.5,6.5,15,0.2,170,525,,,"{""Base"":""Large Water Base"",""Size"":""2.8m"",""Shape"":""Teardrop""}",20/09/2021,N/A,TEA-470-559-562-613-EXPRESS,TEA-470-559-562-613-STANDARD,TEA-470-559-562-613-SAVER,N/A
Teardrop Flags,PRD-ADBSTYHI,50,0.2,Large Water Base,2.8m,Teardrop,4511.97,3,4101.79,4,3691.61,6,N/A,N/A,0,2.5,6.5,15,0.2,170,525,,,"{""Base"":""Large Water Base"",""Size"":""2.8m"",""Shape"":""Teardrop""}",20/09/2021,N/A,TEA-470-559-562-613-EXPRESS,TEA-470-559-562-613-STANDARD,TEA-470-559-562-613-SAVER,N/A
Teardrop Flags,PRD-ADBSTYHI,99,0.2,Large Water Base,2.8m,Teardrop,8340.44,3,7582.22,4,6824,6,N/A,N/A,0,2.5,6.5,15,0.2,170,525,,,"{""Base"":""Large Water Base"",""Size"":""2.8m"",""Shape"":""Teardrop""}",20/09/2021,N/A,TEA-470-559-562-613-EXPRESS,TEA-470-559-562-613-STANDARD,TEA-470-559-562-613-SAVER,N/A
Teardrop Flags,PRD-ADBSTYHI,1,0.2,Large Cross Base,2.1m,Teardrop,74.26,3,67.51,4,60.76,6,N/A,N/A,0,2.5,6.5,15,0.2,170,363,,,"{""Base"":""Large Cross Base"",""Size"":""2.1m"",""Shape"":""Teardrop""}",20/09/2021,N/A,TEA-515-603-605-617-EXPRESS,TEA-515-603-605-617-STANDARD,TEA-515-603-605-617-SAVER,N/A
Teardrop Flags,PRD-ADBSTYHI,3,0.2,Large Cross Base,2.1m,Teardrop,205,3,186.36,4,167.72,6,N/A,N/A,0,2.5,6.5,15,0.2,170,363,,,"{""Base"":""Large Cross Base"",""Size"":""2.1m"",""Shape"":""Teardrop""}",20/09/2021,N/A,TEA-515-603-605-617-EXPRESS,TEA-515-603-605-617-STANDARD,TEA-515-603-605-617-SAVER,N/A
Teardrop Flags,PRD-ADBSTYHI,5,0.2,Large Cross Base,2.1m,Teardrop,335.74,3,305.22,4,274.7,6,N/A,N/A,0,2.5,6.5,15,0.2,170,363,,,"{""Base"":""Large Cross Base"",""Size"":""2.1m"",""Shape"":""Teardrop""}",20/09/2021,N/A,TEA-515-603-605-617-EXPRESS,TEA-515-603-605-617-STANDARD,TEA-515-603-605-617-SAVER,N/A
Teardrop Flags,PRD-ADBSTYHI,10,0.2,Large Cross Base,2.1m,Teardrop,665.71,3,605.19,4,544.67,6,N/A,N/A,0,2.5,6.5,15,0.2,170,363,,,"{""Base"":""Large Cross Base"",""Size"":""2.1m"",""Shape"":""Teardrop""}",20/09/2021,N/A,TEA-515-603-605-617-EXPRESS,TEA-515-603-605-617-STANDARD,TEA-515-603-605-617-SAVER,N/A
Teardrop Flags,PRD-ADBSTYHI,20,0.2,Large Cross Base,2.1m,Teardrop,1191.14,3,1082.85,4,974.56,6,N/A,N/A,0,2.5,6.5,15,0.2,170,363,,,"{""Base"":""Large Cross Base"",""Size"":""2.1m"",""Shape"":""Teardrop""}",20/09/2021,N/A,TEA-515-603-605-617-EXPRESS,TEA-515-603-605-617-STANDARD,TEA-515-603-605-617-SAVER,N/A
Teardrop Flags,PRD-ADBSTYHI,50,0.2,Large Cross Base,2.1m,Teardrop,2993.27,3,2721.15,4,2449.04,6,N/A,N/A,0,2.5,6.5,15,0.2,170,363,,,"{""Base"":""Large Cross Base"",""Size"":""2.1m"",""Shape"":""Teardrop""}",20/09/2021,N/A,TEA-515-603-605-617-EXPRESS,TEA-515-603-605-617-STANDARD,TEA-515-603-605-617-SAVER,N/A
Teardrop Flags,PRD-ADBSTYHI,99,0.2,Large Cross Base,2.1m,Teardrop,5420.92,3,4928.11,4,4435.3,6,N/A,N/A,0,2.5,6.5,15,0.2,170,363,,,"{""Base"":""Large Cross Base"",""Size"":""2.1m"",""Shape"":""Teardrop""}",20/09/2021,N/A,TEA-515-603-605-617-EXPRESS,TEA-515-603-605-617-STANDARD,TEA-515-603-605-617-SAVER,N/A
Teardrop Flags,PRD-ADBSTYHI,1,0.2,Concrete Base,2.8m,Teardrop,123.26,3,112.05,4,100.84,6,N/A,N/A,0,2.5,6.5,15,0.2,170,525,,,"{""Base"":""Concrete Base"",""Size"":""2.8m"",""Shape"":""Teardrop""}",20/09/2021,N/A,TEA-661-472-618-509-EXPRESS,TEA-661-472-618-509-STANDARD,TEA-661-472-618-509-SAVER,N/A
Teardrop Flags,PRD-ADBSTYHI,3,0.2,Concrete Base,2.8m,Teardrop,365.85,3,332.59,4,299.33,6,N/A,N/A,0,2.5,6.5,15,0.2,170,525,,,"{""Base"":""Concrete Base"",""Size"":""2.8m"",""Shape"":""Teardrop""}",20/09/2021,N/A,TEA-661-472-618-509-EXPRESS,TEA-661-472-618-509-STANDARD,TEA-661-472-618-509-SAVER,N/A
Teardrop Flags,PRD-ADBSTYHI,5,0.2,Concrete Base,2.8m,Teardrop,610.29,3,554.81,4,499.33,6,N/A,N/A,0,2.5,6.5,15,0.2,170,525,,,"{""Base"":""Concrete Base"",""Size"":""2.8m"",""Shape"":""Teardrop""}",20/09/2021,N/A,TEA-661-472-618-509-EXPRESS,TEA-661-472-618-509-STANDARD,TEA-661-472-618-509-SAVER,N/A
Teardrop Flags,PRD-ADBSTYHI,10,0.2,Concrete Base,2.8m,Teardrop,1223.93,3,1112.66,4,1001.39,6,N/A,N/A,0,2.5,6.5,15,0.2,170,525,,,"{""Base"":""Concrete Base"",""Size"":""2.8m"",""Shape"":""Teardrop""}",20/09/2021,N/A,TEA-661-472-618-509-EXPRESS,TEA-661-472-618-509-STANDARD,TEA-661-472-618-509-SAVER,N/A
Teardrop Flags,PRD-ADBSTYHI,20,0.2,Concrete Base,2.8m,Teardrop,2361.79,3,2147.08,4,1932.37,6,N/A,N/A,0,2.5,6.5,15,0.2,170,525,,,"{""Base"":""Concrete Base"",""Size"":""2.8m"",""Shape"":""Teardrop""}",20/09/2021,N/A,TEA-661-472-618-509-EXPRESS,TEA-661-472-618-509-STANDARD,TEA-661-472-618-509-SAVER,N/A
Teardrop Flags,PRD-ADBSTYHI,50,0.2,Concrete Base,2.8m,Teardrop,5892.5,3,5356.82,4,4821.14,6,N/A,N/A,0,2.5,6.5,15,0.2,170,525,,,"{""Base"":""Concrete Base"",""Size"":""2.8m"",""Shape"":""Teardrop""}",20/09/2021,N/A,TEA-661-472-618-509-EXPRESS,TEA-661-472-618-509-STANDARD,TEA-661-472-618-509-SAVER,N/A
Teardrop Flags,PRD-ADBSTYHI,99,0.2,Concrete Base,2.8m,Teardrop,11222.34,3,10202.13,4,9181.92,6,N/A,N/A,0,2.5,6.5,15,0.2,170,525,,,"{""Base"":""Concrete Base"",""Size"":""2.8m"",""Shape"":""Teardrop""}",20/09/2021,N/A,TEA-661-472-618-509-EXPRESS,TEA-661-472-618-509-STANDARD,TEA-661-472-618-509-SAVER,N/A
Teardrop Flags,PRD-ADBSTYHI,1,0.2,Small Water Base,2.1m,Teardrop,71.16,3,64.69,4,58.22,6,N/A,N/A,0,2.5,6.5,15,0.2,170,363,,,"{""Base"":""Small Water Base"",""Size"":""2.1m"",""Shape"":""Teardrop""}",20/09/2021,N/A,TEA-654-564-506-669-EXPRESS,TEA-654-564-506-669-STANDARD,TEA-654-564-506-669-SAVER,N/A
Teardrop Flags,PRD-ADBSTYHI,3,0.2,Small Water Base,2.1m,Teardrop,195.7,3,177.91,4,160.12,6,N/A,N/A,0,2.5,6.5,15,0.2,170,363,,,"{""Base"":""Small Water Base"",""Size"":""2.1m"",""Shape"":""Teardrop""}",20/09/2021,N/A,TEA-654-564-506-669-EXPRESS,TEA-654-564-506-669-STANDARD,TEA-654-564-506-669-SAVER,N/A
Teardrop Flags,PRD-ADBSTYHI,5,0.2,Small Water Base,2.1m,Teardrop,320.24,3,291.13,4,262.02,6,N/A,N/A,0,2.5,6.5,15,0.2,170,363,,,"{""Base"":""Small Water Base"",""Size"":""2.1m"",""Shape"":""Teardrop""}",20/09/2021,N/A,TEA-654-564-506-669-EXPRESS,TEA-654-564-506-669-STANDARD,TEA-654-564-506-669-SAVER,N/A
Teardrop Flags,PRD-ADBSTYHI,10,0.2,Small Water Base,2.1m,Teardrop,634.37,3,576.7,4,519.03,6,N/A,N/A,0,2.5,6.5,15,0.2,170,363,,,"{""Base"":""Small Water Base"",""Size"":""2.1m"",""Shape"":""Teardrop""}",20/09/2021,N/A,TEA-654-564-506-669-EXPRESS,TEA-654-564-506-669-STANDARD,TEA-654-564-506-669-SAVER,N/A
Teardrop Flags,PRD-ADBSTYHI,20,0.2,Small Water Base,2.1m,Teardrop,1124.2,3,1022,4,919.8,6,N/A,N/A,0,2.5,6.5,15,0.2,170,363,,,"{""Base"":""Small Water Base"",""Size"":""2.1m"",""Shape"":""Teardrop""}",20/09/2021,N/A,TEA-654-564-506-669-EXPRESS,TEA-654-564-506-669-STANDARD,TEA-654-564-506-669-SAVER,N/A
Teardrop Flags,PRD-ADBSTYHI,50,0.2,Small Water Base,2.1m,Teardrop,2820.52,3,2564.11,4,2307.7,6,N/A,N/A,0,2.5,6.5,15,0.2,170,363,,,"{""Base"":""Small Water Base"",""Size"":""2.1m"",""Shape"":""Teardrop""}",20/09/2021,N/A,TEA-654-564-506-669-EXPRESS,TEA-654-564-506-669-STANDARD,TEA-654-564-506-669-SAVER,N/A
Teardrop Flags,PRD-ADBSTYHI,99,0.2,Small Water Base,2.1m,Teardrop,5096.07,3,4632.79,4,4169.51,6,N/A,N/A,0,2.5,6.5,15,0.2,170,363,,,"{""Base"":""Small Water Base"",""Size"":""2.1m"",""Shape"":""Teardrop""}",20/09/2021,N/A,TEA-654-564-506-669-EXPRESS,TEA-654-564-506-669-STANDARD,TEA-654-564-506-669-SAVER,N/A
Teardrop Flags,PRD-ADBSTYHI,1,0.2,Large Square Base,2.1m,Teardrop,103.62,3,94.2,4,84.78,6,N/A,N/A,0,2.5,6.5,15,0.2,170,363,,,"{""Base"":""Large Square Base"",""Size"":""2.1m"",""Shape"":""Teardrop""}",20/09/2021,N/A,TEA-601-563-656-477-EXPRESS,TEA-601-563-656-477-STANDARD,TEA-601-563-656-477-SAVER,N/A
Teardrop Flags,PRD-ADBSTYHI,3,0.2,Large Square Base,2.1m,Teardrop,300.52,3,273.2,4,245.88,6,N/A,N/A,0,2.5,6.5,15,0.2,170,363,,,"{""Base"":""Large Square Base"",""Size"":""2.1m"",""Shape"":""Teardrop""}",20/09/2021,N/A,TEA-601-563-656-477-EXPRESS,TEA-601-563-656-477-STANDARD,TEA-601-563-656-477-SAVER,N/A
Teardrop Flags,PRD-ADBSTYHI,5,0.2,Large Square Base,2.1m,Teardrop,500.16,3,454.69,4,409.22,6,N/A,N/A,0,2.5,6.5,15,0.2,170,363,,,"{""Base"":""Large Square Base"",""Size"":""2.1m"",""Shape"":""Teardrop""}",20/09/2021,N/A,TEA-601-563-656-477-EXPRESS,TEA-601-563-656-477-STANDARD,TEA-601-563-656-477-SAVER,N/A
Teardrop Flags,PRD-ADBSTYHI,10,0.2,Large Square Base,2.1m,Teardrop,1001.42,3,910.38,4,819.34,6,N/A,N/A,0,2.5,6.5,15,0.2,170,363,,,"{""Base"":""Large Square Base"",""Size"":""2.1m"",""Shape"":""Teardrop""}",20/09/2021,N/A,TEA-601-563-656-477-EXPRESS,TEA-601-563-656-477-STANDARD,TEA-601-563-656-477-SAVER,N/A
Teardrop Flags,PRD-ADBSTYHI,20,0.2,Large Square Base,2.1m,Teardrop,1912.81,3,1738.92,4,1565.03,6,N/A,N/A,0,2.5,6.5,15,0.2,170,363,,,"{""Base"":""Large Square Base"",""Size"":""2.1m"",""Shape"":""Teardrop""}",20/09/2021,N/A,TEA-601-563-656-477-EXPRESS,TEA-601-563-656-477-STANDARD,TEA-601-563-656-477-SAVER,N/A
Teardrop Flags,PRD-ADBSTYHI,50,0.2,Large Square Base,2.1m,Teardrop,4858.09,3,4416.45,4,3974.8,6,N/A,N/A,0,2.5,6.5,15,0.2,170,363,,,"{""Base"":""Large Square Base"",""Size"":""2.1m"",""Shape"":""Teardrop""}",20/09/2021,N/A,TEA-601-563-656-477-EXPRESS,TEA-601-563-656-477-STANDARD,TEA-601-563-656-477-SAVER,N/A
Teardrop Flags,PRD-ADBSTYHI,99,0.2,Large Square Base,2.1m,Teardrop,9186.7,3,8351.55,4,7516.39,6,N/A,N/A,0,2.5,6.5,15,0.2,170,363,,,"{""Base"":""Large Square Base"",""Size"":""2.1m"",""Shape"":""Teardrop""}",20/09/2021,N/A,TEA-601-563-656-477-EXPRESS,TEA-601-563-656-477-STANDARD,TEA-601-563-656-477-SAVER,N/A
Teardrop Flags,PRD-ADBSTYHI,1,0.2,Large Water Base,2.1m,Teardrop,88.07,3,80.06,4,72.05,6,N/A,N/A,0,2.5,6.5,15,0.2,170,363,,,"{""Base"":""Large Water Base"",""Size"":""2.1m"",""Shape"":""Teardrop""}",20/09/2021,N/A,TEA-609-613-559-566-EXPRESS,TEA-609-613-559-566-STANDARD,TEA-609-613-559-566-SAVER,N/A
Teardrop Flags,PRD-ADBSTYHI,3,0.2,Large Water Base,2.1m,Teardrop,246.41,3,224.01,4,201.61,6,N/A,N/A,0,2.5,6.5,15,0.2,170,363,,,"{""Base"":""Large Water Base"",""Size"":""2.1m"",""Shape"":""Teardrop""}",20/09/2021,N/A,TEA-609-613-559-566-EXPRESS,TEA-609-613-559-566-STANDARD,TEA-609-613-559-566-SAVER,N/A
Teardrop Flags,PRD-ADBSTYHI,5,0.2,Large Water Base,2.1m,Teardrop,406.4,3,369.45,4,332.5,6,N/A,N/A,0,2.5,6.5,15,0.2,170,363,,,"{""Base"":""Large Water Base"",""Size"":""2.1m"",""Shape"":""Teardrop""}",20/09/2021,N/A,TEA-609-613-559-566-EXPRESS,TEA-609-613-559-566-STANDARD,TEA-609-613-559-566-SAVER,N/A
Teardrop Flags,PRD-ADBSTYHI,10,0.2,Large Water Base,2.1m,Teardrop,809.25,3,735.68,4,662.11,6,N/A,N/A,0,2.5,6.5,15,0.2,170,363,,,"{""Base"":""Large Water Base"",""Size"":""2.1m"",""Shape"":""Teardrop""}",20/09/2021,N/A,TEA-609-613-559-566-EXPRESS,TEA-609-613-559-566-STANDARD,TEA-609-613-559-566-SAVER,N/A
Teardrop Flags,PRD-ADBSTYHI,20,0.2,Large Water Base,2.1m,Teardrop,1498.6,3,1362.36,4,1226.12,6,N/A,N/A,0,2.5,6.5,15,0.2,170,363,,,"{""Base"":""Large Water Base"",""Size"":""2.1m"",""Shape"":""Teardrop""}",20/09/2021,N/A,TEA-609-613-559-566-EXPRESS,TEA-609-613-559-566-STANDARD,TEA-609-613-559-566-SAVER,N/A
Teardrop Flags,PRD-ADBSTYHI,50,0.2,Large Water Base,2.1m,Teardrop,3789.15,3,3444.68,4,3100.21,6,N/A,N/A,0,2.5,6.5,15,0.2,170,363,,,"{""Base"":""Large Water Base"",""Size"":""2.1m"",""Shape"":""Teardrop""}",20/09/2021,N/A,TEA-609-613-559-566-EXPRESS,TEA-609-613-559-566-STANDARD,TEA-609-613-559-566-SAVER,N/A
Teardrop Flags,PRD-ADBSTYHI,99,0.2,Large Water Base,2.1m,Teardrop,6921.76,3,6292.51,4,5663.26,6,N/A,N/A,0,2.5,6.5,15,0.2,170,363,,,"{""Base"":""Large Water Base"",""Size"":""2.1m"",""Shape"":""Teardrop""}",20/09/2021,N/A,TEA-609-613-559-566-EXPRESS,TEA-609-613-559-566-STANDARD,TEA-609-613-559-566-SAVER,N/A
Teardrop Flags,PRD-ADBSTYHI,1,0.2,Small Water Base,2.8m,Teardrop,87.7,3,79.73,4,71.76,6,N/A,N/A,0,2.5,6.5,15,0.2,170,525,,,"{""Base"":""Small Water Base"",""Size"":""2.8m"",""Shape"":""Teardrop""}",20/09/2021,N/A,TEA-612-468-599-562-EXPRESS,TEA-612-468-599-562-STANDARD,TEA-612-468-599-562-SAVER,N/A
Teardrop Flags,PRD-ADBSTYHI,3,0.2,Small Water Base,2.8m,Teardrop,245.33,3,223.03,4,200.73,6,N/A,N/A,0,2.5,6.5,15,0.2,170,525,,,"{""Base"":""Small Water Base"",""Size"":""2.8m"",""Shape"":""Teardrop""}",20/09/2021,N/A,TEA-612-468-599-562-EXPRESS,TEA-612-468-599-562-STANDARD,TEA-612-468-599-562-SAVER,N/A
Teardrop Flags,PRD-ADBSTYHI,5,0.2,Small Water Base,2.8m,Teardrop,402.95,3,366.32,4,329.69,6,N/A,N/A,0,2.5,6.5,15,0.2,170,525,,,"{""Base"":""Small Water Base"",""Size"":""2.8m"",""Shape"":""Teardrop""}",20/09/2021,N/A,TEA-612-468-599-562-EXPRESS,TEA-612-468-599-562-STANDARD,TEA-612-468-599-562-SAVER,N/A
Teardrop Flags,PRD-ADBSTYHI,10,0.2,Small Water Base,2.8m,Teardrop,800.15,3,727.41,4,654.67,6,N/A,N/A,0,2.5,6.5,15,0.2,170,525,,,"{""Base"":""Small Water Base"",""Size"":""2.8m"",""Shape"":""Teardrop""}",20/09/2021,N/A,TEA-612-468-599-562-EXPRESS,TEA-612-468-599-562-STANDARD,TEA-612-468-599-562-SAVER,N/A
Teardrop Flags,PRD-ADBSTYHI,20,0.2,Small Water Base,2.8m,Teardrop,1452.24,3,1320.22,4,1188.2,6,N/A,N/A,0,2.5,6.5,15,0.2,170,525,,,"{""Base"":""Small Water Base"",""Size"":""2.8m"",""Shape"":""Teardrop""}",20/09/2021,N/A,TEA-612-468-599-562-EXPRESS,TEA-612-468-599-562-STANDARD,TEA-612-468-599-562-SAVER,N/A
Teardrop Flags,PRD-ADBSTYHI,50,0.2,Small Water Base,2.8m,Teardrop,3543.34,3,3221.22,4,2899.1,6,N/A,N/A,0,2.5,6.5,15,0.2,170,525,,,"{""Base"":""Small Water Base"",""Size"":""2.8m"",""Shape"":""Teardrop""}",20/09/2021,N/A,TEA-612-468-599-562-EXPRESS,TEA-612-468-599-562-STANDARD,TEA-612-468-599-562-SAVER,N/A
Teardrop Flags,PRD-ADBSTYHI,99,0.2,Small Water Base,2.8m,Teardrop,6514.74,3,5922.49,4,5330.24,6,N/A,N/A,0,2.5,6.5,15,0.2,170,525,,,"{""Base"":""Small Water Base"",""Size"":""2.8m"",""Shape"":""Teardrop""}",20/09/2021,N/A,TEA-612-468-599-562-EXPRESS,TEA-612-468-599-562-STANDARD,TEA-612-468-599-562-SAVER,N/A
Teardrop Flags,PRD-ADBSTYHI,1,0.2,Drive on Car Base,2.8m,Teardrop,92.16,3,83.78,4,75.4,6,N/A,N/A,0,2.5,6.5,15,0.2,170,525,,,"{""Base"":""Drive on Car Base"",""Size"":""2.8m"",""Shape"":""Teardrop""}",20/09/2021,N/A,TEA-506-457-644-650-EXPRESS,TEA-506-457-644-650-STANDARD,TEA-506-457-644-650-SAVER,N/A
Teardrop Flags,PRD-ADBSTYHI,3,0.2,Drive on Car Base,2.8m,Teardrop,258.68,3,235.16,4,211.64,6,N/A,N/A,0,2.5,6.5,15,0.2,170,525,,,"{""Base"":""Drive on Car Base"",""Size"":""2.8m"",""Shape"":""Teardrop""}",20/09/2021,N/A,TEA-506-457-644-650-EXPRESS,TEA-506-457-644-650-STANDARD,TEA-506-457-644-650-SAVER,N/A
Teardrop Flags,PRD-ADBSTYHI,5,0.2,Drive on Car Base,2.8m,Teardrop,426.84,3,388.04,4,349.24,6,N/A,N/A,0,2.5,6.5,15,0.2,170,525,,,"{""Base"":""Drive on Car Base"",""Size"":""2.8m"",""Shape"":""Teardrop""}",20/09/2021,N/A,TEA-506-457-644-650-EXPRESS,TEA-506-457-644-650-STANDARD,TEA-506-457-644-650-SAVER,N/A
Teardrop Flags,PRD-ADBSTYHI,10,0.2,Drive on Car Base,2.8m,Teardrop,845.67,3,768.79,4,691.91,6,N/A,N/A,0,2.5,6.5,15,0.2,170,525,,,"{""Base"":""Drive on Car Base"",""Size"":""2.8m"",""Shape"":""Teardrop""}",20/09/2021,N/A,TEA-506-457-644-650-EXPRESS,TEA-506-457-644-650-STANDARD,TEA-506-457-644-650-SAVER,N/A
Teardrop Flags,PRD-ADBSTYHI,20,0.2,Drive on Car Base,2.8m,Teardrop,1549.57,3,1408.7,4,1267.83,6,N/A,N/A,0,2.5,6.5,15,0.2,170,525,,,"{""Base"":""Drive on Car Base"",""Size"":""2.8m"",""Shape"":""Teardrop""}",20/09/2021,N/A,TEA-506-457-644-650-EXPRESS,TEA-506-457-644-650-STANDARD,TEA-506-457-644-650-SAVER,N/A
Teardrop Flags,PRD-ADBSTYHI,50,0.2,Drive on Car Base,2.8m,Teardrop,3794.86,3,3449.87,4,3104.88,6,N/A,N/A,0,2.5,6.5,15,0.2,170,525,,,"{""Base"":""Drive on Car Base"",""Size"":""2.8m"",""Shape"":""Teardrop""}",20/09/2021,N/A,TEA-506-457-644-650-EXPRESS,TEA-506-457-644-650-STANDARD,TEA-506-457-644-650-SAVER,N/A
Teardrop Flags,PRD-ADBSTYHI,99,0.2,Drive on Car Base,2.8m,Teardrop,6987.75,3,6352.5,4,5717.25,6,N/A,N/A,0,2.5,6.5,15,0.2,170,525,,,"{""Base"":""Drive on Car Base"",""Size"":""2.8m"",""Shape"":""Teardrop""}",20/09/2021,N/A,TEA-506-457-644-650-EXPRESS,TEA-506-457-644-650-STANDARD,TEA-506-457-644-650-SAVER,N/A
Teardrop Flags,PRD-ADBSTYHI,1,0.2,Concrete Base,2.1m,Teardrop,106.72,3,97.02,4,87.32,6,N/A,N/A,0,2.5,6.5,15,0.2,170,363,,,"{""Base"":""Concrete Base"",""Size"":""2.1m"",""Shape"":""Teardrop""}",20/09/2021,N/A,TEA-521-570-519-606-EXPRESS,TEA-521-570-519-606-STANDARD,TEA-521-570-519-606-SAVER,N/A
Teardrop Flags,PRD-ADBSTYHI,3,0.2,Concrete Base,2.1m,Teardrop,316.11,3,287.37,4,258.63,6,N/A,N/A,0,2.5,6.5,15,0.2,170,363,,,"{""Base"":""Concrete Base"",""Size"":""2.1m"",""Shape"":""Teardrop""}",20/09/2021,N/A,TEA-521-570-519-606-EXPRESS,TEA-521-570-519-606-STANDARD,TEA-521-570-519-606-SAVER,N/A
Teardrop Flags,PRD-ADBSTYHI,5,0.2,Concrete Base,2.1m,Teardrop,527.36,3,479.42,4,431.48,6,N/A,N/A,0,2.5,6.5,15,0.2,170,363,,,"{""Base"":""Concrete Base"",""Size"":""2.1m"",""Shape"":""Teardrop""}",20/09/2021,N/A,TEA-521-570-519-606-EXPRESS,TEA-521-570-519-606-STANDARD,TEA-521-570-519-606-SAVER,N/A
Teardrop Flags,PRD-ADBSTYHI,10,0.2,Concrete Base,2.1m,Teardrop,1058.07,3,961.88,4,865.69,6,N/A,N/A,0,2.5,6.5,15,0.2,170,363,,,"{""Base"":""Concrete Base"",""Size"":""2.1m"",""Shape"":""Teardrop""}",20/09/2021,N/A,TEA-521-570-519-606-EXPRESS,TEA-521-570-519-606-STANDARD,TEA-521-570-519-606-SAVER,N/A
Teardrop Flags,PRD-ADBSTYHI,20,0.2,Concrete Base,2.1m,Teardrop,2033.68,3,1848.8,4,1663.92,6,N/A,N/A,0,2.5,6.5,15,0.2,170,363,,,"{""Base"":""Concrete Base"",""Size"":""2.1m"",""Shape"":""Teardrop""}",20/09/2021,N/A,TEA-521-570-519-606-EXPRESS,TEA-521-570-519-606-STANDARD,TEA-521-570-519-606-SAVER,N/A
Teardrop Flags,PRD-ADBSTYHI,50,0.2,Concrete Base,2.1m,Teardrop,5169.69,3,4699.72,4,4229.75,6,N/A,N/A,0,2.5,6.5,15,0.2,170,363,,,"{""Base"":""Concrete Base"",""Size"":""2.1m"",""Shape"":""Teardrop""}",20/09/2021,N/A,TEA-521-570-519-606-EXPRESS,TEA-521-570-519-606-STANDARD,TEA-521-570-519-606-SAVER,N/A
Teardrop Flags,PRD-ADBSTYHI,99,0.2,Concrete Base,2.1m,Teardrop,9803.66,3,8912.42,4,8021.18,6,N/A,N/A,0,2.5,6.5,15,0.2,170,363,,,"{""Base"":""Concrete Base"",""Size"":""2.1m"",""Shape"":""Teardrop""}",20/09/2021,N/A,TEA-521-570-519-606-EXPRESS,TEA-521-570-519-606-STANDARD,TEA-521-570-519-606-SAVER,N/A
Teardrop Flags,PRD-ADBSTYHI,1,0.2,Small Cross Base,2.1m,Teardrop,70.25,3,63.86,4,57.47,6,N/A,N/A,0,2.5,6.5,15,0.2,170,363,,,"{""Base"":""Small Cross Base"",""Size"":""2.1m"",""Shape"":""Teardrop""}",20/09/2021,N/A,TEA-511-707-557-660-EXPRESS,TEA-511-707-557-660-STANDARD,TEA-511-707-557-660-SAVER,N/A
Teardrop Flags,PRD-ADBSTYHI,3,0.2,Small Cross Base,2.1m,Teardrop,192.95,3,175.41,4,157.87,6,N/A,N/A,0,2.5,6.5,15,0.2,170,363,,,"{""Base"":""Small Cross Base"",""Size"":""2.1m"",""Shape"":""Teardrop""}",20/09/2021,N/A,TEA-511-707-557-660-EXPRESS,TEA-511-707-557-660-STANDARD,TEA-511-707-557-660-SAVER,N/A
Teardrop Flags,PRD-ADBSTYHI,5,0.2,Small Cross Base,2.1m,Teardrop,315.64,3,286.95,4,258.26,6,N/A,N/A,0,2.5,6.5,15,0.2,170,363,,,"{""Base"":""Small Cross Base"",""Size"":""2.1m"",""Shape"":""Teardrop""}",20/09/2021,N/A,TEA-511-707-557-660-EXPRESS,TEA-511-707-557-660-STANDARD,TEA-511-707-557-660-SAVER,N/A
Teardrop Flags,PRD-ADBSTYHI,10,0.2,Small Cross Base,2.1m,Teardrop,624.05,3,567.32,4,510.59,6,N/A,N/A,0,2.5,6.5,15,0.2,170,363,,,"{""Base"":""Small Cross Base"",""Size"":""2.1m"",""Shape"":""Teardrop""}",20/09/2021,N/A,TEA-511-707-557-660-EXPRESS,TEA-511-707-557-660-STANDARD,TEA-511-707-557-660-SAVER,N/A
Teardrop Flags,PRD-ADBSTYHI,20,0.2,Small Cross Base,2.1m,Teardrop,1100.72,3,1000.65,4,900.58,6,N/A,N/A,0,2.5,6.5,15,0.2,170,363,,,"{""Base"":""Small Cross Base"",""Size"":""2.1m"",""Shape"":""Teardrop""}",20/09/2021,N/A,TEA-511-707-557-660-EXPRESS,TEA-511-707-557-660-STANDARD,TEA-511-707-557-660-SAVER,N/A
Teardrop Flags,PRD-ADBSTYHI,50,0.2,Small Cross Base,2.1m,Teardrop,2758.54,3,2507.76,4,2256.98,6,N/A,N/A,0,2.5,6.5,15,0.2,170,363,,,"{""Base"":""Small Cross Base"",""Size"":""2.1m"",""Shape"":""Teardrop""}",20/09/2021,N/A,TEA-511-707-557-660-EXPRESS,TEA-511-707-557-660-STANDARD,TEA-511-707-557-660-SAVER,N/A
Teardrop Flags,PRD-ADBSTYHI,99,0.2,Small Cross Base,2.1m,Teardrop,4979.59,3,4526.9,4,4074.21,6,N/A,N/A,0,2.5,6.5,15,0.2,170,363,,,"{""Base"":""Small Cross Base"",""Size"":""2.1m"",""Shape"":""Teardrop""}",20/09/2021,N/A,TEA-511-707-557-660-EXPRESS,TEA-511-707-557-660-STANDARD,TEA-511-707-557-660-SAVER,N/A
Teardrop Flags,PRD-ADBSTYHI,1,0.2,Plastic Ground Spike,2.8m,Teardrop,94.69,3,86.08,4,77.47,6,N/A,N/A,0,2.5,6.5,15,0.2,170,525,,,"{""Base"":""Plastic Ground Spike"",""Size"":""2.8m"",""Shape"":""Teardrop""}",20/09/2021,N/A,TEA-509-405-558-509-EXPRESS,TEA-509-405-558-509-STANDARD,TEA-509-405-558-509-SAVER,N/A
Teardrop Flags,PRD-ADBSTYHI,3,0.2,Plastic Ground Spike,2.8m,Teardrop,266.29,3,242.08,4,217.87,6,N/A,N/A,0,2.5,6.5,15,0.2,170,525,,,"{""Base"":""Plastic Ground Spike"",""Size"":""2.8m"",""Shape"":""Teardrop""}",20/09/2021,N/A,TEA-509-405-558-509-EXPRESS,TEA-509-405-558-509-STANDARD,TEA-509-405-558-509-SAVER,N/A
Teardrop Flags,PRD-ADBSTYHI,5,0.2,Plastic Ground Spike,2.8m,Teardrop,437.89,3,398.08,4,358.27,6,N/A,N/A,0,2.5,6.5,15,0.2,170,525,,,"{""Base"":""Plastic Ground Spike"",""Size"":""2.8m"",""Shape"":""Teardrop""}",20/09/2021,N/A,TEA-509-405-558-509-EXPRESS,TEA-509-405-558-509-STANDARD,TEA-509-405-558-509-SAVER,N/A
Teardrop Flags,PRD-ADBSTYHI,10,0.2,Plastic Ground Spike,2.8m,Teardrop,868.54,3,789.58,4,710.62,6,N/A,N/A,0,2.5,6.5,15,0.2,170,525,,,"{""Base"":""Plastic Ground Spike"",""Size"":""2.8m"",""Shape"":""Teardrop""}",20/09/2021,N/A,TEA-509-405-558-509-EXPRESS,TEA-509-405-558-509-STANDARD,TEA-509-405-558-509-SAVER,N/A
Teardrop Flags,PRD-ADBSTYHI,20,0.2,Plastic Ground Spike,2.8m,Teardrop,1596.58,3,1451.44,4,1306.3,6,N/A,N/A,0,2.5,6.5,15,0.2,170,525,,,"{""Base"":""Plastic Ground Spike"",""Size"":""2.8m"",""Shape"":""Teardrop""}",20/09/2021,N/A,TEA-509-405-558-509-EXPRESS,TEA-509-405-558-509-STANDARD,TEA-509-405-558-509-SAVER,N/A
Teardrop Flags,PRD-ADBSTYHI,50,0.2,Plastic Ground Spike,2.8m,Teardrop,3913.87,3,3558.06,4,3202.25,6,N/A,N/A,0,2.5,6.5,15,0.2,170,525,,,"{""Base"":""Plastic Ground Spike"",""Size"":""2.8m"",""Shape"":""Teardrop""}",20/09/2021,N/A,TEA-509-405-558-509-EXPRESS,TEA-509-405-558-509-STANDARD,TEA-509-405-558-509-SAVER,N/A
Teardrop Flags,PRD-ADBSTYHI,99,0.2,Plastic Ground Spike,2.8m,Teardrop,7210.9,3,6555.36,4,5899.82,6,N/A,N/A,0,2.5,6.5,15,0.2,170,525,,,"{""Base"":""Plastic Ground Spike"",""Size"":""2.8m"",""Shape"":""Teardrop""}",20/09/2021,N/A,TEA-509-405-558-509-EXPRESS,TEA-509-405-558-509-STANDARD,TEA-509-405-558-509-SAVER,N/A
Teardrop Flags,PRD-ADBSTYHI,1,0.2,Budget Ground Spike,2.8m,Teardrop,82.59,3,75.08,4,67.57,6,N/A,N/A,0,2.5,6.5,15,0.2,170,525,,,"{""Base"":""Budget Ground Spike"",""Size"":""2.8m"",""Shape"":""Teardrop""}",20/09/2021,N/A,TEA-462-552-610-577-EXPRESS,TEA-462-552-610-577-STANDARD,TEA-462-552-610-577-SAVER,N/A
Teardrop Flags,PRD-ADBSTYHI,3,0.2,Budget Ground Spike,2.8m,Teardrop,229.97,3,209.06,4,188.15,6,N/A,N/A,0,2.5,6.5,15,0.2,170,525,,,"{""Base"":""Budget Ground Spike"",""Size"":""2.8m"",""Shape"":""Teardrop""}",20/09/2021,N/A,TEA-462-552-610-577-EXPRESS,TEA-462-552-610-577-STANDARD,TEA-462-552-610-577-SAVER,N/A
Teardrop Flags,PRD-ADBSTYHI,5,0.2,Budget Ground Spike,2.8m,Teardrop,377.34,3,343.04,4,308.74,6,N/A,N/A,0,2.5,6.5,15,0.2,170,525,,,"{""Base"":""Budget Ground Spike"",""Size"":""2.8m"",""Shape"":""Teardrop""}",20/09/2021,N/A,TEA-462-552-610-577-EXPRESS,TEA-462-552-610-577-STANDARD,TEA-462-552-610-577-SAVER,N/A
Teardrop Flags,PRD-ADBSTYHI,10,0.2,Budget Ground Spike,2.8m,Teardrop,747.45,3,679.5,4,611.55,6,N/A,N/A,0,2.5,6.5,15,0.2,170,525,,,"{""Base"":""Budget Ground Spike"",""Size"":""2.8m"",""Shape"":""Teardrop""}",20/09/2021,N/A,TEA-462-552-610-577-EXPRESS,TEA-462-552-610-577-STANDARD,TEA-462-552-610-577-SAVER,N/A
Teardrop Flags,PRD-ADBSTYHI,20,0.2,Budget Ground Spike,2.8m,Teardrop,1338.99,3,1217.26,4,1095.53,6,N/A,N/A,0,2.5,6.5,15,0.2,170,525,,,"{""Base"":""Budget Ground Spike"",""Size"":""2.8m"",""Shape"":""Teardrop""}",20/09/2021,N/A,TEA-462-552-610-577-EXPRESS,TEA-462-552-610-577-STANDARD,TEA-462-552-610-577-SAVER,N/A
Teardrop Flags,PRD-ADBSTYHI,50,0.2,Budget Ground Spike,2.8m,Teardrop,3250.14,3,2954.67,4,2659.2,6,N/A,N/A,0,2.5,6.5,15,0.2,170,525,,,"{""Base"":""Budget Ground Spike"",""Size"":""2.8m"",""Shape"":""Teardrop""}",20/09/2021,N/A,TEA-462-552-610-577-EXPRESS,TEA-462-552-610-577-STANDARD,TEA-462-552-610-577-SAVER,N/A
Teardrop Flags,PRD-ADBSTYHI,99,0.2,Budget Ground Spike,2.8m,Teardrop,5962.33,3,5420.3,4,4878.27,6,N/A,N/A,0,2.5,6.5,15,0.2,170,525,,,"{""Base"":""Budget Ground Spike"",""Size"":""2.8m"",""Shape"":""Teardrop""}",20/09/2021,N/A,TEA-462-552-610-577-EXPRESS,TEA-462-552-610-577-STANDARD,TEA-462-552-610-577-SAVER,N/A
Teardrop Flags,PRD-ADBSTYHI,1,0.2,None,2.8m,Teardrop,77.47,3,70.43,4,63.39,6,N/A,N/A,0,2.5,6.5,15,0.2,170,525,,,"{""Base"":""None"",""Size"":""2.8m"",""Shape"":""Teardrop""}",20/09/2021,N/A,TEA-550-657-516-655-EXPRESS,TEA-550-657-516-655-STANDARD,TEA-550-657-516-655-SAVER,N/A
Teardrop Flags,PRD-ADBSTYHI,3,0.2,None,2.8m,Teardrop,214.64,3,195.13,4,175.62,6,N/A,N/A,0,2.5,6.5,15,0.2,170,525,,,"{""Base"":""None"",""Size"":""2.8m"",""Shape"":""Teardrop""}",20/09/2021,N/A,TEA-550-657-516-655-EXPRESS,TEA-550-657-516-655-STANDARD,TEA-550-657-516-655-SAVER,N/A
Teardrop Flags,PRD-ADBSTYHI,5,0.2,None,2.8m,Teardrop,351.8,3,319.82,4,287.84,6,N/A,N/A,0,2.5,6.5,15,0.2,170,525,,,"{""Base"":""None"",""Size"":""2.8m"",""Shape"":""Teardrop""}",20/09/2021,N/A,TEA-550-657-516-655-EXPRESS,TEA-550-657-516-655-STANDARD,TEA-550-657-516-655-SAVER,N/A
Teardrop Flags,PRD-ADBSTYHI,10,0.2,None,2.8m,Teardrop,694.72,3,631.56,4,568.4,6,N/A,N/A,0,2.5,6.5,15,0.2,170,525,,,"{""Base"":""None"",""Size"":""2.8m"",""Shape"":""Teardrop""}",20/09/2021,N/A,TEA-550-657-516-655-EXPRESS,TEA-550-657-516-655-STANDARD,TEA-550-657-516-655-SAVER,N/A
Teardrop Flags,PRD-ADBSTYHI,20,0.2,None,2.8m,Teardrop,1222.66,3,1111.51,4,1000.36,6,N/A,N/A,0,2.5,6.5,15,0.2,170,525,,,"{""Base"":""None"",""Size"":""2.8m"",""Shape"":""Teardrop""}",20/09/2021,N/A,TEA-550-657-516-655-EXPRESS,TEA-550-657-516-655-STANDARD,TEA-550-657-516-655-SAVER,N/A
Teardrop Flags,PRD-ADBSTYHI,50,0.2,None,2.8m,Teardrop,2947.48,3,2679.53,4,2411.58,6,N/A,N/A,0,2.5,6.5,15,0.2,170,525,,,"{""Base"":""None"",""Size"":""2.8m"",""Shape"":""Teardrop""}",20/09/2021,N/A,TEA-550-657-516-655-EXPRESS,TEA-550-657-516-655-STANDARD,TEA-550-657-516-655-SAVER,N/A
Teardrop Flags,PRD-ADBSTYHI,99,0.2,None,2.8m,Teardrop,5388.76,3,4898.87,4,4408.98,6,N/A,N/A,0,2.5,6.5,15,0.2,170,525,,,"{""Base"":""None"",""Size"":""2.8m"",""Shape"":""Teardrop""}",20/09/2021,N/A,TEA-550-657-516-655-EXPRESS,TEA-550-657-516-655-STANDARD,TEA-550-657-516-655-SAVER,N/A
Teardrop Flags,PRD-ADBSTYHI,1,0.2,Standard Ground Spike,2.8m,Teardrop,88.93,3,80.85,4,72.76,6,N/A,N/A,0,2.5,6.5,15,0.2,170,525,,,"{""Base"":""Standard Ground Spike"",""Size"":""2.8m"",""Shape"":""Teardrop""}",20/09/2021,N/A,TEA-415-623-651-463-EXPRESS,TEA-415-623-651-463-STANDARD,TEA-415-623-651-463-SAVER,N/A
Teardrop Flags,PRD-ADBSTYHI,3,0.2,Standard Ground Spike,2.8m,Teardrop,249.03,3,226.39,4,203.75,6,N/A,N/A,0,2.5,6.5,15,0.2,170,525,,,"{""Base"":""Standard Ground Spike"",""Size"":""2.8m"",""Shape"":""Teardrop""}",20/09/2021,N/A,TEA-415-623-651-463-EXPRESS,TEA-415-623-651-463-STANDARD,TEA-415-623-651-463-SAVER,N/A
Teardrop Flags,PRD-ADBSTYHI,5,0.2,Standard Ground Spike,2.8m,Teardrop,409.12,3,371.93,4,334.74,6,N/A,N/A,0,2.5,6.5,15,0.2,170,525,,,"{""Base"":""Standard Ground Spike"",""Size"":""2.8m"",""Shape"":""Teardrop""}",20/09/2021,N/A,TEA-415-623-651-463-EXPRESS,TEA-415-623-651-463-STANDARD,TEA-415-623-651-463-SAVER,N/A
Teardrop Flags,PRD-ADBSTYHI,10,0.2,Standard Ground Spike,2.8m,Teardrop,811.8,3,738,4,664.2,6,N/A,N/A,0,2.5,6.5,15,0.2,170,525,,,"{""Base"":""Standard Ground Spike"",""Size"":""2.8m"",""Shape"":""Teardrop""}",20/09/2021,N/A,TEA-415-623-651-463-EXPRESS,TEA-415-623-651-463-STANDARD,TEA-415-623-651-463-SAVER,N/A
Teardrop Flags,PRD-ADBSTYHI,20,0.2,Standard Ground Spike,2.8m,Teardrop,1476.94,3,1342.67,4,1208.4,6,N/A,N/A,0,2.5,6.5,15,0.2,170,525,,,"{""Base"":""Standard Ground Spike"",""Size"":""2.8m"",""Shape"":""Teardrop""}",20/09/2021,N/A,TEA-415-623-651-463-EXPRESS,TEA-415-623-651-463-STANDARD,TEA-415-623-651-463-SAVER,N/A
Teardrop Flags,PRD-ADBSTYHI,50,0.2,Standard Ground Spike,2.8m,Teardrop,3606.61,3,3278.74,4,2950.87,6,N/A,N/A,0,2.5,6.5,15,0.2,170,525,,,"{""Base"":""Standard Ground Spike"",""Size"":""2.8m"",""Shape"":""Teardrop""}",20/09/2021,N/A,TEA-415-623-651-463-EXPRESS,TEA-415-623-651-463-STANDARD,TEA-415-623-651-463-SAVER,N/A
Teardrop Flags,PRD-ADBSTYHI,99,0.2,Standard Ground Spike,2.8m,Teardrop,6633.77,3,6030.7,4,5427.63,6,N/A,N/A,0,2.5,6.5,15,0.2,170,525,,,"{""Base"":""Standard Ground Spike"",""Size"":""2.8m"",""Shape"":""Teardrop""}",20/09/2021,N/A,TEA-415-623-651-463-EXPRESS,TEA-415-623-651-463-STANDARD,TEA-415-623-651-463-SAVER,N/A
Teardrop Flags,PRD-ADBSTYHI,1,0.2,Small Cross Base,2.8m,Teardrop,86.79,3,78.9,4,71.01,6,N/A,N/A,0,2.5,6.5,15,0.2,170,525,,,"{""Base"":""Small Cross Base"",""Size"":""2.8m"",""Shape"":""Teardrop""}",20/09/2021,N/A,TEA-617-610-661-570-EXPRESS,TEA-617-610-661-570-STANDARD,TEA-617-610-661-570-SAVER,N/A
Teardrop Flags,PRD-ADBSTYHI,3,0.2,Small Cross Base,2.8m,Teardrop,242.57,3,220.52,4,198.47,6,N/A,N/A,0,2.5,6.5,15,0.2,170,525,,,"{""Base"":""Small Cross Base"",""Size"":""2.8m"",""Shape"":""Teardrop""}",20/09/2021,N/A,TEA-617-610-661-570-EXPRESS,TEA-617-610-661-570-STANDARD,TEA-617-610-661-570-SAVER,N/A
Teardrop Flags,PRD-ADBSTYHI,5,0.2,Small Cross Base,2.8m,Teardrop,398.36,3,362.15,4,325.94,6,N/A,N/A,0,2.5,6.5,15,0.2,170,525,,,"{""Base"":""Small Cross Base"",""Size"":""2.8m"",""Shape"":""Teardrop""}",20/09/2021,N/A,TEA-617-610-661-570-EXPRESS,TEA-617-610-661-570-STANDARD,TEA-617-610-661-570-SAVER,N/A
Teardrop Flags,PRD-ADBSTYHI,10,0.2,Small Cross Base,2.8m,Teardrop,789.49,3,717.72,4,645.95,6,N/A,N/A,0,2.5,6.5,15,0.2,170,525,,,"{""Base"":""Small Cross Base"",""Size"":""2.8m"",""Shape"":""Teardrop""}",20/09/2021,N/A,TEA-617-610-661-570-EXPRESS,TEA-617-610-661-570-STANDARD,TEA-617-610-661-570-SAVER,N/A
Teardrop Flags,PRD-ADBSTYHI,20,0.2,Small Cross Base,2.8m,Teardrop,1428.67,3,1298.79,4,1168.91,6,N/A,N/A,0,2.5,6.5,15,0.2,170,525,,,"{""Base"":""Small Cross Base"",""Size"":""2.8m"",""Shape"":""Teardrop""}",20/09/2021,N/A,TEA-617-610-661-570-EXPRESS,TEA-617-610-661-570-STANDARD,TEA-617-610-661-570-SAVER,N/A
Teardrop Flags,PRD-ADBSTYHI,50,0.2,Small Cross Base,2.8m,Teardrop,3481.36,3,3164.87,4,2848.38,6,N/A,N/A,0,2.5,6.5,15,0.2,170,525,,,"{""Base"":""Small Cross Base"",""Size"":""2.8m"",""Shape"":""Teardrop""}",20/09/2021,N/A,TEA-617-610-661-570-EXPRESS,TEA-617-610-661-570-STANDARD,TEA-617-610-661-570-SAVER,N/A
Teardrop Flags,PRD-ADBSTYHI,99,0.2,Small Cross Base,2.8m,Teardrop,6398.26,3,5816.6,4,5234.94,6,N/A,N/A,0,2.5,6.5,15,0.2,170,525,,,"{""Base"":""Small Cross Base"",""Size"":""2.8m"",""Shape"":""Teardrop""}",20/09/2021,N/A,TEA-617-610-661-570-EXPRESS,TEA-617-610-661-570-STANDARD,TEA-617-610-661-570-SAVER,N/A
Teardrop Flags,PRD-ADBSTYHI,1,0.2,Small Square Base,2.8m,Teardrop,106.74,3,97.04,4,87.34,6,N/A,N/A,0,2.5,6.5,15,0.2,170,525,,,"{""Base"":""Small Square Base"",""Size"":""2.8m"",""Shape"":""Teardrop""}",20/09/2021,N/A,TEA-416-563-564-565-EXPRESS,TEA-416-563-564-565-STANDARD,TEA-416-563-564-565-SAVER,N/A
Teardrop Flags,PRD-ADBSTYHI,3,0.2,Small Square Base,2.8m,Teardrop,304.83,3,277.12,4,249.41,6,N/A,N/A,0,2.5,6.5,15,0.2,170,525,,,"{""Base"":""Small Square Base"",""Size"":""2.8m"",""Shape"":""Teardrop""}",20/09/2021,N/A,TEA-416-563-564-565-EXPRESS,TEA-416-563-564-565-STANDARD,TEA-416-563-564-565-SAVER,N/A
Teardrop Flags,PRD-ADBSTYHI,5,0.2,Small Square Base,2.8m,Teardrop,506.66,3,460.6,4,414.54,6,N/A,N/A,0,2.5,6.5,15,0.2,170,525,,,"{""Base"":""Small Square Base"",""Size"":""2.8m"",""Shape"":""Teardrop""}",20/09/2021,N/A,TEA-416-563-564-565-EXPRESS,TEA-416-563-564-565-STANDARD,TEA-416-563-564-565-SAVER,N/A
Teardrop Flags,PRD-ADBSTYHI,10,0.2,Small Square Base,2.8m,Teardrop,1012.66,3,920.6,4,828.54,6,N/A,N/A,0,2.5,6.5,15,0.2,170,525,,,"{""Base"":""Small Square Base"",""Size"":""2.8m"",""Shape"":""Teardrop""}",20/09/2021,N/A,TEA-416-563-564-565-EXPRESS,TEA-416-563-564-565-STANDARD,TEA-416-563-564-565-SAVER,N/A
Teardrop Flags,PRD-ADBSTYHI,20,0.2,Small Square Base,2.8m,Teardrop,1910.22,3,1736.56,4,1562.9,6,N/A,N/A,0,2.5,6.5,15,0.2,170,525,,,"{""Base"":""Small Square Base"",""Size"":""2.8m"",""Shape"":""Teardrop""}",20/09/2021,N/A,TEA-416-563-564-565-EXPRESS,TEA-416-563-564-565-STANDARD,TEA-416-563-564-565-SAVER,N/A
Teardrop Flags,PRD-ADBSTYHI,50,0.2,Small Square Base,2.8m,Teardrop,4728.27,3,4298.43,4,3868.59,6,N/A,N/A,0,2.5,6.5,15,0.2,170,525,,,"{""Base"":""Small Square Base"",""Size"":""2.8m"",""Shape"":""Teardrop""}",20/09/2021,N/A,TEA-416-563-564-565-EXPRESS,TEA-416-563-564-565-STANDARD,TEA-416-563-564-565-SAVER,N/A
Teardrop Flags,PRD-ADBSTYHI,99,0.2,Small Square Base,2.8m,Teardrop,8757.79,3,7961.63,4,7165.47,6,N/A,N/A,0,2.5,6.5,15,0.2,170,525,,,"{""Base"":""Small Square Base"",""Size"":""2.8m"",""Shape"":""Teardrop""}",20/09/2021,N/A,TEA-416-563-564-565-EXPRESS,TEA-416-563-564-565-STANDARD,TEA-416-563-564-565-SAVER,N/A
Teardrop Flags,PRD-ADBSTYHI,1,0.2,Small Square Base,2.1m,Teardrop,90.2,3,82,4,73.8,6,N/A,N/A,0,2.5,6.5,15,0.2,170,363,,,"{""Base"":""Small Square Base"",""Size"":""2.1m"",""Shape"":""Teardrop""}",20/09/2021,N/A,TEA-571-510-554-563-EXPRESS,TEA-571-510-554-563-STANDARD,TEA-571-510-554-563-SAVER,N/A
Teardrop Flags,PRD-ADBSTYHI,3,0.2,Small Square Base,2.1m,Teardrop,255.1,3,231.91,4,208.72,6,N/A,N/A,0,2.5,6.5,15,0.2,170,363,,,"{""Base"":""Small Square Base"",""Size"":""2.1m"",""Shape"":""Teardrop""}",20/09/2021,N/A,TEA-571-510-554-563-EXPRESS,TEA-571-510-554-563-STANDARD,TEA-571-510-554-563-SAVER,N/A
Teardrop Flags,PRD-ADBSTYHI,5,0.2,Small Square Base,2.1m,Teardrop,423.78,3,385.25,4,346.72,6,N/A,N/A,0,2.5,6.5,15,0.2,170,363,,,"{""Base"":""Small Square Base"",""Size"":""2.1m"",""Shape"":""Teardrop""}",20/09/2021,N/A,TEA-571-510-554-563-EXPRESS,TEA-571-510-554-563-STANDARD,TEA-571-510-554-563-SAVER,N/A
Teardrop Flags,PRD-ADBSTYHI,10,0.2,Small Square Base,2.1m,Teardrop,846.84,3,769.85,4,692.86,6,N/A,N/A,0,2.5,6.5,15,0.2,170,363,,,"{""Base"":""Small Square Base"",""Size"":""2.1m"",""Shape"":""Teardrop""}",20/09/2021,N/A,TEA-571-510-554-563-EXPRESS,TEA-571-510-554-563-STANDARD,TEA-571-510-554-563-SAVER,N/A
Teardrop Flags,PRD-ADBSTYHI,20,0.2,Small Square Base,2.1m,Teardrop,1582.1,3,1438.27,4,1294.44,6,N/A,N/A,0,2.5,6.5,15,0.2,170,363,,,"{""Base"":""Small Square Base"",""Size"":""2.1m"",""Shape"":""Teardrop""}",20/09/2021,N/A,TEA-571-510-554-563-EXPRESS,TEA-571-510-554-563-STANDARD,TEA-571-510-554-563-SAVER,N/A
Teardrop Flags,PRD-ADBSTYHI,50,0.2,Small Square Base,2.1m,Teardrop,4005.45,3,3641.32,4,3277.19,6,N/A,N/A,0,2.5,6.5,15,0.2,170,363,,,"{""Base"":""Small Square Base"",""Size"":""2.1m"",""Shape"":""Teardrop""}",20/09/2021,N/A,TEA-571-510-554-563-EXPRESS,TEA-571-510-554-563-STANDARD,TEA-571-510-554-563-SAVER,N/A
Teardrop Flags,PRD-ADBSTYHI,99,0.2,Small Square Base,2.1m,Teardrop,7339.11,3,6671.92,4,6004.73,6,N/A,N/A,0,2.5,6.5,15,0.2,170,363,,,"{""Base"":""Small Square Base"",""Size"":""2.1m"",""Shape"":""Teardrop""}",20/09/2021,N/A,TEA-571-510-554-563-EXPRESS,TEA-571-510-554-563-STANDARD,TEA-571-510-554-563-SAVER,N/A
Teardrop Flags,PRD-ADBSTYHI,1,0.2,Large Cross Base,2.8m,Teardrop,90.8,3,82.55,4,74.3,6,N/A,N/A,0,2.5,6.5,15,0.2,170,525,,,"{""Base"":""Large Cross Base"",""Size"":""2.8m"",""Shape"":""Teardrop""}",20/09/2021,N/A,TEA-555-617-620-703-EXPRESS,TEA-555-617-620-703-STANDARD,TEA-555-617-620-703-SAVER,N/A
Teardrop Flags,PRD-ADBSTYHI,3,0.2,Large Cross Base,2.8m,Teardrop,254.63,3,231.48,4,208.33,6,N/A,N/A,0,2.5,6.5,15,0.2,170,525,,,"{""Base"":""Large Cross Base"",""Size"":""2.8m"",""Shape"":""Teardrop""}",20/09/2021,N/A,TEA-555-617-620-703-EXPRESS,TEA-555-617-620-703-STANDARD,TEA-555-617-620-703-SAVER,N/A
Teardrop Flags,PRD-ADBSTYHI,5,0.2,Large Cross Base,2.8m,Teardrop,418.45,3,380.41,4,342.37,6,N/A,N/A,0,2.5,6.5,15,0.2,170,525,,,"{""Base"":""Large Cross Base"",""Size"":""2.8m"",""Shape"":""Teardrop""}",20/09/2021,N/A,TEA-555-617-620-703-EXPRESS,TEA-555-617-620-703-STANDARD,TEA-555-617-620-703-SAVER,N/A
Teardrop Flags,PRD-ADBSTYHI,10,0.2,Large Cross Base,2.8m,Teardrop,831.49,3,755.9,4,680.31,6,N/A,N/A,0,2.5,6.5,15,0.2,170,525,,,"{""Base"":""Large Cross Base"",""Size"":""2.8m"",""Shape"":""Teardrop""}",20/09/2021,N/A,TEA-555-617-620-703-EXPRESS,TEA-555-617-620-703-STANDARD,TEA-555-617-620-703-SAVER,N/A
Teardrop Flags,PRD-ADBSTYHI,20,0.2,Large Cross Base,2.8m,Teardrop,1519.17,3,1381.06,4,1242.95,6,N/A,N/A,0,2.5,6.5,15,0.2,170,525,,,"{""Base"":""Large Cross Base"",""Size"":""2.8m"",""Shape"":""Teardrop""}",20/09/2021,N/A,TEA-555-617-620-703-EXPRESS,TEA-555-617-620-703-STANDARD,TEA-555-617-620-703-SAVER,N/A
Teardrop Flags,PRD-ADBSTYHI,50,0.2,Large Cross Base,2.8m,Teardrop,3716.09,3,3378.26,4,3040.43,6,N/A,N/A,0,2.5,6.5,15,0.2,170,525,,,"{""Base"":""Large Cross Base"",""Size"":""2.8m"",""Shape"":""Teardrop""}",20/09/2021,N/A,TEA-555-617-620-703-EXPRESS,TEA-555-617-620-703-STANDARD,TEA-555-617-620-703-SAVER,N/A
Teardrop Flags,PRD-ADBSTYHI,99,0.2,Large Cross Base,2.8m,Teardrop,6839.6,3,6217.82,4,5596.04,6,N/A,N/A,0,2.5,6.5,15,0.2,170,525,,,"{""Base"":""Large Cross Base"",""Size"":""2.8m"",""Shape"":""Teardrop""}",20/09/2021,N/A,TEA-555-617-620-703-EXPRESS,TEA-555-617-620-703-STANDARD,TEA-555-617-620-703-SAVER,N/A
