ProductName,ProductID,Quantity,Tax,Paper Type,PriceExpress,Production Days Express,PriceStandard,Production Days Standard,PriceSaver,Production Days Saver,PriceSameday,Production Days Sameday,Price Just Print,Price File Check,Price File Check with Proofing,Price File Assist,Artwork Tax,Flat Width (mm),Flat Height (mm),Finished Width (mm),Finished Height (mm),productionDataJSON,updatedAt,Preflight,Express Sku,Standard Sku,Saver Sku,Same Day Sku
Triplex BC,PRD-AEPKQYBO,500,0.2,862gsm Triplex Silk Black Core,109.43,1,99.48,2,89.53,4,N/A,N/A,0,2.5,6.5,15,0.2,85,55,85,55,"{""Paper Type"":""862gsm Triplex Silk Black Core""}",20/09/2021,Available,TRI-568-516-607-466-EXPRESS,TRI-568-516-607-466-STANDARD,TRI-568-516-607-466-SAVER,N/A
Triplex BC,PRD-AEPKQYBO,500,0.2,862gsm Triplex Silk Blue Core,109.43,1,99.48,2,89.53,4,N/A,N/A,0,2.5,6.5,15,0.2,85,55,85,55,"{""Paper Type"":""862gsm Triplex Silk Blue Core""}",20/09/2021,Available,TRI-517-612-455-570-EXPRESS,TRI-517-612-455-570-STANDARD,TRI-517-612-455-570-SAVER,N/A
Triplex BC,PRD-AEPKQYBO,500,0.2,920gsm Triplex Uncoated Black Core,121.58,1,110.53,2,99.48,4,N/A,N/A,0,2.5,6.5,15,0.2,85,55,85,55,"{""Paper Type"":""920gsm Triplex Uncoated Black Core""}",20/09/2021,Available,TRI-564-427-609-461-EXPRESS,TRI-564-427-609-461-STANDARD,TRI-564-427-609-461-SAVER,N/A
Triplex BC,PRD-AEPKQYBO,500,0.2,920gsm Triplex Uncoated Blue Core,121.58,1,110.53,2,99.48,4,N/A,N/A,0,2.5,6.5,15,0.2,85,55,85,55,"{""Paper Type"":""920gsm Triplex Uncoated Blue Core""}",20/09/2021,Available,TRI-559-607-518-598-EXPRESS,TRI-559-607-518-598-STANDARD,TRI-559-607-518-598-SAVER,N/A
